kc_id,test_events,ECE,dataset,split,fold,train_freq,log_train_freq,n_train_learners,n_train_items,train_correct_rate,difficulty_proxy,median_sequence_position_train
0,1624,0.23312406131467672,xes3g5m,learner_based,0,5381,8.590815331286851,3402,16,0.7219847611968035,0.27801523880319645,0.2913752913752914
1,1660,0.17742497162121004,xes3g5m,learner_based,0,5941,8.689801056022553,5483,11,0.7761319643157718,0.2238680356842282,0.7578947368421053
10,8033,0.12573557698609372,xes3g5m,learner_based,0,27284,10.214092379620332,9224,47,0.7381249083712066,0.2618750916287934,0.3536604688009693
100,608,0.11927572764800151,xes3g5m,learner_based,0,2031,7.616775808698373,1102,18,0.7552929591334318,0.24470704086656825,0.7873417721518987
101,2022,0.15305684754969487,xes3g5m,learner_based,0,7186,8.880029117468442,3511,15,0.7115224046757584,0.28847759532424155,0.7905271872663178
102,6854,0.03965758384388611,xes3g5m,learner_based,0,24291,10.097902357017466,4213,39,0.8146226997653452,0.18537730023465482,0.6286701208981001
103,489,0.03979108834888502,xes3g5m,learner_based,0,1778,7.483806687665835,1081,12,0.7671541057367829,0.2328458942632171,0.7554294228625332
104,8837,0.08292710452157276,xes3g5m,learner_based,0,32065,10.375551557748782,4139,51,0.8196475908311243,0.18035240916887574,0.7914572864321608
105,677,0.10950748492258414,xes3g5m,learner_based,0,2405,7.785720896534624,1728,9,0.7226611226611227,0.2773388773388773,0.8076923076923077
106,8156,0.07707144835664215,xes3g5m,learner_based,0,27954,10.238351353460745,9352,36,0.9090291192673678,0.09097088073263215,0.7063063063063063
107,952,0.14850288907387843,xes3g5m,learner_based,0,3527,8.168486417126681,1965,13,0.7280975333144315,0.2719024666855685,0.787746170678337
108,9869,0.14792243214233056,xes3g5m,learner_based,0,34327,10.44371662667136,10259,29,0.8173158155387887,0.18268418446121126,0.20446096654275092
109,8862,0.17296172616810684,xes3g5m,learner_based,0,31486,10.3573300412176,7967,17,0.796068093755955,0.203931906244045,0.16782412989309542
11,3890,0.08001962368656454,xes3g5m,learner_based,0,13197,9.487820581943367,8336,24,0.811472304311586,0.188527695688414,0.3067484662576687
110,212,0.09905615990542571,xes3g5m,learner_based,0,755,6.628041376179533,646,4,0.8516556291390729,0.1483443708609271,0.8753709198813057
111,288,0.17283944320411404,xes3g5m,learner_based,0,1026,6.934397209928558,1000,3,0.8235867446393762,0.1764132553606238,0.4008967928256574
112,3943,0.1199198853146099,xes3g5m,learner_based,0,14011,9.547669384317377,4058,41,0.7660409678110056,0.2339590321889944,0.8251192368839427
113,227,0.020429899897593792,xes3g5m,learner_based,0,806,6.693323668269949,728,2,0.9230769230769231,0.07692307692307687,0.8492527615334633
114,3153,0.090799184155287,xes3g5m,learner_based,0,11081,9.313077449427295,3949,18,0.7480371807598593,0.25196281924014075,0.8257575757575758
115,1122,0.00012143110702769215,xes3g5m,learner_based,0,3997,8.293549515060345,2378,7,0.7348011008256192,0.2651988991743808,0.8210735586481114
116,895,0.25044408133019325,xes3g5m,learner_based,0,3065,8.028129059431759,2220,7,0.6740619902120718,0.3259380097879282,0.8055077452667814
117,2021,0.09780694976744833,xes3g5m,learner_based,0,6937,8.844768827529695,4075,33,0.7955888712700014,0.20441112872999856,0.3439306358381503
118,1653,0.17803035572247836,xes3g5m,learner_based,0,5697,8.647870515057853,2840,16,0.6987888362295945,0.30121116377040547,0.8457446808510638
119,2532,0.16164735259854257,xes3g5m,learner_based,0,8738,9.075551045627543,5464,13,0.8117418173495079,0.1882581826504921,0.10338167758799077
12,2914,0.09836882850545933,xes3g5m,learner_based,0,10023,9.212737496575905,4503,21,0.6900129701686122,0.3099870298313878,0.28113879003558717
120,445,0.16360413004560664,xes3g5m,learner_based,0,1588,7.370860166536716,1122,8,0.7840050377833753,0.21599496221662473,0.8361590038314176
121,3722,0.12190804115470147,xes3g5m,learner_based,0,13254,9.492130118723125,7666,22,0.828881846989588,0.171118153010412,0.26645252433591815
122,483,0.14577484671142166,xes3g5m,learner_based,0,1576,7.3632795869630385,1126,6,0.8153553299492385,0.18464467005076146,0.8846153846153846
123,5624,0.12048371074851046,xes3g5m,learner_based,0,19408,9.873492155000728,3116,25,0.7469084913437758,0.2530915086562242,0.8625429553264605
124,4047,0.020559608360304578,xes3g5m,learner_based,0,13987,9.545955098183267,2755,20,0.7288196182169157,0.27118038178308435,0.8630705394190872
125,717,0.24189565631377832,xes3g5m,learner_based,0,2440,7.80016307039296,2041,4,0.5856557377049181,0.4143442622950819,0.8857505438723713
126,454,0.3133927175804596,xes3g5m,learner_based,0,1478,7.2991214627108,1426,3,0.4580514208389716,0.5419485791610283,0.8914367646404548
127,2879,0.14179887463794472,xes3g5m,learner_based,0,9648,9.174609562020384,3519,21,0.7399461028192371,0.2600538971807629,0.8865979381443299
128,1699,0.1646207410361445,xes3g5m,learner_based,0,5727,8.653121708640482,3185,16,0.643443338571678,0.356556661428322,0.8910675381263616
129,353,0.09490161290934684,xes3g5m,learner_based,0,1256,7.136483208590247,853,3,0.839968152866242,0.16003184713375795,0.8950592349680306
13,1392,0.17809155126418064,xes3g5m,learner_based,0,4763,8.46884293047519,3363,9,0.7984463573378123,0.20155364266218767,0.2733485193621868
130,1403,0.16361836268528707,xes3g5m,learner_based,0,4869,8.490849216076635,3093,5,0.7081536249743273,0.2918463750256727,0.9155172413793103
131,3035,0.08054170473854641,xes3g5m,learner_based,0,10297,9.239704980606087,2674,12,0.8365543362144314,0.16344566378556857,0.9431524547803618
132,4061,0.1793424198973364,xes3g5m,learner_based,0,13713,9.52617248784431,7001,33,0.7361627652592431,0.26383723474075693,0.5364963503649635
133,2228,0.20104089098303363,xes3g5m,learner_based,0,7604,8.936561204693394,4610,19,0.7769594950026302,0.22304050499736983,0.6454849498327759
134,2461,0.12225545302497903,xes3g5m,learner_based,0,8664,9.067047202149707,4620,18,0.7484995383194829,0.2515004616805171,0.89535944730496
135,4009,0.10800457415518264,xes3g5m,learner_based,0,14311,9.568853625188556,4864,24,0.79756830410174,0.20243169589826004,0.9226594301221167
136,103,0.051447902740548904,xes3g5m,learner_based,0,387,5.961005339623274,259,5,0.7338501291989664,0.2661498708010336,0.9564356435643564
137,644,0.08350077731916625,xes3g5m,learner_based,0,2127,7.662937850461535,943,5,0.8707099200752233,0.1292900799247767,0.9781021897810219
138,18054,0.11068825309860812,xes3g5m,learner_based,0,65152,11.084493629075336,11212,108,0.7788095530451866,0.22119044695481338,0.7112235651474736
139,6201,0.08509223653601711,xes3g5m,learner_based,0,21267,9.964958874624228,9359,44,0.8377298161470823,0.1622701838529177,0.17549668874172186
14,7642,0.03448022832927422,xes3g5m,learner_based,0,27046,10.205331372394003,7860,37,0.8545810840789766,0.1454189159210234,0.9295493595751327
140,10052,0.1501891912264846,xes3g5m,learner_based,0,34870,10.459410817205152,10079,52,0.7742472039002007,0.22575279609979926,0.7569145771355716
141,1191,0.2517033247175569,xes3g5m,learner_based,0,4260,8.357259153499912,3964,9,0.7161971830985916,0.2838028169014084,0.05657569631626236
142,4390,0.21226967812281372,xes3g5m,learner_based,0,14674,9.593900644696298,6379,35,0.7441052201172141,0.25589477988278586,0.04299534769079089
143,1169,0.05644825790798093,xes3g5m,learner_based,0,4137,8.327967858305488,3755,1,0.9668842156151801,0.03311578438481988,0.030303030303030304
144,2515,0.1964669067155772,xes3g5m,learner_based,0,8509,9.04899722156742,4805,13,0.692090727465037,0.30790927253496303,0.046218487394957986
145,2383,0.25607971928258616,xes3g5m,learner_based,0,8288,9.022684613591526,4351,30,0.6871380308880309,0.31286196911196906,0.06042884990253411
146,2639,0.17465694963296094,xes3g5m,learner_based,0,8839,9.08704215563169,4945,44,0.7841384772033035,0.21586152279669646,0.07458563535911603
147,4235,0.11254320273497476,xes3g5m,learner_based,0,14687,9.594786112860271,6296,22,0.7910396949683394,0.20896030503166063,0.5679702048417132
148,3598,0.17645858016575353,xes3g5m,learner_based,0,11874,9.382190628902842,4996,37,0.8020885969344786,0.19791140306552135,0.10269154462308497
149,1795,0.17940867269038122,xes3g5m,learner_based,0,6016,8.702344075220351,2884,40,0.7308843085106383,0.26911569148936165,0.1747604611123587
15,775,0.10656479909627903,xes3g5m,learner_based,0,2511,7.828834527588089,2298,8,0.8156113102349661,0.18438868976503386,0.31547619047619047
150,1756,0.20923112924250176,xes3g5m,learner_based,0,5858,8.675734219544788,3922,14,0.606691703653124,0.39330829634687603,0.12772733960516863
151,687,0.32418070738329274,xes3g5m,learner_based,0,2339,7.757906208351747,2101,5,0.55622060709705,0.44377939290295,0.09606986899563319
152,1700,0.17553814404022194,xes3g5m,learner_based,0,5544,8.620651899784468,3978,14,0.7599206349206349,0.24007936507936511,0.1277315414875958
153,1263,0.32652056421177994,xes3g5m,learner_based,0,4099,8.318742252692399,3678,6,0.632837277384728,0.36716272261527205,0.10276679841897234
154,2424,0.14247215696953988,xes3g5m,learner_based,0,7761,8.956995311928852,4313,19,0.8239917536399949,0.17600824636000512,0.1384083044982699
155,21152,0.12304750108929502,xes3g5m,learner_based,0,73913,11.210657534190029,10233,100,0.7292357230798371,0.2707642769201629,0.0975609756097561
156,1009,0.2059428250485751,xes3g5m,learner_based,0,3662,8.206037762778815,3640,3,0.7463134898962316,0.2536865101037684,0.1123441588425427
157,5830,0.19059415974424224,xes3g5m,learner_based,0,20870,9.94611591459175,8617,27,0.73310972688069,0.26689027311931,0.44684175531914894
158,676,0.2494415330890789,xes3g5m,learner_based,0,2466,7.810758116529357,2454,2,0.7388483373884833,0.2611516626115167,0.12641218942450627
159,557,0.08817944905116183,xes3g5m,learner_based,0,2038,7.620214770574455,2023,3,0.9018645731108931,0.09813542688910692,0.16453654552878727
16,3626,0.14589869251510829,xes3g5m,learner_based,0,12511,9.434443462785092,5181,29,0.7483014946846774,0.25169850531532256,0.26215644820295986
160,2628,0.1307270329078281,xes3g5m,learner_based,0,9070,9.112837790614945,6097,9,0.8682469680264608,0.13175303197353916,0.15351787144209073
161,3498,0.23075792908564952,xes3g5m,learner_based,0,12619,9.443038136095204,5996,7,0.6468024407639275,0.35319755923607254,0.18803418803418803
162,6088,0.16686601856505798,xes3g5m,learner_based,0,21348,9.968760179152325,9527,35,0.7600712010492786,0.2399287989507214,0.28053551961531
163,1525,0.3115190746865023,xes3g5m,learner_based,0,5587,8.628376720376853,4276,5,0.5573653123321998,0.44263468766780023,0.21544715447154472
164,4721,0.14521668976957897,xes3g5m,learner_based,0,16709,9.72376262158944,5536,24,0.8341013824884793,0.16589861751152069,0.2111801242236025
165,5523,0.014580024549011129,xes3g5m,learner_based,0,19437,9.874985192063416,8972,34,0.8069146473221176,0.1930853526778824,0.2810810810810811
166,17254,0.10630165961137249,xes3g5m,learner_based,0,60567,11.011521979783142,10474,90,0.792246602935592,0.20775339706440799,0.39792387543252594
167,3020,0.14755924931699826,xes3g5m,learner_based,0,10560,9.264923249746474,7567,16,0.7950757575757575,0.20492424242424245,0.4124884535240918
168,9016,0.1454614873947796,xes3g5m,learner_based,0,32159,10.378478723292902,10177,56,0.7810566248950527,0.21894337510494732,0.3176470588235294
169,3812,0.1653270185610188,xes3g5m,learner_based,0,13624,9.519661619531444,6882,14,0.7813417498532003,0.21865825014679974,0.31981019151846785
17,1886,0.013678868887017092,xes3g5m,learner_based,0,6339,8.754634047431272,6120,12,0.8439817005836883,0.15601829941631173,0.7288732394366197
170,8267,0.08558451917414828,xes3g5m,learner_based,0,29397,10.288681923801933,10674,50,0.7605197809300269,0.23948021906997308,0.5248447204968945
171,1412,0.24183377328995334,xes3g5m,learner_based,0,5073,8.531884740159228,4353,2,0.7421643997634536,0.2578356002365464,0.284375
172,5314,0.20169429309751769,xes3g5m,learner_based,0,19164,9.860840977814656,8123,35,0.7083594239198497,0.29164057608015026,0.2402869738241449
173,2033,0.09251683654961325,xes3g5m,learner_based,0,6906,8.840290669088972,5537,17,0.7056183029249927,0.2943816970750073,0.3917666996186979
174,2265,0.14607049128023708,xes3g5m,learner_based,0,7877,8.971829343530851,5776,18,0.807160086327282,0.19283991367271802,0.3921875
175,2352,0.013354380197944247,xes3g5m,learner_based,0,8485,9.04617302576227,3745,14,0.8373600471420153,0.16263995285798472,0.3310344827586207
176,3105,0.23463565083013954,xes3g5m,learner_based,0,11362,9.338117741918008,6520,5,0.6737370181306108,0.3262629818693892,0.7398511316194243
177,8635,0.08220779306233002,xes3g5m,learner_based,0,30867,10.337475327577494,8492,57,0.8005313117568925,0.19946868824310748,0.3627450980392157
178,1630,0.000935496787931917,xes3g5m,learner_based,0,5873,8.678291111758565,4955,2,0.7755831772518305,0.22441682274816954,0.31363636363636366
179,9922,0.11623704762761179,xes3g5m,learner_based,0,35623,10.480774847001538,10039,47,0.7636639249922803,0.2363360750077197,0.32950191570881227
18,29954,0.08274818549836697,xes3g5m,learner_based,0,105754,11.568880377114676,12338,137,0.8328384741948295,0.16716152580517052,0.2937853107344633
180,10779,0.08072306944841856,xes3g5m,learner_based,0,38368,10.555005120873751,8277,56,0.7822925354462051,0.21770746455379486,0.7938853403957002
181,1631,0.23621405382012692,xes3g5m,learner_based,0,5729,8.653470809708786,4572,6,0.6072613021469715,0.3927386978530285,0.3567567567567568
182,2183,0.19454467780582513,xes3g5m,learner_based,0,7662,8.944158830970403,5208,14,0.7393630905768729,0.2606369094231271,0.3677407997628136
183,10448,0.10489022036569383,xes3g5m,learner_based,0,37484,10.531696131937162,7238,58,0.7874026251200512,0.2125973748799488,0.39248790497837505
184,1723,0.2208738582374712,xes3g5m,learner_based,0,6179,8.729073550451737,4579,9,0.7737497977018936,0.22625020229810644,0.33559322033898303
185,1180,0.18710638998501528,xes3g5m,learner_based,0,4299,8.366370301681654,3235,2,0.7769248662479646,0.22307513375203536,0.4125560538116592
186,464,0.22248702523135977,xes3g5m,learner_based,0,1767,7.477604243197589,1765,1,0.7311827956989247,0.26881720430107525,0.4257095158597663
187,6761,0.16996648155213995,xes3g5m,learner_based,0,23444,10.062412531523687,9216,40,0.8206790650059717,0.17932093499402835,0.38699690402476783
188,9061,0.15623347629456813,xes3g5m,learner_based,0,31497,10.357679330734525,10060,62,0.8141727783598438,0.1858272216401562,0.33969465648854963
189,2527,0.06790009080408962,xes3g5m,learner_based,0,8719,9.073374516903025,6430,19,0.9073288221126276,0.09267117788737245,0.6220238095238095
19,210,0.21925702685534598,xes3g5m,learner_based,0,702,6.555356891810665,499,3,0.7749287749287749,0.22507122507122512,0.37018100984439506
190,786,0.15956799545664216,xes3g5m,learner_based,0,2613,7.868636894184167,1860,5,0.7933409873708381,0.20665901262916186,0.4940239043824701
191,1122,0.06777706694309603,xes3g5m,learner_based,0,3865,8.259975659768276,3798,2,0.9435963777490297,0.05640362225097029,0.528604118993135
192,6824,0.055568234640541336,xes3g5m,learner_based,0,24277,10.097325869457748,6205,24,0.9279976932899452,0.07200230671005481,0.5441441441441441
193,2474,0.08484424642537908,xes3g5m,learner_based,0,9039,9.109414453386222,5316,3,0.9132647416749641,0.08673525832503592,0.5135135135135135
194,2116,0.2108922553422996,xes3g5m,learner_based,0,7653,8.942983665985647,4737,4,0.8157585260682085,0.18424147393179147,0.5107632093933464
195,1580,0.04492708236403477,xes3g5m,learner_based,0,5564,8.624252263709645,4288,6,0.9656721782890008,0.03432782171099924,0.5231697854448996
196,1481,0.17831277899814502,xes3g5m,learner_based,0,5326,8.580543506917,3911,10,0.8128051070221555,0.18719489297784453,0.5450900032144005
197,890,0.28876887121598915,xes3g5m,learner_based,0,3154,8.056743774975313,3123,4,0.5047558655675333,0.49524413443246673,0.5293369256099386
198,8763,0.1112442579689309,xes3g5m,learner_based,0,31245,10.349646646971848,6163,54,0.8399423907825252,0.1600576092174748,0.5452830188679245
199,2392,0.08367367102752563,xes3g5m,learner_based,0,8702,9.071423072789514,5026,12,0.841990347046656,0.15800965295334402,0.5357142857142857
2,9680,0.05762825132322266,xes3g5m,learner_based,0,33805,10.428393580510123,10600,41,0.9148055021446532,0.08519449785534683,0.8366013071895425
20,1758,0.15214876416303533,xes3g5m,learner_based,0,5764,8.65956043270316,1447,23,0.7283136710617627,0.2716863289382373,0.3347685833202013
200,6155,0.1087307943740465,xes3g5m,learner_based,0,21194,9.961520583786738,7540,41,0.8453335849768803,0.15466641502311973,0.5444212874250207
201,1031,0.18307105532498077,xes3g5m,learner_based,0,3493,8.158802490694002,2773,1,0.7955911823647295,0.20440881763527052,0.5786350148367952
202,2211,0.10991585763021361,xes3g5m,learner_based,0,7544,8.928640371201949,3924,13,0.8569724284199364,0.14302757158006363,0.5636100893326327
203,4781,0.15411400955240673,xes3g5m,learner_based,0,16221,9.69412362463029,7943,43,0.786449664015782,0.21355033598421802,0.30684931506849317
204,9335,0.09323780284111041,xes3g5m,learner_based,0,33767,10.427268887462334,9602,25,0.8682737584031747,0.13172624159682533,0.6282051282051282
205,3193,0.019871015400252365,xes3g5m,learner_based,0,11378,9.339524830357009,6883,13,0.85867463526103,0.14132536473896995,0.6686686867229397
206,10289,0.10745611712727571,xes3g5m,learner_based,0,36781,10.512763874058926,7555,49,0.8302928142247356,0.16970718577526445,0.6701940035273368
207,3759,0.12820927789014225,xes3g5m,learner_based,0,13524,9.512295103714683,6826,14,0.8531499556344276,0.14685004436557236,0.6730539746649532
208,17665,0.1057039586698354,xes3g5m,learner_based,0,62770,11.047248462361992,10531,102,0.7884180340927195,0.2115819659072805,0.6610169491525424
209,3145,0.17294792657157643,xes3g5m,learner_based,0,11308,9.333354147871328,7358,14,0.7316059426954369,0.2683940573045631,0.7030927835051546
21,138,0.06329114341001574,xes3g5m,learner_based,0,445,6.100318952020064,445,1,0.9101123595505618,0.0898876404494382,0.3373134328358209
210,1347,0.1676537301422638,xes3g5m,learner_based,0,4749,8.465899897028686,4075,6,0.7980627500526427,0.2019372499473573,0.6838487972508591
211,1759,0.05530143372790287,xes3g5m,learner_based,0,6179,8.729073550451737,5398,5,0.8731186276096455,0.12688137239035446,0.6731391585760518
212,4028,0.14254072961639547,xes3g5m,learner_based,0,14502,9.58211080356025,7285,24,0.7554130464763481,0.2445869535236519,0.6915993811854959
213,6786,0.13828926628804464,xes3g5m,learner_based,0,24151,10.092122471386675,9145,43,0.6716078009192166,0.32839219908078343,0.6937984496124031
214,10123,0.1457808745031015,xes3g5m,learner_based,0,36404,10.502461406828811,9385,81,0.712531589935172,0.28746841006482804,0.7096774193548387
215,475,0.1093144562101108,xes3g5m,learner_based,0,1767,7.477604243197589,1767,1,0.8947368421052632,0.10526315789473684,0.6912521440823327
216,1033,0.24081379380679047,xes3g5m,learner_based,0,3733,8.225235324101668,2607,8,0.663273506563086,0.33672649343691397,0.027559055118110236
217,1570,0.09993213156776332,xes3g5m,learner_based,0,5775,8.661466680572662,4046,5,0.6862337662337662,0.3137662337662338,0.723404255319149
218,1539,0.2273280465428765,xes3g5m,learner_based,0,5536,8.619208116822968,4630,5,0.6557080924855492,0.3442919075144508,0.7382863952831964
219,975,0.2153975635527585,xes3g5m,learner_based,0,3525,8.167919362957816,2863,3,0.6635460992907801,0.3364539007092199,0.7377049180327869
22,639,0.15430960570154528,xes3g5m,learner_based,0,2081,7.641084249174914,1174,6,0.802498798654493,0.19750120134550697,0.31412103746397696
220,5874,0.0798065080930414,xes3g5m,learner_based,0,20542,9.930275529292512,7553,27,0.8544932333755233,0.1455067666244767,0.7507936827889257
221,2220,0.156244766224514,xes3g5m,learner_based,0,7673,8.945593270806897,5834,19,0.7436465528476476,0.2563534471523524,0.7237163814180929
222,7139,0.1009519516535668,xes3g5m,learner_based,0,25531,10.147687846375948,6672,27,0.8399592652070033,0.16004073479299674,0.8685897435897436
223,4138,0.07302751861624743,xes3g5m,learner_based,0,14760,9.599743846536997,6735,13,0.9136856368563686,0.08631436314363139,0.8779281751112737
224,1300,0.07179991226635211,xes3g5m,learner_based,0,4684,8.452121194672523,3985,3,0.8834329632792485,0.11656703672075153,0.8758542850470927
225,2507,0.09599036727025198,xes3g5m,learner_based,0,9401,9.148677711584076,4962,4,0.7590681842357196,0.24093181576428035,0.9526813880126183
226,1379,0.10120421468345775,xes3g5m,learner_based,0,5290,8.57376254290413,3972,3,0.8546313799621928,0.14536862003780715,0.9602914156493472
227,3910,0.0660814822265728,xes3g5m,learner_based,0,14549,9.585346272599638,7112,17,0.899099594473847,0.10090040552615298,0.9407114624505929
228,1644,0.25586310276078705,xes3g5m,learner_based,0,5550,8.621733370690162,2825,11,0.6365765765765766,0.3634234234234234,0.02354006820119352
229,3478,0.17177401262917488,xes3g5m,learner_based,0,12150,9.405166749908611,2236,35,0.5745679012345679,0.4254320987654321,0.05555555555555555
23,6029,0.10716022188695071,xes3g5m,learner_based,0,20989,9.951801412814678,8014,31,0.8482538472533232,0.1517461527466768,0.7043795620437956
230,984,0.22401057477740013,xes3g5m,learner_based,0,3163,8.059592328887545,1467,11,0.7337970281378439,0.26620297186215613,0.06626506024096386
231,3855,0.1784046446844596,xes3g5m,learner_based,0,13249,9.491752831414368,6276,30,0.7727375650992527,0.22726243490074727,0.06423982869379015
232,8411,0.180762773954601,xes3g5m,learner_based,0,28123,10.244378583319053,6914,77,0.7095615688226719,0.29043843117732815,0.07112970711297072
233,2177,0.12025478376932508,xes3g5m,learner_based,0,7526,8.926251835034533,2229,12,0.8600850385330853,0.13991496146691473,0.08313248813803437
234,2256,0.0014698551677856217,xes3g5m,learner_based,0,7852,8.968650903374874,2466,19,0.8369842078451349,0.16301579215486506,0.0839100967525625
235,2653,0.004331416019271439,xes3g5m,learner_based,0,9322,9.140239744296693,4028,12,0.8524994636344132,0.1475005363655868,0.0967741935483871
236,3472,0.1753778933690408,xes3g5m,learner_based,0,12133,9.403766708502243,2983,25,0.7427676584521553,0.2572323415478447,0.11538461538461539
237,3870,0.16700350566268163,xes3g5m,learner_based,0,13779,9.53097354456765,7410,27,0.7875027215327672,0.21249727846723276,0.17365269461077845
238,2307,0.18553120507950538,xes3g5m,learner_based,0,8186,9.010302809376448,5989,8,0.7253848033227461,0.27461519667725387,0.7932536860569857
239,2473,0.09245050477142958,xes3g5m,learner_based,0,8518,9.05005424204284,4589,27,0.8419816858417469,0.15801831415825307,0.543772810218978
24,19992,0.0914641778822415,xes3g5m,learner_based,0,70202,11.159146324143522,11372,75,0.8709865815788724,0.12901341842112757,0.45429362880886426
240,2572,0.15016504570855005,xes3g5m,learner_based,0,8523,9.050640993218508,4645,32,0.7724979467323713,0.22750205326762873,0.2037037037037037
241,3396,0.16316622199688602,xes3g5m,learner_based,0,11976,9.390743422947507,7196,20,0.7791416165664663,0.2208583834335337,0.4753303773256825
242,2158,0.16050137025098404,xes3g5m,learner_based,0,7010,8.855235623206967,3046,25,0.6845934379457917,0.31540656205420825,0.5494195113498527
243,2496,0.1445796201671609,xes3g5m,learner_based,0,8307,9.024974184996003,2999,14,0.8394125436378957,0.16058745636210425,0.16885553470919323
244,1786,0.173939047190673,xes3g5m,learner_based,0,6126,8.720460512725655,3990,14,0.8403525954946132,0.15964740450538684,0.20380049650191828
245,451,0.26144038382561935,xes3g5m,learner_based,0,1502,7.315218389752975,1448,3,0.7509986684420772,0.2490013315579228,0.22105719755893263
246,507,0.1632127160445348,xes3g5m,learner_based,0,1609,7.383989457978509,1503,3,0.783716594157862,0.216283405842138,0.22278481012658227
247,1271,0.17901362432144768,xes3g5m,learner_based,0,4472,8.405814603432848,4455,6,0.7938282647584973,0.20617173524150267,0.8461538461538461
248,2935,0.08299470705236117,xes3g5m,learner_based,0,10266,9.236690147298965,5409,23,0.8653808688875901,0.13461913111240986,0.35191090555014604
249,1724,0.15303589037042584,xes3g5m,learner_based,0,6153,8.724857555881988,2582,23,0.7802697870957257,0.2197302129042743,0.3145299145299145
25,2035,0.17780786333784415,xes3g5m,learner_based,0,6718,8.81269461292015,4827,15,0.7499255730872283,0.2500744269127717,0.20155038759689922
250,1173,0.10460967548480953,xes3g5m,learner_based,0,3938,8.278682162970906,2222,7,0.8285931945149823,0.17140680548501774,0.3186626932389644
251,1155,0.14778121516615747,xes3g5m,learner_based,0,3987,8.291045131081729,3976,4,0.8274391773263106,0.17256082267368944,0.4338235294117647
252,5748,0.15317567315492117,xes3g5m,learner_based,0,20363,9.921523915022227,7742,37,0.7781269950400236,0.22187300495997642,0.5597345132743363
253,1990,0.12746803186872688,xes3g5m,learner_based,0,6721,8.81314100828505,4735,19,0.7973515845856272,0.20264841541437284,0.4515366430260047
254,337,0.12105467030019892,xes3g5m,learner_based,0,1073,6.97914527506881,1073,2,0.8462255358807083,0.15377446411929174,0.3747016706443914
255,369,0.046276130593009876,xes3g5m,learner_based,0,1221,7.108244139731541,1219,5,0.9426699426699426,0.05733005733005736,0.3787878787878788
256,1006,0.0019874699063152645,xes3g5m,learner_based,0,3398,8.131236549696116,2122,6,1.0,0.0,0.4131280657563304
257,16828,0.10146540900317971,xes3g5m,learner_based,0,60349,11.007916226525678,6900,93,0.7730202654559314,0.2269797345440686,0.4553072625698324
258,3959,0.16008078939996306,xes3g5m,learner_based,0,13745,9.52850315168155,4498,25,0.7428155692979265,0.25718443070207353,0.42546063651591287
259,808,0.18491580821256043,xes3g5m,learner_based,0,2820,7.944846711001996,2200,5,0.6531914893617021,0.3468085106382979,0.4070867240176703
26,2006,0.14413919017763005,xes3g5m,learner_based,0,7140,8.87360810154911,5429,9,0.8025210084033614,0.19747899159663862,0.2196969696969697
260,6138,0.11191588097100835,xes3g5m,learner_based,0,21692,9.984744906843062,5194,51,0.7848976581228102,0.2151023418771898,0.47121535181236673
261,4151,0.07344358662038798,xes3g5m,learner_based,0,14459,9.579141495712756,2714,18,0.7364962998824262,0.26350370011757385,0.44089456869009586
262,2244,0.09983262158897105,xes3g5m,learner_based,0,8060,8.9947928972836,2511,10,0.8660049627791563,0.13399503722084372,0.4736362764835586
263,5865,0.06314328403007885,xes3g5m,learner_based,0,20536,9.929983416340093,2802,33,0.8265971951694585,0.1734028048305415,0.4836823729759593
264,2121,0.14962166097153012,xes3g5m,learner_based,0,7365,8.904630097005011,2606,20,0.7674134419551935,0.23258655804480655,0.49310872894333846
265,1848,0.11083078888538325,xes3g5m,learner_based,0,6472,8.77539495854551,4792,16,0.8759270704573547,0.12407292954264526,0.40936171056414117
266,11175,0.07101866774643839,xes3g5m,learner_based,0,41099,10.623763400484325,7792,69,0.8421616097715273,0.15783839022847268,0.9670886075949368
267,356,0.010192051026224575,xes3g5m,learner_based,0,1309,7.177782416195197,1306,4,0.6913674560733384,0.3086325439266616,0.5111561866125761
268,377,0.13012189633152665,xes3g5m,learner_based,0,1423,7.261225091971921,1423,1,0.8812368236120871,0.1187631763879129,0.5173501577287066
269,246,0.14494558716026262,xes3g5m,learner_based,0,787,6.669498089857879,787,4,0.8487928843710292,0.15120711562897082,0.5253623188405797
27,98,0.12230211998126944,xes3g5m,learner_based,0,349,5.857933154483459,345,5,0.7593123209169055,0.24068767908309452,0.4101010101010101
270,905,0.1900218888283682,xes3g5m,learner_based,0,3164,8.059908334578276,1743,21,0.6235777496839444,0.3764222503160556,0.9710743801652892
271,2101,0.11994384626358365,xes3g5m,learner_based,0,7520,8.925454386826402,2756,6,0.8696808510638298,0.13031914893617025,0.5734229114232362
272,4636,0.14548898853248707,xes3g5m,learner_based,0,16501,9.711236864664288,7434,41,0.8142536815950548,0.18574631840494515,0.6449704142011834
273,207,0.0626525272781722,xes3g5m,learner_based,0,658,6.490723534502507,658,1,0.8951367781155015,0.10486322188449848,0.6498669996966041
274,217,0.16270811826662343,xes3g5m,learner_based,0,827,6.71901315438526,768,4,0.8222490931076178,0.17775090689238215,0.671604938271605
275,316,0.12108350739389938,xes3g5m,learner_based,0,1053,6.960347729101308,910,6,0.8281101614434948,0.1718898385565052,0.697029702970297
276,419,0.14380743229197146,xes3g5m,learner_based,0,1475,7.297091005160418,1172,11,0.7810169491525424,0.21898305084745762,0.6790393013100436
277,1694,0.10858200891042366,xes3g5m,learner_based,0,6072,8.711607995897575,2465,11,0.8496376811594203,0.1503623188405797,0.7427339478496571
278,470,2.013475254915483e-06,xes3g5m,learner_based,0,1733,7.458186157340487,1733,1,0.964800923254472,0.035199076745528024,0.7591522157996147
279,842,0.04365217166724939,xes3g5m,learner_based,0,2926,7.9817332866918855,2376,14,0.84107997265892,0.15892002734108002,0.7704682832749252
28,808,0.0851297275232967,xes3g5m,learner_based,0,2792,7.934871565945177,1434,19,0.8631805157593123,0.13681948424068768,0.2628006668254346
280,477,0.1292612207741076,xes3g5m,learner_based,0,1519,7.326465613840322,929,9,0.8341013824884793,0.16589861751152069,0.8395061728395061
281,78,0.12364956696565524,xes3g5m,learner_based,0,301,5.71042701737487,298,3,0.8504983388704319,0.1495016611295681,0.7450199203187251
282,489,0.046420300660798705,xes3g5m,learner_based,0,1849,7.52294091807237,1302,4,0.8685776095186587,0.1314223904813413,0.8708133971291866
283,1248,0.13212850000798848,xes3g5m,learner_based,0,4464,8.4040244933106,2824,7,0.7712813620071685,0.22871863799283154,0.814105666465013
284,479,0.1599397090707713,xes3g5m,learner_based,0,1648,7.407924322559599,1303,10,0.7797330097087378,0.22026699029126218,0.7592705404561074
285,1194,0.12622684336156867,xes3g5m,learner_based,0,4293,8.364973978438726,3924,10,0.8208711856510599,0.17912881434894012,0.7520891364902507
286,171,0.03855189302719508,xes3g5m,learner_based,0,508,6.2324480165505225,428,6,0.8779527559055118,0.1220472440944882,0.3972999946053838
287,690,0.1715657636057586,xes3g5m,learner_based,0,2364,7.768533300926033,1606,7,0.7516920473773265,0.24830795262267347,0.13846579630477934
288,557,0.10526793299884911,xes3g5m,learner_based,0,1730,7.456454555176209,1466,4,0.8445086705202313,0.15549132947976874,0.866940688719699
289,248,0.1908544276220416,xes3g5m,learner_based,0,800,6.68586094706836,674,3,0.78,0.21999999999999997,0.7310442477876107
29,1203,0.10805261450782312,xes3g5m,learner_based,0,3954,8.282735880201754,1386,21,0.7971674253920081,0.20283257460799187,0.31899641577060933
290,493,0.07409835373038855,xes3g5m,learner_based,0,1706,7.442492722794441,1705,2,0.9261430246189918,0.07385697538100822,0.8912417549840658
291,983,0.21654543052602748,xes3g5m,learner_based,0,3352,8.117610746466228,1748,10,0.6076968973747017,0.39230310262529833,0.8760783074291664
292,794,0.17915705439176594,xes3g5m,learner_based,0,2862,7.959625305098115,2209,3,0.7840670859538784,0.21593291404612158,0.9087945911817321
293,628,0.17411474079956973,xes3g5m,learner_based,0,2290,7.736743682453495,2097,2,0.7602620087336245,0.23973799126637552,0.904
294,1124,0.028023159724170747,xes3g5m,learner_based,0,3923,8.274866820685254,1998,9,0.6089727249553912,0.39102727504460877,0.9283276450511946
295,537,0.06258414130011859,xes3g5m,learner_based,0,1955,7.578656850594762,1950,1,0.9447570332480818,0.0552429667519182,0.9438202247191011
296,737,8.500067513700151e-07,xes3g5m,learner_based,0,2626,7.87359778968554,2128,4,0.6355674028941356,0.3644325971058644,0.9481461887516907
297,339,1.9015320373146742e-06,xes3g5m,learner_based,0,1188,7.080867896690782,1185,1,0.8585858585858586,0.14141414141414144,0.9578313253012049
298,167,0.31786891142140605,xes3g5m,learner_based,0,575,6.3561076606958915,553,2,0.591304347826087,0.408695652173913,0.9615384615384616
299,888,0.1789558245442537,xes3g5m,learner_based,0,3110,8.042699496897637,3035,11,0.7392282958199357,0.26077170418006435,0.9642201402154102
3,3357,0.1731541393243447,xes3g5m,learner_based,0,11205,9.32420462812523,3687,24,0.7282463186077643,0.27175368139223566,0.2045028142589118
30,4081,0.15844370154342144,xes3g5m,learner_based,0,14188,9.560222295507314,5023,36,0.8297152523259093,0.17028474767409074,0.07950799011947371
300,1145,0.09255158966348988,xes3g5m,learner_based,0,3959,8.283999304248526,3806,7,0.8827986865370043,0.11720131346299567,0.8658892128279884
301,3679,0.07038932067714734,xes3g5m,learner_based,0,13042,9.476006870370282,5754,25,0.922557889894188,0.07744211010581203,0.8461538461538461
302,372,0.17242511794717752,xes3g5m,learner_based,0,1357,7.213768308118642,1314,5,0.8039793662490788,0.19602063375092116,0.18322981366459629
303,2592,0.24938843271942618,xes3g5m,learner_based,0,9427,9.151439264056021,6074,6,0.5757929351861674,0.42420706481383263,0.18732782369146006
304,1012,0.18740673846599093,xes3g5m,learner_based,0,3501,8.161089512845797,3174,3,0.7743501856612397,0.2256498143387603,0.10746268656716418
305,311,0.18484160266056732,xes3g5m,learner_based,0,1063,6.96979066990159,1034,7,0.7262464722483537,0.2737535277516463,0.152
306,307,0.23713587484588308,xes3g5m,learner_based,0,999,6.907755278982137,908,7,0.6526526526526526,0.3473473473473474,0.04081632653061224
307,3383,0.1796790868635233,xes3g5m,learner_based,0,11692,9.366745651140318,5570,13,0.8031132398221006,0.1968867601778994,0.15275252525252525
308,466,0.1019854460005438,xes3g5m,learner_based,0,1525,7.330405211844402,1453,13,0.8885245901639345,0.11147540983606552,0.08588957055214724
309,22,0.1003711779009212,xes3g5m,learner_based,0,60,4.110873864173311,59,1,0.85,0.15000000000000002,0.13233109595070422
31,1461,0.04983760130947558,xes3g5m,learner_based,0,5240,8.564267598802166,3278,14,0.8604961832061069,0.13950381679389312,0.17596536640508528
310,391,0.19753995565983384,xes3g5m,learner_based,0,1171,7.066466970136958,815,10,0.740392826643894,0.25960717335610595,0.20491803278688525
311,2438,0.14893470830093541,xes3g5m,learner_based,0,7936,8.979290649090876,3047,18,0.7700352822580645,0.2299647177419355,0.43613020983435574
312,195,0.21041841458481475,xes3g5m,learner_based,0,614,6.421622267806518,583,6,0.7687296416938111,0.23127035830618892,0.0437037037037037
313,3259,0.14685872046732792,xes3g5m,learner_based,0,11035,9.308917935337176,3330,26,0.667149977344812,0.33285002265518804,0.1774960380348653
314,225,0.273718659056273,xes3g5m,learner_based,0,717,6.576469569048224,662,8,0.6373779637377964,0.3626220362622036,0.06116207951070336
315,363,0.22798292261109612,xes3g5m,learner_based,0,1247,7.129297548929373,1238,3,0.7594226142742582,0.24057738572574183,0.18333333333333332
316,161,0.0001252101576156,xes3g5m,learner_based,0,536,6.285998094508865,536,1,0.5373134328358209,0.4626865671641791,0.1919183673469388
317,493,0.08050948564294311,xes3g5m,learner_based,0,1601,7.379008127628304,1197,2,0.8888194878201124,0.11118051217988756,0.18835616438356165
318,321,0.18636818139195865,xes3g5m,learner_based,0,1079,6.984716320118266,1009,2,0.7052826691380908,0.2947173308619092,0.20600858369098712
319,93,0.17073708973570445,xes3g5m,learner_based,0,392,5.973809611869261,303,6,0.8086734693877551,0.19132653061224492,0.1962924907954448
32,12933,0.10508525104839539,xes3g5m,learner_based,0,44876,10.71168069304257,8771,67,0.8046394509314556,0.1953605490685444,0.4352054593692215
320,444,0.2472566209707365,xes3g5m,learner_based,0,1521,7.3277805384216315,1240,13,0.5621301775147929,0.4378698224852071,0.2530487804878049
321,310,0.006597564924994003,xes3g5m,learner_based,0,1056,6.963189985870238,836,11,0.5757575757575758,0.4242424242424242,0.27369721473495057
322,443,0.044187135465202906,xes3g5m,learner_based,0,1394,7.240649694255466,974,2,0.8601147776183644,0.1398852223816356,0.15554089070786817
323,409,0.14195764216200274,xes3g5m,learner_based,0,1481,7.301147805856032,1481,2,0.8858879135719109,0.11411208642808912,0.28
324,434,0.0998667364656858,xes3g5m,learner_based,0,1579,7.365180126021013,1578,3,0.8860037998733375,0.11399620012666245,0.29004329004329005
325,718,0.25473335318626966,xes3g5m,learner_based,0,2651,7.883069351305753,1471,11,0.5601659751037344,0.43983402489626555,0.3257328990228013
326,1476,0.03993782670147799,xes3g5m,learner_based,0,4873,8.491670234185152,4531,7,0.8485532526164581,0.1514467473835419,0.7692307692307693
327,951,0.068924642298728,xes3g5m,learner_based,0,3249,8.086410275323782,2568,20,0.8205601723607264,0.17943982763927357,0.5018181818181818
328,42,0.3605752183323473,xes3g5m,learner_based,0,119,4.787491742782046,119,1,0.453781512605042,0.546218487394958,0.3842239185750636
329,1830,0.12290823785085592,xes3g5m,learner_based,0,6379,8.760923376338836,3837,13,0.7935413074149553,0.20645869258504468,0.4439252336448598
33,12070,0.1171933142712738,xes3g5m,learner_based,0,41847,10.641799285050446,8405,76,0.7834492317250938,0.21655076827490616,0.4006734006734007
330,4838,0.1631606755630063,xes3g5m,learner_based,0,17256,9.75597313724758,6112,28,0.7902178952248493,0.2097821047751507,0.39356625172471305
331,130,0.17810636333977944,xes3g5m,learner_based,0,424,6.052089168924417,422,1,0.7287735849056604,0.27122641509433965,0.3705800756620429
332,587,0.1705896139217894,xes3g5m,learner_based,0,2084,7.642524134232902,2068,6,0.7634357005758158,0.23656429942418422,0.37022455526392534
333,121,0.26015484630330354,xes3g5m,learner_based,0,381,5.945420608606575,344,2,0.2335958005249344,0.7664041994750657,0.35968379446640314
334,554,0.172372523992887,xes3g5m,learner_based,0,2013,7.607878073278507,1879,3,0.4396423248882265,0.5603576751117735,0.4225352112676056
335,5361,0.18922456419906244,xes3g5m,learner_based,0,18554,9.828494573494698,7533,34,0.7632855448959793,0.23671445510402067,0.40520058598151903
336,6730,0.15185925271897655,xes3g5m,learner_based,0,23239,10.053630210965848,7918,65,0.7693962735057447,0.2306037264942553,0.49245283018867925
337,1491,0.1961150725446818,xes3g5m,learner_based,0,5197,8.556029215201436,4448,4,0.6496055416586493,0.35039445834135075,0.47509578544061304
338,572,0.2769109079116871,xes3g5m,learner_based,0,2056,7.6290038896529575,2056,5,0.5958171206225681,0.4041828793774319,0.5812705822748163
339,1150,0.13081889865270174,xes3g5m,learner_based,0,4049,8.306472160100585,3264,14,0.7856260805137071,0.21437391948629292,0.47309833024118736
34,14687,0.1018845602637973,xes3g5m,learner_based,0,51780,10.854778565594904,11332,64,0.8310737736577829,0.1689262263422171,0.19636363636363635
340,3765,0.05371006557058619,xes3g5m,learner_based,0,13490,9.509778075438817,5494,12,0.9255744996293551,0.07442550037064488,0.5240384615384616
341,1408,0.07011129479517622,xes3g5m,learner_based,0,5020,8.521384396034705,4026,1,0.9258964143426295,0.07410358565737052,0.5016502369152007
342,1408,0.00038885909360194263,xes3g5m,learner_based,0,5020,8.521384396034705,4026,1,0.9258964143426295,0.07410358565737052,0.5048433248897646
343,2962,0.20610900400501617,xes3g5m,learner_based,0,10630,9.271529540288606,4165,6,0.7537158984007526,0.2462841015992474,0.5
344,887,0.09154644641728293,xes3g5m,learner_based,0,3141,8.052614818815567,3121,2,0.9204075135307227,0.0795924864692773,0.5493975903614458
345,134,0.00026380539362861775,xes3g5m,learner_based,0,364,5.8998973535824915,206,2,0.5,0.5,0.6225496457135906
346,66,0.38395276279791724,xes3g5m,learner_based,0,177,5.181783550292085,176,1,0.4180790960451977,0.5819209039548023,0.6148491879350348
347,66,1.3292497057757677e-06,xes3g5m,learner_based,0,183,5.214935757608986,179,3,0.4371584699453552,0.5628415300546448,0.6150341685649203
348,154,0.1791703702712601,xes3g5m,learner_based,0,440,6.089044875446846,346,11,0.8,0.19999999999999996,0.7207705019624044
349,2893,0.0925789291176409,xes3g5m,learner_based,0,10199,9.230142999272362,4142,25,0.8779292087459555,0.12207079125404452,0.6
35,3720,0.1416089233729762,xes3g5m,learner_based,0,12824,9.45915167003897,4221,22,0.7977230193387399,0.2022769806612601,0.3533592464989883
350,528,0.1726051448065199,xes3g5m,learner_based,0,1852,7.52456122628536,1839,2,0.8169546436285097,0.18304535637149033,0.6038037253601785
351,1098,0.07787907047503415,xes3g5m,learner_based,0,3767,8.234299635696253,2996,2,0.9097425006636581,0.09025749933634186,0.6026058631921825
352,2797,0.1482506128588676,xes3g5m,learner_based,0,9815,9.191768986390747,6378,19,0.8029546612328069,0.1970453387671931,0.6754530477759473
353,93,0.2701916446717161,xes3g5m,learner_based,0,331,5.805134968916488,330,2,0.31419939577039274,0.6858006042296072,0.7650429799426934
354,96,0.23952121297530007,xes3g5m,learner_based,0,336,5.820082930352362,334,1,0.41369047619047616,0.5863095238095238,0.7680921958473317
355,803,0.004096169037330284,xes3g5m,learner_based,0,2880,7.9658927350845286,2870,2,0.5114583333333333,0.48854166666666665,0.7302245932951327
356,479,0.11040883847528102,xes3g5m,learner_based,0,1787,7.488852955733459,1781,2,0.8707330721880246,0.12926692781197535,0.7240437158469946
357,674,0.22541663967413578,xes3g5m,learner_based,0,2306,7.7437032581737535,2252,4,0.7198612315698178,0.28013876843018215,0.7253630408392313
358,258,0.06129149903009497,xes3g5m,learner_based,0,970,6.878326468291325,970,2,0.9144329896907216,0.08556701030927838,0.8068622057392154
359,4941,0.12494194531096343,xes3g5m,learner_based,0,17399,9.764225485202621,6403,28,0.8109086729122363,0.18909132708776366,0.8102981029810298
36,3561,0.12153540909525656,xes3g5m,learner_based,0,12216,9.41058370340406,6595,24,0.7985428945645056,0.20145710543549444,0.29555653058375386
360,1396,0.10440618701510662,xes3g5m,learner_based,0,5132,8.543445562560303,3502,4,0.8641855027279813,0.13581449727201866,0.8977172518839185
361,1913,0.13070586276173948,xes3g5m,learner_based,0,6828,8.82893352896109,4381,6,0.8393380199179847,0.16066198008201527,0.8913896052066065
362,2539,0.017619313669762795,xes3g5m,learner_based,0,9012,9.10642325855641,4308,9,0.8581890812250332,0.14181091877496677,0.8944271911663216
363,3060,0.04008624115989244,xes3g5m,learner_based,0,11284,9.331229689251636,4331,26,0.8816908897554059,0.11830911024459412,0.9796437659033079
364,277,0.11567544307168015,xes3g5m,learner_based,0,992,6.900730664045173,982,4,0.8235887096774194,0.17641129032258063,0.20730578512396694
365,2513,0.20271364269108316,xes3g5m,learner_based,0,8548,9.053569596026234,3500,7,0.8371548900327562,0.16284510996724377,0.006968641114982578
366,1920,0.0913793698083446,xes3g5m,learner_based,0,6621,8.798152718107191,4916,5,0.9679806675728742,0.032019332427125846,0.0371900826446281
367,1878,0.23152179727147512,xes3g5m,learner_based,0,6435,8.769662508112274,5244,13,0.6592074592074592,0.34079254079254084,0.15254237288135594
368,750,0.24173400871215073,xes3g5m,learner_based,0,2698,7.900636613018005,2143,16,0.6423276501111935,0.3576723498888065,0.4060003993610224
369,428,0.000333016794665392,xes3g5m,learner_based,0,1743,7.463936604468925,1743,2,0.5329890992541595,0.4670109007458405,0.3604294478527607
37,3478,0.17725268015399004,xes3g5m,learner_based,0,11905,9.384797753713336,3959,28,0.8084838303233935,0.19151616967660645,0.3724696356275304
370,371,0.09803907770532963,xes3g5m,learner_based,0,1374,7.226209010100671,1372,4,0.8486171761280932,0.15138282387190682,0.32108608228577856
371,1095,0.20818977081052337,xes3g5m,learner_based,0,4006,8.295798110636145,3180,2,0.7209186220668996,0.2790813779331004,0.3910104508445741
372,593,0.11953921913734028,xes3g5m,learner_based,0,1887,7.543273346705446,1528,9,0.8139904610492846,0.18600953895071537,0.33490566037735847
373,1771,0.06405749052634735,xes3g5m,learner_based,0,5931,8.688116703257823,5013,10,0.8490979598718598,0.15090204012814024,0.39591836734693875
374,1809,0.23254422743299033,xes3g5m,learner_based,0,6261,8.742254901886351,4395,14,0.6858329340360965,0.31416706596390354,0.01694915254237288
375,373,0.050762841077885285,xes3g5m,learner_based,0,1329,7.1929342212158,1329,1,0.9217456734386757,0.07825432656132425,0.46153846153846156
376,940,0.004668113995517808,xes3g5m,learner_based,0,3226,8.079308192051961,2253,5,0.926224426534408,0.07377557346559205,0.582672248233271
377,487,0.09903656788820052,xes3g5m,learner_based,0,1779,7.484368643286131,1779,2,0.8780213603147836,0.12197863968521638,0.45476190476190476
378,2547,0.08436107822384178,xes3g5m,learner_based,0,8937,9.098067129493398,3144,9,0.8641602327402932,0.1358397672597068,0.6860670194003528
379,4814,0.06027192370869106,xes3g5m,learner_based,0,16890,9.734536214680345,3456,15,0.8721728833629366,0.12782711663706336,0.49221450956798163
38,2406,0.11344570412653932,xes3g5m,learner_based,0,8199,9.011889433252344,3819,26,0.8579095011586779,0.14209049884132208,0.3333333333333333
380,1055,0.3243498438325453,xes3g5m,learner_based,0,3759,8.23217423638394,3048,7,0.42857142857142855,0.5714285714285714,0.541958041958042
381,952,0.03973882010660498,xes3g5m,learner_based,0,3253,8.087640287778983,2871,8,0.9385182908084845,0.06148170919151552,0.6099656357388317
382,797,0.10844684375162336,xes3g5m,learner_based,0,2735,7.914252278742441,2133,16,0.7612431444241317,0.23875685557586834,0.5753138075313807
383,250,0.003844951778632075,xes3g5m,learner_based,0,1008,6.9167150203536085,1003,3,0.9265873015873016,0.07341269841269837,0.5781970543423057
384,394,0.020664038916353544,xes3g5m,learner_based,0,1501,7.31455283232408,1495,1,0.9820119920053297,0.017988007994670263,0.5909090909090909
385,306,0.05866620026957213,xes3g5m,learner_based,0,1145,7.044032897274685,1102,2,0.845414847161572,0.154585152838428,0.5414937759336099
386,688,0.13084145103544692,xes3g5m,learner_based,0,2425,7.793999089503996,2396,1,0.8519587628865979,0.1480412371134021,0.5945121951219512
387,791,0.005281234994284088,xes3g5m,learner_based,0,2835,7.950149887652018,2790,3,0.9502645502645503,0.049735449735449744,0.6763990267639902
388,969,0.1132692612844725,xes3g5m,learner_based,0,3323,8.10892415597534,3095,7,0.8206439963888053,0.17935600361119475,0.7290322580645161
389,2241,0.10386061098886888,xes3g5m,learner_based,0,7477,8.91972065553706,4788,16,0.8300120369132005,0.16998796308679953,0.6666666666666666
39,2935,0.16527529118005096,xes3g5m,learner_based,0,9617,9.171391621837609,4377,29,0.7904752001663721,0.20952479983362793,0.3246753246753247
390,1459,0.057431280270800994,xes3g5m,learner_based,0,5229,8.56216655705897,4239,1,0.9305794606999426,0.06942053930005743,0.775330396475771
391,813,0.040168313195713345,xes3g5m,learner_based,0,2801,7.938088726896952,2801,1,0.9575151731524456,0.04248482684755439,0.8146341463414634
392,2103,0.04100597098219837,xes3g5m,learner_based,0,7429,8.913281137711804,4616,3,0.9445416610580158,0.05545833894198415,0.858433734939759
393,720,0.08844910926259021,xes3g5m,learner_based,0,2511,7.828834527588089,2500,1,0.9012345679012346,0.09876543209876543,0.897133220910624
394,1104,1.2256695760820154e-06,xes3g5m,learner_based,0,3910,8.271548374755515,2968,4,0.760613810741688,0.239386189258312,0.8949152542372881
395,554,0.17486282520118945,xes3g5m,learner_based,0,1841,7.518607216815252,1840,3,0.6778924497555676,0.3221075502444324,0.08490566037735849
396,502,0.128749157011739,xes3g5m,learner_based,0,1544,7.3427791893318455,870,6,0.836139896373057,0.16386010362694303,0.07639942892400817
397,234,0.1148590765750179,xes3g5m,learner_based,0,657,6.489204931325317,567,5,0.8904109589041096,0.1095890410958904,0.14219114219114218
398,278,0.18542416346730378,xes3g5m,learner_based,0,888,6.790097235513905,760,3,0.7849099099099099,0.21509009009009006,0.6274006949790882
399,199,0.2742729597361835,xes3g5m,learner_based,0,644,6.4692503167957724,629,2,0.16770186335403728,0.8322981366459627,0.2038764299910797
4,197,0.08850968990304751,xes3g5m,learner_based,0,633,6.452048954437226,633,1,0.8973143759873617,0.10268562401263825,0.210727969348659
40,1775,0.16941995493097,xes3g5m,learner_based,0,5705,8.649273531773446,2974,14,0.7740578439964944,0.22594215600350565,0.41935483870967744
400,268,0.1504459741348832,xes3g5m,learner_based,0,886,6.787844982309579,867,2,0.2765237020316027,0.7234762979683973,0.2753232128232128
401,1680,0.2204719314625111,xes3g5m,learner_based,0,5796,8.665095821339733,3161,13,0.720151828847481,0.27984817115251903,0.13653550371699563
402,3203,0.17912715128101028,xes3g5m,learner_based,0,11275,9.330431852234003,2871,41,0.707139689578714,0.292860310421286,0.18206521739130435
403,269,0.14672173972355834,xes3g5m,learner_based,0,914,6.818924065275521,913,2,0.8544857768052516,0.14551422319474838,0.34413594981213247
404,368,0.1591153042036635,xes3g5m,learner_based,0,1150,7.048386408721883,1022,10,0.7878260869565218,0.2121739130434782,0.45498299970727973
405,875,0.12072262422953332,xes3g5m,learner_based,0,2772,7.927685045615778,1280,10,0.8658008658008658,0.1341991341991342,0.4450231786335142
406,238,0.05427780309144192,xes3g5m,learner_based,0,834,6.727431724850855,834,1,0.9316546762589928,0.06834532374100721,0.5767875398400384
407,1173,0.21097970809497665,xes3g5m,learner_based,0,3837,8.252706676567644,2774,10,0.6426896012509773,0.3573103987490227,0.5201900237529691
408,1533,0.12473712496283912,xes3g5m,learner_based,0,5276,8.571113033405668,2556,11,0.5356330553449583,0.4643669446550417,0.6201550387596899
409,1304,0.17059285539222746,xes3g5m,learner_based,0,4590,8.431853144249223,2960,11,0.6858387799564271,0.31416122004357294,0.8377320218913851
41,8881,0.14836707573184524,xes3g5m,learner_based,0,31759,10.365962915361072,9117,61,0.7762838880317391,0.2237161119682609,0.5368663594470046
410,959,1.7383081510581102e-06,xes3g5m,learner_based,0,3415,8.13622555490846,1804,3,0.7142020497803807,0.2857979502196193,0.8219780219780219
411,1015,3.6558320582271427e-06,xes3g5m,learner_based,0,3612,8.19229373114764,1995,4,0.716500553709856,0.283499446290144,0.8196534171719441
412,1005,0.0003354329803219122,xes3g5m,learner_based,0,3583,8.18423477409482,1971,5,0.7264861847613732,0.27351381523862683,0.8265682656826568
413,2285,0.12961972533335678,xes3g5m,learner_based,0,7933,8.978912601074276,5046,21,0.7596117483927897,0.24038825160721033,0.46258503401360546
414,478,0.19181567928403084,xes3g5m,learner_based,0,1547,7.344719054149673,1330,2,0.7433742727860375,0.2566257272139625,0.9775641025641025
415,77,0.027706679756569576,xes3g5m,learner_based,0,223,5.4116460518550396,177,5,0.8385650224215246,0.16143497757847536,0.8101694915254237
416,26,0.0017447039335663286,xes3g5m,learner_based,0,70,4.2626798770413155,39,2,0.5857142857142857,0.41428571428571426,0.13016788159929316
417,26,0.00039637976190689996,xes3g5m,learner_based,0,70,4.2626798770413155,39,2,0.5857142857142857,0.41428571428571426,0.1343781753920919
418,99,0.0849215631288561,xes3g5m,learner_based,0,314,5.752572638825633,250,4,0.7229299363057324,0.27707006369426757,0.35243147138698394
419,141,0.1575335508661595,xes3g5m,learner_based,0,535,6.284134161070802,279,4,0.8710280373831776,0.12897196261682242,0.23440860215053763
42,772,0.13225151220375161,xes3g5m,learner_based,0,2553,7.845416036592485,1663,9,0.8491970231100666,0.15080297688993338,0.4771084337349398
420,281,0.22738296321835175,xes3g5m,learner_based,0,1033,6.9411900550683745,523,6,0.7037754114230397,0.2962245885769603,0.32722513089005234
421,54,3.3775163185555374e-05,xes3g5m,learner_based,0,190,5.25227342804663,190,1,0.8105263157894737,0.18947368421052635,0.3209040666643711
422,1143,0.11504309963718483,xes3g5m,learner_based,0,3951,8.281977058867758,2156,13,0.8532017210832701,0.14679827891672992,0.8888888888888888
423,19,0.35496041845334203,xes3g5m,learner_based,0,49,3.912023005428146,49,1,0.3469387755102041,0.653061224489796,0.38386308068459657
424,842,0.07123489982300309,xes3g5m,learner_based,0,2744,7.917536353943631,315,24,0.8626093294460642,0.13739067055393583,0.40103601249112086
425,1000,0.07957354044169185,xes3g5m,learner_based,0,3381,8.126222529458525,320,34,0.8148476782017154,0.18515232179828456,0.39603960396039606
426,141,0.09777239231881524,xes3g5m,learner_based,0,445,6.100318952020064,238,7,0.8651685393258427,0.1348314606741573,0.532051282051282
427,300,0.1837966046435759,xes3g5m,learner_based,0,959,6.866933284461882,957,6,0.7956204379562044,0.2043795620437956,0.38186813186813184
428,27,0.4407753693802213,xes3g5m,learner_based,0,71,4.276666119016055,71,1,0.5774647887323944,0.4225352112676056,0.4479768786127168
429,60,0.0543605568624722,xes3g5m,learner_based,0,210,5.351858133476067,188,2,0.5190476190476191,0.4809523809523809,0.32976329763297635
43,3583,0.1832131698575696,xes3g5m,learner_based,0,12617,9.442879644930755,6967,21,0.7772846159942934,0.22271538400570656,0.5543478260869565
430,349,0.23031172726769,xes3g5m,learner_based,0,1281,7.156176637480615,1241,5,0.7377049180327869,0.2622950819672131,0.46885245901639344
431,1230,0.10964006867895768,xes3g5m,learner_based,0,4453,8.401557847817314,1482,27,0.8158544801257579,0.1841455198742421,0.6617100371747212
432,87,0.16916633013036406,xes3g5m,learner_based,0,237,5.472270673671475,237,2,0.6244725738396625,0.3755274261603375,0.4947589098532495
433,44,0.03672860833731569,xes3g5m,learner_based,0,136,4.919980925828125,136,1,0.9117647058823529,0.08823529411764708,0.5555555555555556
434,61,0.09508818094847632,xes3g5m,learner_based,0,186,5.231108616854587,186,2,0.9247311827956989,0.07526881720430112,0.5205690614239045
435,670,0.12885901764897045,xes3g5m,learner_based,0,2174,7.684783943522785,1051,10,0.827506899724011,0.17249310027598896,0.5088990784174724
436,229,0.13797758877537658,xes3g5m,learner_based,0,775,6.654152520183219,747,7,0.8929032258064517,0.10709677419354835,0.967479674796748
437,99,0.1759239256080955,xes3g5m,learner_based,0,288,5.666426688112432,272,2,0.8576388888888888,0.14236111111111116,0.5589148702959444
438,125,0.00017196337940474706,xes3g5m,learner_based,0,490,6.19644412779452,214,6,0.8081632653061225,0.19183673469387752,0.7780469804801025
439,125,1.365225194016296e-07,xes3g5m,learner_based,0,490,6.19644412779452,214,6,0.8081632653061225,0.19183673469387752,0.7800430423357394
44,1641,0.16210448779544348,xes3g5m,learner_based,0,5840,8.67265729404031,5045,12,0.7746575342465754,0.22534246575342465,0.46310704598998237
440,78,0.07325165241192548,xes3g5m,learner_based,0,331,5.805134968916488,246,3,0.8338368580060423,0.16616314199395765,0.804945054945055
441,262,0.09254514846865458,xes3g5m,learner_based,0,1081,6.9865664594064265,307,11,0.8048103607770583,0.19518963922294175,0.8036912751677853
442,16,0.06424882984720173,xes3g5m,learner_based,0,65,4.189654742026425,65,1,0.8153846153846154,0.18461538461538463,0.7901990811638591
443,172,0.12283339020123119,xes3g5m,learner_based,0,618,6.428105272684596,323,6,0.872168284789644,0.12783171521035597,0.674046800705216
444,42,0.10430198624020526,xes3g5m,learner_based,0,183,5.214935757608986,174,1,0.8852459016393442,0.11475409836065575,0.8053691275167785
445,18,0.26237601538499195,xes3g5m,learner_based,0,62,4.143134726391533,62,1,0.7580645161290323,0.24193548387096775,0.8111172566371682
446,161,0.27730266531481834,xes3g5m,learner_based,0,622,6.434546518787453,343,4,0.6495176848874598,0.35048231511254024,0.06276066249034584
447,1577,0.03404401296592619,xes3g5m,learner_based,0,6215,8.734881892047483,1784,9,0.9575221238938053,0.04247787610619469,0.7047619047619048
448,4315,0.0943107534454925,xes3g5m,learner_based,0,16635,9.719324300862802,4584,29,0.8411782386534415,0.15882176134655845,0.7178631051752922
449,41,0.09553074545976592,xes3g5m,learner_based,0,161,5.087596335232384,89,8,0.9254658385093167,0.07453416149068326,0.9314285714285714
45,121,0.06966808024980468,xes3g5m,learner_based,0,371,5.918893854273146,371,1,0.9137466307277629,0.08625336927223715,0.5418326693227091
450,197,0.08724247605591864,xes3g5m,learner_based,0,709,6.565264970035361,359,11,0.8575458392101551,0.14245416078984485,0.925764192139738
451,317,0.463859652518662,xes3g5m,learner_based,0,1183,7.076653815443951,1183,2,0.49535080304311074,0.5046491969568893,0.7627551020408163
452,83,0.1291721312396498,xes3g5m,learner_based,0,305,5.723585101952381,232,4,0.8557377049180328,0.1442622950819672,0.27413127413127414
453,32,0.17313848924823105,xes3g5m,learner_based,0,93,4.543294782270004,88,2,0.7096774193548387,0.29032258064516125,0.9283489096573209
454,15,0.06561736393880213,xes3g5m,learner_based,0,51,3.9512437185814275,51,1,0.9803921568627451,0.019607843137254943,0.925414364640884
455,16,5.121229299547637e-05,xes3g5m,learner_based,0,49,3.912023005428146,49,1,0.9795918367346939,0.020408163265306145,0.9275618374558304
456,36,0.05536619971279577,xes3g5m,learner_based,0,123,4.820281565605037,116,1,0.983739837398374,0.016260162601625994,0.9716981132075472
457,113,0.08220337121541382,xes3g5m,learner_based,0,374,5.926926025970411,340,6,0.8663101604278075,0.1336898395721925,0.8063938266501309
458,37,0.04742287646202906,xes3g5m,learner_based,0,120,4.795790545596741,112,1,0.95,0.050000000000000044,0.973105256910545
459,49,0.15335309140536246,xes3g5m,learner_based,0,163,5.099866427824199,163,1,0.9202453987730062,0.07975460122699385,0.993421052631579
46,2647,0.12384429648682307,xes3g5m,learner_based,0,8656,9.066123521215774,3801,22,0.6706330868761553,0.3293669131238447,0.42225975975975977
460,49,0.08668153500901819,xes3g5m,learner_based,0,163,5.099866427824199,163,1,0.9631901840490797,0.036809815950920255,0.9938650306748467
461,63,0.015830862143683087,xes3g5m,learner_based,0,192,5.262690188904886,163,2,0.9739583333333334,0.02604166666666663,0.9937336797534048
462,1079,0.2578564225706277,xes3g5m,learner_based,0,3581,8.183676582620658,2317,9,0.5878246299916224,0.41217537000837756,0.5739795918367347
463,276,0.045989591997805175,xes3g5m,learner_based,0,929,6.835184586147301,523,2,0.9386437029063509,0.06135629709364909,0.3148614609571788
464,202,0.09804065395976497,xes3g5m,learner_based,0,695,6.54534966033442,694,5,0.8906474820143885,0.10935251798561152,0.27419354838709675
465,265,0.10538064491330279,xes3g5m,learner_based,0,926,6.831953565565855,924,1,0.906047516198704,0.09395248380129595,0.2902544609861683
466,769,0.24023329011785743,xes3g5m,learner_based,0,2586,7.8582541821860294,2368,10,0.6871616395978345,0.3128383604021655,0.2261495584926566
467,491,0.03713667714425839,xes3g5m,learner_based,0,1696,7.436617265234227,1696,1,0.9575471698113207,0.04245283018867929,0.6119597325870647
468,3354,0.1579028879357698,xes3g5m,learner_based,0,11796,9.375600540841843,7201,18,0.7758562224482876,0.22414377755171244,0.5264797507788161
469,330,0.10597476298836142,xes3g5m,learner_based,0,1105,7.00850518208228,1014,2,0.8832579185520362,0.11674208144796383,0.993421052631579
47,745,0.07041862901478327,xes3g5m,learner_based,0,2435,7.798112628829788,1494,6,0.8242299794661191,0.1757700205338809,0.4986225895316804
470,1485,0.10404080237166999,xes3g5m,learner_based,0,4873,8.491670234185152,4378,9,0.8633285450441207,0.1366714549558793,0.12091503267973856
471,2819,0.10117284537935967,xes3g5m,learner_based,0,9660,9.17585244151751,5918,8,0.8592132505175983,0.14078674948240166,0.39112751127511275
472,482,0.00016839527949366923,xes3g5m,learner_based,0,1792,7.491645473605133,1787,1,0.9620535714285714,0.0379464285714286,0.5
473,763,0.061469038826966325,xes3g5m,learner_based,0,2748,7.918992488165245,2646,2,0.915938864628821,0.08406113537117899,0.5121055828475827
474,667,8.509575253056513e-06,xes3g5m,learner_based,0,2471,7.812782818577581,2438,1,0.9210845811412384,0.07891541885876163,0.5
475,301,0.317631393703137,xes3g5m,learner_based,0,1103,7.00669522683704,1093,2,0.7361740707162284,0.2638259292837716,0.0
476,391,0.2348707341572751,xes3g5m,learner_based,0,1423,7.261225091971921,1391,3,0.6591707659873507,0.3408292340126493,0.1326923076923077
477,1157,0.23249212431094735,xes3g5m,learner_based,0,3828,8.250358951477294,1692,16,0.6528213166144201,0.3471786833855799,0.16967045001067255
478,1095,0.004746833183146873,xes3g5m,learner_based,0,3701,8.216628493133443,1617,13,0.6511753580113483,0.3488246419886517,0.1769041769041769
479,585,0.21819167611621726,xes3g5m,learner_based,0,2016,7.6093665379542115,2009,1,0.7663690476190477,0.23363095238095233,0.2336863140594651
48,613,0.16457027510047068,xes3g5m,learner_based,0,2011,7.60688453121963,1452,6,0.6389855793137742,0.3610144206862258,0.48286604361370716
480,1930,0.13774668051688715,xes3g5m,learner_based,0,6369,8.759354748566208,2040,36,0.641859004553305,0.358140995446695,0.9713114754098361
481,508,0.1216821692238643,xes3g5m,learner_based,0,1734,7.45876269238096,1734,3,0.8915801614763552,0.10841983852364478,0.7704771656768381
482,413,0.00037029852096968083,xes3g5m,learner_based,0,1427,7.2640301428995295,1426,6,0.8444288717589348,0.15557112824106523,0.7621951219512195
483,541,0.02059990224325789,xes3g5m,learner_based,0,1881,7.540090320145325,1881,1,0.9840510366826156,0.01594896331738438,0.7758318739054291
484,592,2.0980603596245213e-05,xes3g5m,learner_based,0,2048,7.6251071482389,2043,2,0.7138671875,0.2861328125,0.7751207528603008
485,418,0.29402251927511824,xes3g5m,learner_based,0,1515,7.323830566202317,1394,4,0.6726072607260726,0.3273927392739274,0.983177570093458
486,715,0.0874646750676048,xes3g5m,learner_based,0,2498,7.823645930834952,1327,5,0.8294635708566853,0.17053642914331468,0.9896666217518312
487,401,0.10922986716775229,xes3g5m,learner_based,0,1614,7.387090235656757,1156,4,0.8215613382899628,0.1784386617100372,0.9964444416351144
488,678,0.068351968724249,xes3g5m,learner_based,0,2284,7.734121303328305,2002,5,0.5967600700525394,0.4032399299474606,0.14298180004986288
489,686,0.08578260840967561,xes3g5m,learner_based,0,2419,7.791522819150732,1569,4,0.8933443571723853,0.10665564282761475,0.3163841807909605
49,67,0.11355213343632617,xes3g5m,learner_based,0,227,5.429345628954441,227,1,0.8325991189427313,0.1674008810572687,0.5504587155963303
490,199,0.1088813205785546,xes3g5m,learner_based,0,670,6.508769136971682,670,1,0.8656716417910447,0.13432835820895528,0.401054053430003
491,407,0.254738086548562,xes3g5m,learner_based,0,1310,7.1785454837637,1308,4,0.7007633587786259,0.29923664122137406,0.4189717012675157
492,227,0.18151013953262862,xes3g5m,learner_based,0,839,6.733401891837359,836,1,0.8140643623361145,0.18593563766388554,0.945054945054945
493,121,3.1474271937327106e-06,xes3g5m,learner_based,0,407,6.0112671744041615,407,1,0.855036855036855,0.144963144963145,0.9768339768339769
494,125,0.26551309384871896,xes3g5m,learner_based,0,501,6.218600119691729,501,2,0.7345309381237525,0.2654690618762475,0.02826086956521739
495,77,0.30548812610542475,xes3g5m,learner_based,0,312,5.746203190540153,312,5,0.5032051282051282,0.4967948717948718,0.09876361975598616
496,309,0.28659079905035073,xes3g5m,learner_based,0,1005,6.913737350659685,1004,1,0.5830845771144278,0.41691542288557215,0.08196721311475409
497,326,0.24959128773112868,xes3g5m,learner_based,0,1091,6.9957661563048505,1015,2,0.28689275893675525,0.7131072410632447,0.0838150289017341
498,432,0.3053749762440121,xes3g5m,learner_based,0,1315,7.182352111885263,1117,5,0.5011406844106464,0.4988593155893536,0.12304250559284116
499,292,0.16898831480379525,xes3g5m,learner_based,0,976,6.884486652042782,975,2,0.819672131147541,0.180327868852459,0.4865787154804063
5,5266,0.04930690052106952,xes3g5m,learner_based,0,18609,9.831454349636296,9672,21,0.8876350153151701,0.11236498468482992,0.8007662835249042
50,69,0.012485263445912822,xes3g5m,learner_based,0,235,5.4638318050256105,235,2,0.8340425531914893,0.16595744680851066,0.5482954545454546
500,239,0.06728166694242402,xes3g5m,learner_based,0,673,6.513230110912307,671,5,0.8989598811292719,0.10104011887072806,0.3280757097791798
501,515,0.05819550250946681,xes3g5m,learner_based,0,1867,7.532623618788788,1601,3,0.9287627209426889,0.07123727905731114,0.6303191489361702
502,467,0.1949998272273763,xes3g5m,learner_based,0,1614,7.387090235656757,1467,3,0.7794299876084263,0.2205700123915737,0.5634682916752737
503,262,9.769911535554445e-05,xes3g5m,learner_based,0,875,6.775366090936392,851,6,0.824,0.17600000000000005,0.85
504,537,0.03951545885273827,xes3g5m,learner_based,0,2042,7.622174594817622,1949,6,0.8917727717923605,0.10822722820763953,0.9502281125492867
505,351,0.0011666526343222137,xes3g5m,learner_based,0,1343,7.203405521083095,1343,6,0.8808637379002234,0.11913626209977657,0.976
506,152,0.033288261092629445,xes3g5m,learner_based,0,473,6.161207321695077,285,2,0.9344608879492601,0.06553911205073992,0.24892703862660945
507,107,0.11734586926264179,xes3g5m,learner_based,0,342,5.8377304471659395,264,1,0.9181286549707602,0.08187134502923976,0.34957627118644063
508,458,0.19790208971689105,xes3g5m,learner_based,0,1511,7.321188556739478,940,6,0.8232958305757776,0.1767041694242224,0.3283018867924528
509,119,0.19427945710984723,xes3g5m,learner_based,0,325,5.786897381366708,254,1,0.7815384615384615,0.21846153846153848,0.4177777777777778
51,1374,0.19183900657265734,xes3g5m,learner_based,0,4638,8.442254104751743,4201,7,0.7912893488572661,0.2087106511427339,0.11223217466537738
510,195,0.23113369812445644,xes3g5m,learner_based,0,600,6.398594934535208,470,7,0.77,0.22999999999999998,0.38935365394274235
511,130,0.18276735540622707,xes3g5m,learner_based,0,398,5.988961416889864,259,2,0.8467336683417085,0.1532663316582915,0.514502168548568
512,192,0.05923323410873611,xes3g5m,learner_based,0,577,6.359573868672378,252,6,0.9532062391681109,0.04679376083188913,0.5589123867069486
513,285,0.13965257712754242,xes3g5m,learner_based,0,911,6.815639990074331,611,5,0.849615806805708,0.15038419319429197,0.6386946386946387
514,107,0.3281716311646399,xes3g5m,learner_based,0,343,5.840641657373398,331,3,0.6326530612244898,0.36734693877551017,0.6117021276595744
515,116,0.23592576274050173,xes3g5m,learner_based,0,416,6.0330862217988015,331,3,0.7283653846153846,0.2716346153846154,0.15068407701584396
516,199,0.0703181708184768,xes3g5m,learner_based,0,607,6.410174881966167,606,2,0.9159802306425041,0.08401976935749589,0.29904761904761906
517,155,0.0767503016695971,xes3g5m,learner_based,0,482,6.180016653652572,312,5,0.941908713692946,0.05809128630705396,0.8946340460526316
518,370,0.0520853112941778,xes3g5m,learner_based,0,1287,7.160845906664299,1055,4,0.9145299145299145,0.0854700854700855,0.5979643765903307
519,218,0.09841952857953201,xes3g5m,learner_based,0,684,6.529418838262226,684,2,0.8011695906432749,0.19883040935672514,0.9904260389741333
52,405,0.22879566908952345,xes3g5m,learner_based,0,1362,7.217443431696533,1207,10,0.6497797356828194,0.35022026431718056,0.44946989592452097
520,96,0.02662882395088674,xes3g5m,learner_based,0,248,5.517452896464707,192,4,0.9475806451612904,0.05241935483870963,0.8746490219542145
521,170,0.1391016670119237,xes3g5m,learner_based,0,501,6.218600119691729,368,12,0.7684630738522954,0.2315369261477046,0.20567375886524822
522,171,0.21944769329802621,xes3g5m,learner_based,0,552,6.315358001522335,522,3,0.7536231884057971,0.24637681159420288,0.8014856407556881
523,60,0.09763922715840943,xes3g5m,learner_based,0,200,5.303304908059076,174,6,0.815,0.18500000000000005,0.7086389137328238
524,94,0.27693389844337596,xes3g5m,learner_based,0,295,5.69035945432406,237,3,0.7898305084745763,0.21016949152542375,0.8951310861423221
525,27,0.3081292580399248,xes3g5m,learner_based,0,68,4.23410650459726,67,1,0.7647058823529411,0.23529411764705888,0.9360356064218724
526,445,0.01189028907364739,xes3g5m,learner_based,0,1514,7.323170717943469,792,6,0.9795244385733157,0.020475561426684274,0.9394588622092866
527,40,0.3943619392812252,xes3g5m,learner_based,0,160,5.081404364984463,160,1,0.4125,0.5875,0.2074575271547699
528,130,0.25255786137512093,xes3g5m,learner_based,0,474,6.163314804034641,473,1,0.7616033755274262,0.23839662447257381,0.5022749681607165
529,155,0.09584111560832224,xes3g5m,learner_based,0,553,6.317164686747284,512,7,0.8933092224231465,0.10669077757685352,0.7972602739726027
53,198,0.16322041196146547,xes3g5m,learner_based,0,662,6.4967749901858625,592,3,0.729607250755287,0.270392749244713,0.4528650363245677
530,252,0.06735391150096617,xes3g5m,learner_based,0,876,6.776506992372183,871,2,0.7568493150684932,0.24315068493150682,0.45924724842767295
531,277,7.988954018602184e-06,xes3g5m,learner_based,0,950,6.85751406254539,947,1,0.6810526315789474,0.31894736842105265,0.5719965918773076
532,46,3.7628792803889866e-06,xes3g5m,learner_based,0,154,5.043425116919247,154,1,0.974025974025974,0.025974025974025983,0.44816534181240064
533,46,0.050598693282707885,xes3g5m,learner_based,0,137,4.927253685157205,137,1,0.9635036496350365,0.03649635036496346,0.5170454545454546
534,86,0.0680322082453343,xes3g5m,learner_based,0,270,5.602118820879701,174,4,0.9407407407407408,0.059259259259259234,0.6670929241261723
535,114,0.1658401323253648,xes3g5m,learner_based,0,399,5.991464547107982,233,3,0.8446115288220551,0.15538847117794485,0.6904761904761905
536,450,0.15395878984282413,xes3g5m,learner_based,0,1779,7.484368643286131,435,8,0.8724002248454188,0.1275997751545812,0.11522633744855967
537,78,0.09532766655469549,xes3g5m,learner_based,0,241,5.488937726156687,203,1,0.9087136929460581,0.09128630705394192,0.7916666666666666
538,63,0.1447871319787014,xes3g5m,learner_based,0,173,5.159055299214529,160,3,0.9132947976878613,0.08670520231213874,0.7777777777777778
539,63,0.026242237578752263,xes3g5m,learner_based,0,173,5.159055299214529,160,3,0.9190751445086706,0.08092485549132944,0.783068783068783
54,1344,0.15827800595698568,xes3g5m,learner_based,0,4528,8.418256443556213,3162,13,0.7926236749116607,0.20737632508833925,0.16937354988399073
540,81,0.14801283605701443,xes3g5m,learner_based,0,221,5.402677381872279,184,8,0.8054298642533937,0.1945701357466063,0.7635135135135135
541,107,0.10342365106411061,xes3g5m,learner_based,0,293,5.683579767338681,207,8,0.8122866894197952,0.1877133105802048,0.8464730290456431
542,42,0.04197783803655987,xes3g5m,learner_based,0,120,4.795790545596741,119,1,0.9166666666666666,0.08333333333333337,0.8332487120137385
543,85,0.10842821878545422,xes3g5m,learner_based,0,302,5.713732805509369,297,1,0.8973509933774835,0.10264900662251653,0.6146522290508243
544,49,0.08759366618280846,xes3g5m,learner_based,0,142,4.962844630259907,141,2,0.8380281690140845,0.1619718309859155,0.829077875952876
545,189,0.1134719854545972,xes3g5m,learner_based,0,713,6.570882962339584,356,7,0.8120617110799438,0.18793828892005615,0.7612903225806451
546,1490,0.1925788726546683,xes3g5m,learner_based,0,5135,8.544029845369797,2540,10,0.667964946445959,0.33203505355404095,0.3821428571428571
547,63,0.11001702902168241,xes3g5m,learner_based,0,220,5.3981627015177525,195,1,0.8590909090909091,0.14090909090909087,0.7779673871824042
548,81,0.19975911228009213,xes3g5m,learner_based,0,210,5.351858133476067,142,5,0.8333333333333334,0.16666666666666663,0.9023786124096898
549,88,0.06071452593261544,xes3g5m,learner_based,0,242,5.493061443340548,119,3,0.9586776859504132,0.04132231404958675,0.9069661857990587
55,24052,0.09975534860522507,xes3g5m,learner_based,0,83840,11.336677426964654,11671,106,0.8036498091603054,0.19635019083969463,0.19411764705882353
550,49,0.2681521482822694,xes3g5m,learner_based,0,149,5.0106352940962555,56,4,0.785234899328859,0.21476510067114096,0.8306264501160093
551,14,9.102763148582937e-06,xes3g5m,learner_based,0,38,3.6635616461296463,38,1,0.9736842105263158,0.02631578947368418,0.8309953766889586
552,6,0.29365535897293094,xes3g5m,learner_based,0,24,3.2188758248682006,24,1,0.8333333333333334,0.16666666666666663,0.8407529033099909
553,38,0.10618704635845982,xes3g5m,learner_based,0,130,4.875197323201151,50,5,0.9153846153846154,0.08461538461538465,0.8309712998102468
554,42,0.1306993478820438,xes3g5m,learner_based,0,170,5.14166355650266,68,7,0.8823529411764706,0.11764705882352944,0.8156939260264675
555,14,0.21350202390125816,xes3g5m,learner_based,0,56,4.04305126783455,46,1,0.8928571428571429,0.1071428571428571,0.8946015876205787
556,12,4.0602709427961514e-07,xes3g5m,learner_based,0,42,3.7612001156935624,42,1,1.0,0.0,0.8962728796981976
557,11,1.9237841519803567e-06,xes3g5m,learner_based,0,33,3.5263605246161616,31,1,1.0,0.0,0.9418604651162791
558,153,0.05993628053883321,xes3g5m,learner_based,0,605,6.406879986069314,605,1,0.9338842975206612,0.06611570247933884,0.9409722222222222
559,28,0.23552271792351853,xes3g5m,learner_based,0,68,4.23410650459726,68,1,0.9264705882352942,0.07352941176470584,0.11787346737082677
56,13896,0.12019395222837134,xes3g5m,learner_based,0,48306,10.785331756675916,10105,88,0.8002732579803751,0.19972674201962493,0.5394974174640954
560,39,0.07429347071485763,xes3g5m,learner_based,0,91,4.5217885770490405,91,1,0.989010989010989,0.01098901098901095,0.09285714285714286
561,19,0.021404627122377083,xes3g5m,learner_based,0,44,3.8066624897703196,44,1,0.9772727272727273,0.022727272727272707,0.10768409950224207
562,338,0.17103565247054692,xes3g5m,learner_based,0,954,6.86171134048073,612,3,0.6918238993710691,0.30817610062893086,0.1417145593869732
563,49,0.4639400887702192,xes3g5m,learner_based,0,107,4.68213122712422,107,1,0.3177570093457944,0.6822429906542056,0.07307692307692308
564,100,0.16205180021788695,xes3g5m,learner_based,0,228,5.43372200355424,129,4,0.543859649122807,0.45614035087719296,0.0704245761483843
565,155,0.10010636910916335,xes3g5m,learner_based,0,408,6.013715156042802,341,4,0.9117647058823529,0.08823529411764708,0.10846581875993641
566,77,0.13872208183800636,xes3g5m,learner_based,0,240,5.484796933490655,240,3,0.9291666666666667,0.0708333333333333,0.39026427324856644
567,89,0.1310989834975485,xes3g5m,learner_based,0,279,5.634789603169249,279,2,0.8387096774193549,0.16129032258064513,0.4794871794871795
568,58,0.07415157795186529,xes3g5m,learner_based,0,203,5.318119993844216,193,5,0.9310344827586207,0.06896551724137934,0.43958868894601544
569,83,0.0003794176662483431,xes3g5m,learner_based,0,252,5.53338948872752,251,2,0.7976190476190477,0.20238095238095233,0.3916637770121218
57,17194,0.12454609775658546,xes3g5m,learner_based,0,60464,11.009819964219377,10777,123,0.7562847314104261,0.24371526858957393,0.4336569579288026
570,33,0.052140183521039635,xes3g5m,learner_based,0,112,4.727387818712341,112,1,0.9196428571428571,0.0803571428571429,0.4947788759109514
571,97,0.1358005375578549,xes3g5m,learner_based,0,273,5.6131281063880705,228,1,0.8498168498168498,0.1501831501831502,0.6785714285714286
572,48,0.10704456766446432,xes3g5m,learner_based,0,146,4.990432586778736,135,3,0.910958904109589,0.08904109589041098,0.7240243057882627
573,51,0.03568677016186953,xes3g5m,learner_based,0,124,4.8283137373023015,71,2,0.9758064516129032,0.024193548387096753,0.90657255616272
574,98,0.08677858453154477,xes3g5m,learner_based,0,302,5.713732805509369,302,2,0.9139072847682119,0.08609271523178808,0.7359974469895751
575,40,0.2808358869398944,xes3g5m,learner_based,0,121,4.804021044733257,110,1,0.7107438016528925,0.2892561983471075,0.8785046728971962
576,99,0.245223709831715,xes3g5m,learner_based,0,298,5.700443573390687,273,6,0.6946308724832215,0.30536912751677847,0.05976527618318663
577,70,0.08282125262277468,xes3g5m,learner_based,0,253,5.537334267018537,253,1,0.8814229249011858,0.11857707509881421,0.43416370106761565
578,95,0.2421800900544775,xes3g5m,learner_based,0,311,5.7430031878094825,310,1,0.5466237942122186,0.4533762057877814,0.2827868852459016
579,190,9.770116096407458e-05,xes3g5m,learner_based,0,615,6.423246963533519,614,1,0.2682926829268293,0.7317073170731707,0.32670454545454547
58,5189,0.15467674540594167,xes3g5m,learner_based,0,17967,9.796347676978224,8848,20,0.8095953692881394,0.19040463071186065,0.5406360424028268
580,141,0.20827586361180647,xes3g5m,learner_based,0,613,6.419994928147142,353,5,0.7732463295269169,0.22675367047308315,0.5327102803738317
581,225,0.17538586419489646,xes3g5m,learner_based,0,816,6.705639094860003,483,4,0.6384803921568627,0.3615196078431373,0.5361824096481136
582,408,0.08206311189660839,xes3g5m,learner_based,0,1534,7.336285660021297,776,4,0.9106910039113429,0.08930899608865706,0.9537578914648916
583,203,5.277561162323261e-07,xes3g5m,learner_based,0,761,6.635946555686647,761,2,0.9316688567674113,0.06833114323258871,0.9527186761229315
584,81,0.20709432459171906,xes3g5m,learner_based,0,357,5.8805329864007,357,1,0.7563025210084033,0.24369747899159666,0.9833024118738405
585,203,0.23067273633678448,xes3g5m,learner_based,0,713,6.570882962339584,703,3,0.758765778401122,0.24123422159887797,0.16346153846153846
586,983,0.06042880973159366,xes3g5m,learner_based,0,3210,8.074337694089515,1667,11,0.7875389408099689,0.2124610591900311,0.4472241976010999
587,228,0.1422102541515702,xes3g5m,learner_based,0,588,6.3784261836515865,220,2,0.9693877551020408,0.030612244897959218,0.0058997563522450395
588,114,0.11777174577378392,xes3g5m,learner_based,0,293,5.683579767338681,219,1,0.9795221843003413,0.020477815699658675,0.005479452054794521
589,118,0.195352615166053,xes3g5m,learner_based,0,275,5.62040086571715,244,3,0.8145454545454546,0.18545454545454543,0.043233082706766915
59,2613,0.12036171481804996,xes3g5m,learner_based,0,8750,9.076923258535832,5045,35,0.8165714285714286,0.18342857142857139,0.5601120448179272
590,23,0.34966798134795996,xes3g5m,learner_based,0,51,3.9512437185814275,51,1,0.29411764705882354,0.7058823529411764,0.042071197411003236
591,22,0.43549958895891905,xes3g5m,learner_based,0,56,4.04305126783455,56,1,0.6607142857142857,0.3392857142857143,0.08079820272234703
592,30,0.45156707887848213,xes3g5m,learner_based,0,67,4.219507705176107,67,1,0.4925373134328358,0.5074626865671642,0.09863945578231292
593,112,0.016962018138539522,xes3g5m,learner_based,0,269,5.598421958998375,216,1,0.8364312267657993,0.16356877323420072,0.15450643776824036
594,134,0.02603531749294319,xes3g5m,learner_based,0,323,5.780743515792329,227,2,0.8513931888544891,0.1486068111455109,0.17355371900826447
595,137,0.13101961894681424,xes3g5m,learner_based,0,363,5.8971538676367405,267,3,0.9090909090909091,0.09090909090909094,0.1976190476190476
596,37,0.22392282272512853,xes3g5m,learner_based,0,93,4.543294782270004,92,4,0.6774193548387096,0.32258064516129037,0.20634920634920634
597,49,0.16572095803460293,xes3g5m,learner_based,0,138,4.9344739331306915,136,1,0.855072463768116,0.14492753623188404,0.2873699772955277
598,107,0.09518018650395853,xes3g5m,learner_based,0,361,5.8916442118257715,226,6,0.8227146814404432,0.17728531855955676,0.6802721088435374
599,22,0.12332178787751624,xes3g5m,learner_based,0,55,4.02535169073515,55,1,0.9636363636363636,0.036363636363636376,0.5736434108527132
6,9073,0.11880026748632169,xes3g5m,learner_based,0,31549,10.35932886796936,10199,51,0.7403721195600494,0.25962788043995055,0.2863849765258216
60,536,0.05052709580423422,xes3g5m,learner_based,0,1864,7.5310163320779155,1785,7,0.9340128755364807,0.06598712446351929,0.5626581024871962
600,35,0.04332156011036463,xes3g5m,learner_based,0,71,4.276666119016055,70,1,0.9436619718309859,0.05633802816901412,0.8278008298755186
601,27,0.03870165789568866,xes3g5m,learner_based,0,88,4.48863636973214,87,1,0.9431818181818182,0.05681818181818177,0.7776288352695859
602,29,0.25600912653166674,xes3g5m,learner_based,0,87,4.477336814478207,87,5,0.735632183908046,0.26436781609195403,0.7899761336515513
603,57,0.007993863548091435,xes3g5m,learner_based,0,216,5.37989735354046,211,3,0.9861111111111112,0.01388888888888884,0.08561501207772582
604,87,0.3482340760288182,xes3g5m,learner_based,0,288,5.666426688112432,287,1,0.1909722222222222,0.8090277777777778,0.15896806770499966
605,82,0.2467295662386388,xes3g5m,learner_based,0,312,5.746203190540153,311,1,0.7051282051282052,0.2948717948717948,0.17261989133002598
606,90,0.17326001723607382,xes3g5m,learner_based,0,409,6.016157159698354,406,1,0.7775061124694377,0.22249388753056232,0.31365313653136534
607,146,2.6311340450170923e-05,xes3g5m,learner_based,0,485,6.186208623900494,482,1,0.4061855670103093,0.5938144329896907,0.36231884057971014
608,115,0.0008483036704685087,xes3g5m,learner_based,0,466,6.1463292576688975,461,1,0.9742489270386266,0.025751072961373356,0.5026672252478704
609,34,0.00010730721073747953,xes3g5m,learner_based,0,108,4.6913478822291435,107,3,0.6296296296296297,0.37037037037037035,0.6362019914651493
61,2009,0.1438445104882203,xes3g5m,learner_based,0,7009,8.855092980028635,4771,30,0.761449564845199,0.238550435154801,0.5533498759305211
610,67,0.12088634379541693,xes3g5m,learner_based,0,238,5.476463551931511,236,1,0.9243697478991597,0.07563025210084029,0.6697702017477614
611,58,0.09182142183698463,xes3g5m,learner_based,0,211,5.356586274672012,211,1,0.8957345971563981,0.10426540284360186,0.689873417721519
612,259,0.1027295518847226,xes3g5m,learner_based,0,921,6.826545223556594,511,7,0.9337676438653637,0.0662323561346363,0.6942446043165468
613,139,0.089412329035054,xes3g5m,learner_based,0,484,6.184148890937483,472,1,0.9049586776859504,0.0950413223140496,0.7662778571266635
614,103,0.30479518362112995,xes3g5m,learner_based,0,359,5.886104031450156,355,2,0.7799442896935933,0.2200557103064067,0.9553571428571429
615,25,0.21634238831242364,xes3g5m,learner_based,0,85,4.454347296253507,83,1,0.9294117647058824,0.07058823529411762,0.05639097744360902
616,25,0.0016166839034359606,xes3g5m,learner_based,0,68,4.23410650459726,68,1,0.4264705882352941,0.5735294117647058,0.08771583171206226
617,30,0.14111326063672697,xes3g5m,learner_based,0,65,4.189654742026425,65,2,0.8153846153846154,0.18461538461538463,0.23605150214592274
618,122,0.1810706664548546,xes3g5m,learner_based,0,469,6.152732694704104,466,1,0.8272921108742004,0.1727078891257996,0.09090909090909091
619,82,0.030206997133119577,xes3g5m,learner_based,0,307,5.730099782973574,281,3,0.9185667752442996,0.08143322475570036,0.48284313725490197
62,4675,0.15956354912460088,xes3g5m,learner_based,0,16085,9.685704607464015,8173,31,0.8177805408765931,0.18221945912340687,0.1213235294117647
620,33,0.3596970459665031,xes3g5m,learner_based,0,105,4.663439094112067,105,1,0.47619047619047616,0.5238095238095238,0.4095022624434389
621,8,0.47688569501042366,xes3g5m,learner_based,0,33,3.5263605246161616,33,2,0.8484848484848485,0.1515151515151515,0.9566326530612245
622,7,0.02837125744138448,xes3g5m,learner_based,0,29,3.4011973816621555,29,1,0.9655172413793104,0.03448275862068961,0.9489795918367347
623,102,0.23060467079376495,xes3g5m,learner_based,0,332,5.808142489980444,330,1,0.7680722891566265,0.2319277108433735,0.5231998581668059
624,232,0.00025463353241119845,xes3g5m,learner_based,0,848,6.744059186311348,433,3,0.8325471698113207,0.1674528301886793,0.6245772073477662
625,295,0.11031783257299832,xes3g5m,learner_based,0,1055,6.962243464266207,873,4,0.8492890995260663,0.15071090047393365,0.6417322834645669
626,166,0.31321515439198133,xes3g5m,learner_based,0,586,6.375024819828097,458,7,0.6672354948805461,0.3327645051194539,0.6747379367139845
627,78,0.00887051185112894,xes3g5m,learner_based,0,312,5.746203190540153,311,1,0.009615384615384616,0.9903846153846154,1.0
628,61,0.48267650537972256,xes3g5m,learner_based,0,217,5.384495062789089,202,1,0.6175115207373272,0.3824884792626728,0.018617021276595744
629,124,0.1288466788377733,xes3g5m,learner_based,0,454,6.12029741895095,450,2,0.8480176211453745,0.1519823788546255,0.04608305804624823
63,1350,0.09311386945553951,xes3g5m,learner_based,0,4894,8.49596955496461,4300,7,0.9013077237433592,0.09869227625664079,0.5348396355743417
630,37,2.8774596402178267e-05,xes3g5m,learner_based,0,132,4.890349128221754,131,1,0.7045454545454546,0.2954545454545454,0.9388074888074889
631,19,0.30178016424179077,xes3g5m,learner_based,0,59,4.0943445622221,41,1,0.7627118644067796,0.23728813559322037,0.005797101449275362
632,20,0.283028903696686,xes3g5m,learner_based,0,56,4.04305126783455,40,1,0.6428571428571429,0.3571428571428571,0.004695068524855759
633,47,0.238501718247983,xes3g5m,learner_based,0,160,5.081404364984463,111,2,0.6125,0.38749999999999996,0.010313662945241893
634,100,0.3366487432492431,xes3g5m,learner_based,0,423,6.049733455231958,216,2,0.7304964539007093,0.2695035460992907,0.10699588477366255
635,784,0.09863399956357541,xes3g5m,learner_based,0,2617,7.870165946469845,1103,10,0.7871608712265954,0.2128391287734046,0.4659090909090909
636,88,0.004722522591474416,xes3g5m,learner_based,0,265,5.583496308781699,149,2,0.9735849056603774,0.026415094339622636,0.7053941908713693
637,69,0.15057322107749216,xes3g5m,learner_based,0,233,5.455321115357702,231,5,0.9098712446351931,0.09012875536480691,0.6954887218045113
638,59,0.020322371842497536,xes3g5m,learner_based,0,196,5.2832037287379885,195,3,0.9642857142857143,0.0357142857142857,0.7624905070685828
639,45,0.09395344654719032,xes3g5m,learner_based,0,161,5.087596335232384,160,3,0.9006211180124224,0.0993788819875776,0.7550432276657061
64,6952,0.0674090156125621,xes3g5m,learner_based,0,24463,10.104957928168844,4587,38,0.8868495278583984,0.11315047214160157,0.6622222222222223
640,124,0.11926639359444383,xes3g5m,learner_based,0,415,6.030685260261263,415,1,0.8674698795180723,0.1325301204819277,0.1561938958707361
641,26,0.037109650098360425,xes3g5m,learner_based,0,83,4.430816798843313,78,1,0.9759036144578314,0.02409638554216864,0.8690095846645367
642,7,1.6804715838869555e-06,xes3g5m,learner_based,0,33,3.5263605246161616,32,1,1.0,0.0,0.8051044083526682
643,330,0.0004357179174745364,xes3g5m,learner_based,0,1084,6.98933526597456,625,2,0.8247232472324724,0.17527675276752763,0.22652585016215293
644,433,0.33634412831717714,xes3g5m,learner_based,0,1410,7.252053951852814,694,3,0.7049645390070922,0.2950354609929078,0.29203691464101245
645,216,0.5243856863041099,xes3g5m,learner_based,0,714,6.5722825426940075,682,3,0.40896358543417366,0.5910364145658263,0.3172423771665296
646,208,0.010925404880423534,xes3g5m,learner_based,0,667,6.504288173536645,663,4,0.7976011994002998,0.20239880059970017,0.44889779559118237
647,172,0.13315994812305582,xes3g5m,learner_based,0,509,6.234410725718371,269,2,0.8467583497053045,0.1532416502946955,0.8174757281553398
648,78,0.16583135800483903,xes3g5m,learner_based,0,230,5.442417710521793,230,1,0.8869565217391304,0.11304347826086958,0.8202118637287377
649,285,0.16388653420042576,xes3g5m,learner_based,0,942,6.849066282633458,550,2,0.7165605095541401,0.2834394904458599,0.8564544302232115
65,8944,0.12375721251826073,xes3g5m,learner_based,0,30450,10.323874113321294,8548,68,0.8008866995073891,0.1991133004926109,0.5
650,285,8.183497979692444e-07,xes3g5m,learner_based,0,942,6.849066282633458,550,2,0.7165605095541401,0.2834394904458599,0.8587135877395623
651,50,0.12895809412002562,xes3g5m,learner_based,0,199,5.298317366548036,179,2,0.7788944723618091,0.2211055276381909,0.7634854771784232
652,41,0.0574404253062365,xes3g5m,learner_based,0,191,5.2574953720277815,182,1,0.9476439790575916,0.05235602094240843,0.8685121107266436
653,89,0.3461791920283381,xes3g5m,learner_based,0,340,5.831882477283517,243,2,0.5852941176470589,0.41470588235294115,0.3497380298582836
654,104,0.12601471672286815,xes3g5m,learner_based,0,415,6.030685260261263,288,3,0.8024096385542169,0.19759036144578312,0.9070247933884298
655,160,0.2493608854503312,xes3g5m,learner_based,0,536,6.285998094508865,380,1,0.42723880597014924,0.5727611940298507,0.3947015224358974
656,141,0.12683909942547897,xes3g5m,learner_based,0,450,6.111467339502679,409,2,0.84,0.16000000000000003,0.48742874159788985
657,414,0.00013112098876675112,xes3g5m,learner_based,0,1228,7.113956109566034,439,3,0.8371335504885994,0.1628664495114006,0.03945905066951377
658,449,0.2433597455662002,xes3g5m,learner_based,0,1335,7.197435354096591,436,4,0.7588014981273409,0.24119850187265912,0.05401459854014599
659,549,0.05748973146270965,xes3g5m,learner_based,0,1831,7.513163545234075,858,2,0.9328235936646642,0.06717640633533584,0.6233333333333333
66,4747,0.11565036615885052,xes3g5m,learner_based,0,16295,9.698674957906642,8098,15,0.8432034366370053,0.15679656336299475,0.7142857142857143
660,98,0.1992062378712759,xes3g5m,learner_based,0,375,5.929589143389895,155,2,0.9173333333333333,0.08266666666666667,0.9696312364425163
661,31,0.2341384363375724,xes3g5m,learner_based,0,120,4.795790545596741,111,5,0.8083333333333333,0.19166666666666665,0.5
662,17,0.13621733819737153,xes3g5m,learner_based,0,66,4.204692619390966,66,1,0.9545454545454546,0.045454545454545414,0.2699333639705882
663,16,0.00021482568246258815,xes3g5m,learner_based,0,59,4.0943445622221,59,1,0.864406779661017,0.13559322033898302,0.294921875
664,17,0.09787984367679148,xes3g5m,learner_based,0,50,3.9318256327243257,50,1,0.94,0.06000000000000005,0.2651867314107499
665,73,0.15272099504323855,xes3g5m,learner_based,0,202,5.313205979041787,127,7,0.8366336633663366,0.1633663366336634,0.3782798833819242
666,26,0.20134809727852154,xes3g5m,learner_based,0,71,4.276666119016055,71,1,0.8450704225352113,0.15492957746478875,0.3902439024390244
667,13,0.06618699169031282,xes3g5m,learner_based,0,22,3.1354942159291497,22,1,0.8636363636363636,0.13636363636363635,0.762794479767724
668,26,0.2690022228142389,xes3g5m,learner_based,0,70,4.2626798770413155,64,2,0.7857142857142857,0.2142857142857143,0.9312886653883723
669,12,0.36025049537420273,xes3g5m,learner_based,0,24,3.2188758248682006,24,1,0.7083333333333334,0.29166666666666663,0.762165092432651
67,5417,0.10365780387460269,xes3g5m,learner_based,0,19048,9.854769885738698,7054,63,0.8373057538849223,0.16269424611507766,0.5295743904108547
670,29,0.28256091039932885,xes3g5m,learner_based,0,80,4.394449154672439,73,2,0.85,0.15000000000000002,0.886026263202969
671,27,0.25039482889352016,xes3g5m,learner_based,0,93,4.543294782270004,93,1,0.8494623655913979,0.15053763440860213,0.9930232558139535
672,13,0.23531124912775475,xes3g5m,learner_based,0,45,3.828641396489095,45,1,0.7555555555555555,0.24444444444444446,0.10223642172523961
673,15,0.16897226559619108,xes3g5m,learner_based,0,45,3.828641396489095,45,1,0.8,0.19999999999999996,0.09502262443438914
674,15,0.13919101158777875,xes3g5m,learner_based,0,42,3.7612001156935624,42,1,0.8095238095238095,0.19047619047619047,0.09560643800035039
675,33,0.2820463288772964,xes3g5m,learner_based,0,82,4.418840607796598,76,2,0.7804878048780488,0.2195121951219512,0.28533491712405445
676,19,0.11066040935877124,xes3g5m,learner_based,0,57,4.060443010546419,57,1,0.8771929824561403,0.1228070175438597,0.322265625
677,19,0.15000659070516892,xes3g5m,learner_based,0,48,3.8918202981106265,48,1,0.7708333333333334,0.22916666666666663,0.5392786860429912
678,27,0.3501113233742891,xes3g5m,learner_based,0,76,4.343805421853684,76,1,0.8421052631578947,0.1578947368421053,0.7482761216501055
679,58,0.008153455010775893,xes3g5m,learner_based,0,209,5.3471075307174685,106,2,0.9760765550239234,0.02392344497607657,0.7477148080438757
68,2138,0.021981274789256697,xes3g5m,learner_based,0,7246,8.888342869109282,2684,17,0.9590118686171681,0.04098813138283186,0.436025866470021
680,76,0.10246892273426059,xes3g5m,learner_based,0,281,5.641907070938114,281,1,0.9288256227758007,0.07117437722419928,0.1906158357771261
681,188,0.0010170064265922851,xes3g5m,learner_based,0,660,6.493753839851686,363,3,0.8590909090909091,0.14090909090909087,0.4833892598744719
682,60,0.0001276140618550342,xes3g5m,learner_based,0,248,5.517452896464707,248,1,0.6733870967741935,0.3266129032258065,0.5305123749140631
683,33,0.1302680416802381,xes3g5m,learner_based,0,100,4.61512051684126,65,2,0.86,0.14,0.653359264136882
684,44,0.0015284689845210437,xes3g5m,learner_based,0,158,5.0689042022202315,158,1,0.4873417721518987,0.5126582278481013,0.7672413793103449
685,35,0.33084608214973876,xes3g5m,learner_based,0,114,4.74493212836325,82,4,0.3684210526315789,0.631578947368421,0.9548750863321347
686,17,0.13310629830640908,xes3g5m,learner_based,0,49,3.912023005428146,49,1,0.8571428571428571,0.1428571428571429,0.08677685950413223
687,49,0.28065656927623306,xes3g5m,learner_based,0,191,5.2574953720277815,191,1,0.5287958115183246,0.47120418848167545,0.06611570247933884
688,51,0.24024231623237333,xes3g5m,learner_based,0,158,5.0689042022202315,158,1,0.6708860759493671,0.3291139240506329,0.10213780313262241
689,77,0.25280397782078035,xes3g5m,learner_based,0,339,5.8289456176102075,182,2,0.6519174041297935,0.3480825958702065,0.12190082644628099
69,2584,0.16268522661745294,xes3g5m,learner_based,0,9072,9.11305824916963,3492,30,0.7847222222222222,0.2152777777777778,0.563479018915213
690,60,0.08355267519752178,xes3g5m,learner_based,0,206,5.332718793265369,206,1,0.8883495145631068,0.11165048543689315,0.2723934392465619
691,69,0.34676011422298086,xes3g5m,learner_based,0,217,5.384495062789089,183,2,0.7327188940092166,0.26728110599078336,0.2928416485900217
692,58,0.017054736322514703,xes3g5m,learner_based,0,210,5.351858133476067,210,3,0.7571428571428571,0.24285714285714288,0.42032920310981536
693,54,0.18473026584143992,xes3g5m,learner_based,0,192,5.262690188904886,192,2,0.6614583333333334,0.33854166666666663,0.4258324726431252
694,40,0.0676366085186601,xes3g5m,learner_based,0,153,5.0369526024136295,153,2,0.934640522875817,0.065359477124183,0.5167785234899329
695,106,0.19521613174803415,xes3g5m,learner_based,0,400,5.993961427306569,215,3,0.78,0.21999999999999997,0.6076672104404568
696,158,0.09212356315383433,xes3g5m,learner_based,0,586,6.375024819828097,227,4,0.9010238907849829,0.0989761092150171,0.623423180592992
697,29,0.12985062768187683,xes3g5m,learner_based,0,103,4.6443908991413725,103,1,0.970873786407767,0.029126213592232997,0.6593406593406593
698,107,1.6292762805493725e-07,xes3g5m,learner_based,0,381,5.945420608606575,219,2,0.8792650918635171,0.12073490813648291,0.7052845528455285
699,40,0.2899339348077774,xes3g5m,learner_based,0,160,5.081404364984463,157,2,0.71875,0.28125,0.719888482700048
7,3542,0.15695769293999554,xes3g5m,learner_based,0,11934,9.387230538772931,7827,15,0.8055136584548349,0.1944863415451651,0.6471540072339615
70,52,0.017337356850492043,xes3g5m,learner_based,0,186,5.231108616854587,186,2,0.9731182795698925,0.026881720430107503,0.6432042072369047
700,73,0.15595859809689328,xes3g5m,learner_based,0,247,5.5134287461649825,244,2,0.8299595141700404,0.17004048582995956,0.9901768172888016
701,14,0.14285347291401462,xes3g5m,learner_based,0,29,3.4011973816621555,29,1,1.0,0.0,0.9930458970792768
702,69,0.41564768943361985,xes3g5m,learner_based,0,238,5.476463551931511,238,2,0.40756302521008403,0.592436974789916,0.12228645031572995
703,47,0.1592944009189909,xes3g5m,learner_based,0,202,5.313205979041787,202,1,0.8514851485148515,0.14851485148514854,0.4230769230769231
704,61,0.0003781013253575028,xes3g5m,learner_based,0,247,5.5134287461649825,231,2,0.8744939271255061,0.1255060728744939,0.5197568389057751
705,43,0.1387450237606847,xes3g5m,learner_based,0,149,5.0106352940962555,50,3,0.959731543624161,0.04026845637583898,0.8459821428571429
706,15,0.4328811089197795,xes3g5m,learner_based,0,45,3.828641396489095,45,1,0.8444444444444444,0.15555555555555556,0.46697038724373574
707,23,0.00035820896182336504,xes3g5m,learner_based,0,60,4.110873864173311,58,1,0.016666666666666666,0.9833333333333333,0.6955667549329461
708,15,0.3073039604971807,xes3g5m,learner_based,0,30,3.4339872044851463,30,1,0.7666666666666667,0.23333333333333328,0.22264582853002207
709,81,0.048406654313482525,xes3g5m,learner_based,0,284,5.652489180268651,284,2,0.9929577464788732,0.007042253521126751,0.06389646985732987
71,822,0.22327133784197506,xes3g5m,learner_based,0,2786,7.932721027481948,2442,3,0.7803302225412778,0.21966977745872218,0.7546520685476892
710,17,0.4416684429435169,xes3g5m,learner_based,0,46,3.8501476017100584,46,2,0.43478260869565216,0.5652173913043479,0.053316225819186734
711,19,0.13108485623409874,xes3g5m,learner_based,0,62,4.143134726391533,62,1,0.9193548387096774,0.08064516129032262,0.03131223383069334
712,32,1.0097262288080221e-06,xes3g5m,learner_based,0,100,4.61512051684126,62,1,0.39,0.61,0.9799328859060403
713,180,0.3073612715221113,xes3g5m,learner_based,0,672,6.511745329644728,665,1,0.6770833333333334,0.32291666666666663,0.8976230582069998
714,39,0.10223764028304667,xes3g5m,learner_based,0,107,4.68213122712422,107,1,0.897196261682243,0.10280373831775702,0.02857142857142857
715,33,0.21462361115228504,xes3g5m,learner_based,0,82,4.418840607796598,82,2,0.9024390243902439,0.09756097560975607,0.1603805273639003
716,15,0.056461052099863705,xes3g5m,learner_based,0,42,3.7612001156935624,35,2,0.7380952380952381,0.26190476190476186,0.94480216119597
717,7,0.1428497798878262,xes3g5m,learner_based,0,25,3.258096538021482,24,1,0.96,0.040000000000000036,0.9877300613496932
718,10,2.7598927306859977e-06,xes3g5m,learner_based,0,21,3.091042453358316,19,3,0.9523809523809523,0.04761904761904767,0.9443155452436195
719,21,0.09016062815984088,xes3g5m,learner_based,0,108,4.6913478822291435,108,2,0.9629629629629629,0.03703703703703709,0.7332888365989412
72,1078,0.04275228622818067,xes3g5m,learner_based,0,3760,8.232440158470336,3088,8,0.848404255319149,0.15159574468085102,0.5869967670029199
720,30,0.22227577188362674,xes3g5m,learner_based,0,103,4.6443908991413725,84,1,0.5339805825242718,0.46601941747572817,0.3301282051282051
721,46,0.20503086499545892,xes3g5m,learner_based,0,192,5.262690188904886,192,1,0.7239583333333334,0.27604166666666663,0.427435337588176
722,11,0.4302861189300364,xes3g5m,learner_based,0,51,3.9512437185814275,51,2,0.49019607843137253,0.5098039215686274,0.03734439834024896
723,22,0.10308102501386947,xes3g5m,learner_based,0,65,4.189654742026425,65,2,0.8615384615384616,0.1384615384615384,0.036885245901639344
725,12,0.30058750843939686,xes3g5m,learner_based,0,46,3.8501476017100584,42,4,0.7391304347826086,0.26086956521739135,0.17644515543257383
726,22,0.017835211633127478,xes3g5m,learner_based,0,46,3.8501476017100584,46,1,0.9565217391304348,0.04347826086956519,0.13666932482721955
727,20,0.0012951958838954122,xes3g5m,learner_based,0,81,4.406719247264253,80,1,0.9012345679012346,0.09876543209876543,0.9508196721311475
728,31,0.16932026310751203,xes3g5m,learner_based,0,101,4.624972813284271,101,1,0.9603960396039604,0.03960396039603964,0.657967032967033
729,14,3.841426296676989e-06,xes3g5m,learner_based,0,47,3.871201010907891,47,1,0.9148936170212766,0.08510638297872342,0.9970845481049563
73,15354,0.04902857883058759,xes3g5m,learner_based,0,54222,10.900860451658483,10024,101,0.8356386706502895,0.16436132934971048,0.7536534446764092
730,10,0.3085387286730111,xes3g5m,learner_based,0,44,3.8066624897703196,44,2,0.38636363636363635,0.6136363636363636,0.12060521074665692
731,10,0.10358035019598899,xes3g5m,learner_based,0,24,3.2188758248682006,24,1,0.875,0.125,0.11915324415324416
732,29,0.0020328637185540346,xes3g5m,learner_based,0,80,4.394449154672439,80,1,0.9875,0.012499999999999956,0.07205917300380227
733,36,0.08675090803040406,xes3g5m,learner_based,0,98,4.59511985013459,98,2,0.9387755102040817,0.061224489795918324,0.13753349603483045
734,60,0.00026738694181450853,xes3g5m,learner_based,0,142,4.962844630259907,106,2,0.9084507042253521,0.09154929577464788,0.1585939347632302
735,26,0.00065669501535081,xes3g5m,learner_based,0,45,3.828641396489095,45,1,0.9111111111111111,0.0888888888888889,0.20085470085470086
736,26,0.30278402686907124,xes3g5m,learner_based,0,46,3.8501476017100584,46,1,0.8478260869565217,0.15217391304347827,0.20505156373329192
737,15,0.06846683820088707,xes3g5m,learner_based,0,30,3.4339872044851463,29,1,0.8666666666666667,0.1333333333333333,0.25078616352201255
738,15,0.13051580509631466,xes3g5m,learner_based,0,29,3.4011973816621555,29,1,0.9310344827586207,0.06896551724137934,0.24382716049382716
739,2,0.00019234418869018555,xes3g5m,learner_based,0,9,2.302585092994046,9,1,1.0,0.0,0.7723577235772358
74,1528,0.2935270085506435,xes3g5m,learner_based,0,5299,8.575462099540212,4877,8,0.5631251179467824,0.43687488205321756,0.421455938697318
740,14,0.3181368937158758,xes3g5m,learner_based,0,50,3.9318256327243257,50,1,0.24,0.76,0.9591247294372294
741,53,0.3713278495047664,xes3g5m,learner_based,0,184,5.220355825078324,184,2,0.46195652173913043,0.5380434782608696,0.9598850574712643
742,53,2.741381686832188e-07,xes3g5m,learner_based,0,184,5.220355825078324,184,2,0.46195652173913043,0.5380434782608696,0.9626551724137931
743,4,6.767105717307458e-07,xes3g5m,learner_based,0,31,3.4657359027997265,31,1,0.22580645161290322,0.7741935483870968,0.9678111587982833
744,19,0.26474199334820453,xes3g5m,learner_based,0,61,4.127134385045092,61,2,0.32786885245901637,0.6721311475409837,0.95822454308094
745,11,0.45644784430888563,xes3g5m,learner_based,0,29,3.4011973816621555,29,1,0.6206896551724138,0.3793103448275862,0.7412060301507538
746,15,0.1743669072786967,xes3g5m,learner_based,0,37,3.6375861597263857,37,1,0.918918918918919,0.08108108108108103,0.8969072164948454
747,15,0.4452592756288747,xes3g5m,learner_based,0,37,3.6375861597263857,37,1,0.7837837837837838,0.21621621621621623,0.8984238178633975
748,13,8.72069859969221e-05,xes3g5m,learner_based,0,46,3.8501476017100584,45,1,0.8260869565217391,0.17391304347826086,0.9446524291670212
749,12,0.3069831943139434,xes3g5m,learner_based,0,46,3.8501476017100584,46,1,0.8913043478260869,0.10869565217391308,0.9489923351909958
75,102,0.15524813247954147,xes3g5m,learner_based,0,307,5.730099782973574,305,3,0.9446254071661238,0.055374592833876246,0.6549019607843137
750,13,0.362108169338451,xes3g5m,learner_based,0,61,4.127134385045092,60,1,0.29508196721311475,0.7049180327868853,0.6396648044692738
751,20,0.1988750636577607,xes3g5m,learner_based,0,72,4.290459441148391,72,3,0.7777777777777778,0.2222222222222222,0.5578978575381452
752,2,8.171796798706055e-05,xes3g5m,learner_based,0,16,2.833213344056216,16,1,0.875,0.125,0.34802677238717283
753,2,6.556510925292969e-07,xes3g5m,learner_based,0,16,2.833213344056216,16,1,1.0,0.0,0.31784725887849086
754,10,0.003093786106834571,xes3g5m,learner_based,0,29,3.4011973816621555,29,1,0.896551724137931,0.10344827586206895,0.9933628318584071
755,15,0.42526894489613676,xes3g5m,learner_based,0,44,3.8066624897703196,39,2,0.5681818181818182,0.43181818181818177,0.9139426637046439
756,16,0.32539742439985275,xes3g5m,learner_based,0,55,4.02535169073515,43,2,0.6727272727272727,0.32727272727272727,0.9223057644110275
757,4,0.45519110560417175,xes3g5m,learner_based,0,21,3.091042453358316,21,1,0.7619047619047619,0.23809523809523814,0.9151138716356108
758,11,0.040367398585658514,xes3g5m,learner_based,0,41,3.7376696182833684,39,3,0.7560975609756098,0.24390243902439024,0.18339100346020762
759,11,0.01419741457158868,xes3g5m,learner_based,0,33,3.5263605246161616,33,1,0.9090909090909091,0.09090909090909094,0.7058823529411765
76,5503,0.10899315072084899,xes3g5m,learner_based,0,19408,9.873492155000728,7233,19,0.8658285243198681,0.13417147568013188,0.43191075420150676
760,13,0.35893193001930535,xes3g5m,learner_based,0,32,3.4965075614664802,28,2,0.78125,0.21875,0.8678365875162213
761,10,0.03832453805953264,xes3g5m,learner_based,0,54,4.007333185232471,54,2,0.8148148148148148,0.18518518518518523,0.3868272615462912
762,9,0.06937800962210755,xes3g5m,learner_based,0,43,3.784189633918261,43,1,0.9534883720930233,0.046511627906976716,0.3931888544891641
763,12,0.1615292743954977,xes3g5m,learner_based,0,62,4.143134726391533,54,2,0.9516129032258065,0.048387096774193505,0.3833458040750547
764,11,4.383755490671765e-06,xes3g5m,learner_based,0,52,3.970291913552122,52,1,0.8846153846153846,0.11538461538461542,0.3881004834465455
765,41,0.207217182538214,xes3g5m,learner_based,0,143,4.969813299576001,143,2,0.993006993006993,0.006993006993006978,0.0038314176245210726
766,10,0.15687526315450667,xes3g5m,learner_based,0,39,3.6888794541139363,39,1,0.8974358974358975,0.10256410256410253,0.5384615384615384
767,12,0.1598562399546305,xes3g5m,learner_based,0,22,3.1354942159291497,20,1,0.9090909090909091,0.09090909090909094,0.9865584935897436
768,11,0.3790988777420188,xes3g5m,learner_based,0,35,3.58351893845611,35,1,0.4,0.6,0.08823529411764706
769,10,0.012906694412231414,xes3g5m,learner_based,0,14,2.70805020110221,14,1,0.9285714285714286,0.0714285714285714,0.9669047127216928
77,5304,0.15629499862698304,xes3g5m,learner_based,0,18625,9.832313733081604,6976,24,0.8176107382550336,0.1823892617449664,0.41950113378684806
770,14,0.39559597202709745,xes3g5m,learner_based,0,44,3.8066624897703196,44,1,0.4772727272727273,0.5227272727272727,0.9948050546143934
771,14,0.07142699450847101,xes3g5m,learner_based,0,44,3.8066624897703196,44,1,1.0,0.0,0.9944127103037114
772,29,2.642272065011342e-06,xes3g5m,learner_based,0,93,4.543294782270004,93,1,0.8602150537634409,0.13978494623655913,0.9618834080717489
773,36,0.3657613819620262,xes3g5m,learner_based,0,122,4.812184355372417,122,2,0.860655737704918,0.139344262295082,0.0457002457002457
774,2,0.5477225929498672,xes3g5m,learner_based,0,9,2.302585092994046,8,2,0.4444444444444444,0.5555555555555556,0.13636363636363635
775,18,0.00015437602996826172,xes3g5m,learner_based,0,46,3.8501476017100584,24,2,0.9565217391304348,0.04347826086956519,0.9429951108183581
776,4,7.450580596923828e-07,xes3g5m,learner_based,0,21,3.091042453358316,19,2,1.0,0.0,0.9638336347197106
777,9,0.5989579390734434,xes3g5m,learner_based,0,21,3.091042453358316,20,1,0.7619047619047619,0.23809523809523814,0.9651972157772621
778,8,0.2602507287627347,xes3g5m,learner_based,0,23,3.1780538303479458,20,1,0.08695652173913043,0.9130434782608696,0.2918454935622318
779,10,0.010832073035521696,xes3g5m,learner_based,0,29,3.4011973816621555,29,2,0.7586206896551724,0.24137931034482762,0.9927797833935018
78,27722,0.08176404922723828,xes3g5m,learner_based,0,97596,11.488602034223852,10302,140,0.812195171933276,0.18780482806672405,0.5214723926380368
780,16,0.3303000368177891,xes3g5m,learner_based,0,63,4.1588830833596715,37,3,0.6984126984126984,0.3015873015873016,0.8777777777777778
781,6,0.4716541829208533,xes3g5m,learner_based,0,40,3.713572066704308,40,1,0.625,0.375,0.9758003562625099
782,2,0.5138561725616455,xes3g5m,learner_based,0,6,1.9459101490553132,6,1,0.5,0.5,0.2717375069346648
783,27,0.074393735856305,xes3g5m,learner_based,0,89,4.499809670330265,89,2,0.9325842696629213,0.0674157303370787,0.9673202614379085
784,4,0.5659142553340644,xes3g5m,learner_based,0,15,2.772588722239781,15,4,0.5333333333333333,0.4666666666666667,0.7651195499296765
785,24,0.041596603093441306,xes3g5m,learner_based,0,75,4.330733340286331,75,3,0.49333333333333335,0.5066666666666666,0.7275862068965517
786,53,0.3100573233759003,xes3g5m,learner_based,0,205,5.327876168789581,130,1,0.526829268292683,0.47317073170731705,0.44565217391304346
787,1,1.7881393431506964e-06,xes3g5m,learner_based,0,11,2.4849066497880004,11,1,1.0,0.0,0.9469964664310954
788,8,8.993661879674875e-07,xes3g5m,learner_based,0,16,2.833213344056216,15,1,1.0,0.0,0.9763179858116566
79,411,0.1731049512445569,xes3g5m,learner_based,0,1245,7.1276936993473985,939,8,0.8240963855421687,0.17590361445783131,0.6936936936936937
796,2,0.14627948403358454,xes3g5m,learner_based,0,9,2.302585092994046,9,1,0.6666666666666666,0.33333333333333337,0.6989898989898989
797,2,0.4999987483024596,xes3g5m,learner_based,0,11,2.4849066497880004,11,1,1.0,0.0,0.3882149046793761
798,3,0.0005087455113729211,xes3g5m,learner_based,0,11,2.4849066497880004,11,1,0.7272727272727273,0.2727272727272727,0.396078431372549
799,5,0.003312967531383037,xes3g5m,learner_based,0,15,2.772588722239781,14,2,0.5333333333333333,0.4666666666666667,0.6631299734748011
8,1394,0.047669801691490106,xes3g5m,learner_based,0,4673,8.449770515098804,4027,13,0.8617590413010914,0.13824095869890862,0.22957198443579765
80,739,0.09091787482076231,xes3g5m,learner_based,0,2637,7.87777633327726,1701,11,0.8373151308304891,0.16268486916951086,0.6706948640483383
800,1,0.0001235239615198,xes3g5m,learner_based,0,1,0.6931471805599453,1,1,0.0,1.0,0.7413127413127413
801,1,1.1920928956188348e-06,xes3g5m,learner_based,0,9,2.302585092994046,6,4,0.8888888888888888,0.11111111111111116,0.8571428571428571
802,1,0.0010360479354858398,xes3g5m,learner_based,0,7,2.0794415416798357,7,3,0.7142857142857143,0.2857142857142857,0.9543859649122807
803,1,0.9976860284805298,xes3g5m,learner_based,0,1,0.6931471805599453,1,1,1.0,0.0,0.9691119691119691
804,5,0.19999427795410152,xes3g5m,learner_based,0,10,2.3978952727983707,10,1,1.0,0.0,0.9828657964952765
805,4,0.2499893653732299,xes3g5m,learner_based,0,11,2.4849066497880004,11,1,0.9090909090909091,0.09090909090909094,0.9855334538878843
806,4,0.00017085671424865723,xes3g5m,learner_based,0,10,2.3978952727983707,10,1,0.9,0.09999999999999998,0.985740118832343
807,2,5.960464477539062e-07,xes3g5m,learner_based,0,7,2.0794415416798357,7,1,1.0,0.0,0.9903846153846154
808,2,0.004953294992446899,xes3g5m,learner_based,0,1,0.6931471805599453,1,1,1.0,0.0,0.9022556390977443
809,7,0.0688281485012599,xes3g5m,learner_based,0,54,4.007333185232471,54,2,0.9259259259259259,0.07407407407407407,0.5187311370495618
81,12365,0.1168569792211741,xes3g5m,learner_based,0,43085,10.670953397338373,9555,59,0.8116513867935476,0.18834861320645235,0.48261758691206547
810,3,0.3366701075186332,xes3g5m,learner_based,0,10,2.3978952727983707,10,1,0.7,0.30000000000000004,0.28486528968677977
82,2303,0.16346260744437763,xes3g5m,learner_based,0,7970,8.983565234427923,2805,40,0.7623588456712672,0.23764115432873278,0.6931038482471872
820,18,0.44220392706079614,xes3g5m,learner_based,0,56,4.04305126783455,56,1,0.6071428571428571,0.3928571428571429,0.14287573268155793
821,42,0.18385020741039798,xes3g5m,learner_based,0,143,4.969813299576001,132,3,0.8601398601398601,0.1398601398601399,0.13725490196078433
822,11,0.18734584613279864,xes3g5m,learner_based,0,77,4.356708826689592,53,2,0.7662337662337663,0.23376623376623373,0.52
823,11,3.52526783372205e-05,xes3g5m,learner_based,0,77,4.356708826689592,53,2,0.7662337662337663,0.23376623376623373,0.5236363636363637
824,22,0.17314779135102237,xes3g5m,learner_based,0,138,4.9344739331306915,85,4,0.7681159420289855,0.23188405797101452,0.5230323583439311
825,7,0.1275685429573059,xes3g5m,learner_based,0,16,2.833213344056216,16,1,0.625,0.375,0.6719294080405191
826,27,1.457927956013372e-07,xes3g5m,learner_based,0,89,4.499809670330265,89,1,0.7303370786516854,0.2696629213483146,0.9097744360902256
827,42,0.22560147808066433,xes3g5m,learner_based,0,137,4.927253685157205,106,2,0.6058394160583942,0.3941605839416058,0.9272727272727272
828,29,0.46434802639073336,xes3g5m,learner_based,0,105,4.663439094112067,105,2,0.4857142857142857,0.5142857142857142,0.9312714776632303
83,1070,0.1888129970391725,xes3g5m,learner_based,0,3777,8.236950048061455,1672,19,0.6531638866825523,0.3468361133174477,0.6179104477611941
830,18,0.45824951736125924,xes3g5m,learner_based,0,70,4.2626798770413155,70,1,0.5571428571428572,0.44285714285714284,0.9240174945329584
831,10,0.19670135110682166,xes3g5m,learner_based,0,25,3.258096538021482,25,1,0.24,0.76,0.41947565543071164
832,27,0.3505372487663947,xes3g5m,learner_based,0,74,4.31748811353631,74,2,0.36486486486486486,0.6351351351351351,0.9181251904262162
833,5,0.5463095204904675,xes3g5m,learner_based,0,15,2.772588722239781,15,1,0.26666666666666666,0.7333333333333334,0.022641509433962263
834,5,0.029952514977048834,xes3g5m,learner_based,0,15,2.772588722239781,15,1,0.26666666666666666,0.7333333333333334,0.03018867924528302
836,9,0.11110578676700791,xes3g5m,learner_based,0,35,3.58351893845611,35,1,0.0,1.0,0.6547619047619048
838,2,0.49259376525878906,xes3g5m,learner_based,0,1,0.6931471805599453,1,1,1.0,0.0,0.6541353383458647
839,3,0.7331801081697145,xes3g5m,learner_based,0,15,2.772588722239781,15,3,0.4,0.6,0.10699588477366255
84,544,0.14572984273770406,xes3g5m,learner_based,0,1950,7.576097340623111,1640,6,0.8343589743589743,0.16564102564102567,0.6862856766322765
841,2,0.054883305085240856,xes3g5m,learner_based,0,3,1.3862943611198906,3,1,0.3333333333333333,0.6666666666666667,0.15367965367965367
844,1,0.0233761370182037,xes3g5m,learner_based,0,5,1.791759469228055,5,1,0.0,1.0,0.4230769230769231
845,1,0.0365390181541444,xes3g5m,learner_based,0,5,1.791759469228055,5,1,1.0,0.0,0.4198717948717949
846,1,6.135532203188632e-06,xes3g5m,learner_based,0,4,1.6094379124341003,4,1,0.25,0.75,0.7110455710116657
848,1,0.00011730194091796875,xes3g5m,learner_based,0,6,1.9459101490553132,6,2,0.6666666666666666,0.33333333333333337,0.8176117293764353
849,2,0.6185834407806396,xes3g5m,learner_based,0,13,2.6390573296152584,13,1,0.5384615384615384,0.46153846153846156,0.3193548387096774
85,426,0.20432846482073613,xes3g5m,learner_based,0,1590,7.372118028337787,820,10,0.6553459119496855,0.3446540880503145,0.6945700245700246
850,2,0.49937704205513,xes3g5m,learner_based,0,6,1.9459101490553132,3,2,1.0,0.0,0.9761904761904762
858,1,4.410743713378906e-06,xes3g5m,learner_based,0,5,1.791759469228055,5,1,0.8,0.19999999999999996,0.23706896551724138
859,1,3.528594970703125e-05,xes3g5m,learner_based,0,9,2.302585092994046,9,1,0.7777777777777778,0.2222222222222222,0.46255506607929514
86,2080,0.1747438366045782,xes3g5m,learner_based,0,7861,8.969796305981806,2396,28,0.723953695458593,0.276046304541407,0.671604938271605
87,1983,0.1967950857325917,xes3g5m,learner_based,0,7238,8.88723835429314,5488,9,0.7105554020447638,0.28944459795523625,0.9330906170173545
88,9375,0.09346690028305638,xes3g5m,learner_based,0,35167,10.467891857203348,9360,52,0.8080018198879632,0.19199818011203684,0.92914653784219
89,236,1.0594000373888194e-05,xes3g5m,learner_based,0,813,6.70196036600254,642,2,0.7047970479704797,0.2952029520295203,0.8345864661654135
9,7120,0.16120980811703928,xes3g5m,learner_based,0,24243,10.095924443071176,9529,50,0.7949098708905663,0.2050901291094337,0.10070257611241218
90,28,0.20663943535847856,xes3g5m,learner_based,0,122,4.812184355372417,121,1,0.5327868852459017,0.4672131147540983,0.7205818732424832
91,7206,0.11431257895553545,xes3g5m,learner_based,0,26482,10.184258296685131,7890,21,0.7614983762555698,0.23850162374443018,0.8989041013631178
92,1441,0.10701911087586727,xes3g5m,learner_based,0,5250,8.566173813637858,2611,28,0.8262857142857143,0.1737142857142857,0.7309678416821274
93,920,0.02163232403107882,xes3g5m,learner_based,0,3338,8.113426639943654,2419,9,0.7273816656680647,0.2726183343319353,0.75
94,259,0.05085212367894526,xes3g5m,learner_based,0,896,6.799055862058796,894,3,0.9408482142857143,0.0591517857142857,0.7481239700135517
95,316,0.04309053247487998,xes3g5m,learner_based,0,1217,7.1049654482698426,1215,1,0.9597370583401807,0.04026294165981925,0.7272727272727273
96,808,0.01597003930256627,xes3g5m,learner_based,0,2892,7.970049304976135,2348,6,0.8938450899031812,0.10615491009681877,0.7567308687998343
97,368,0.07650437466952059,xes3g5m,learner_based,0,1375,7.226936018493289,1121,3,0.8967272727272727,0.1032727272727273,0.7566037735849057
98,1362,0.05325599228447443,xes3g5m,learner_based,0,5311,8.57772369115627,2430,14,0.7765016004518923,0.22349839954810768,0.7382198952879581
99,3111,0.11879195337270887,xes3g5m,learner_based,0,10860,9.292933670280036,3363,21,0.7831491712707183,0.21685082872928174,0.8053108974358975
