dataset,split,fold,kc_id,test_events,ECE,log1p_f_train,difficulty_proxy,item_support,learner_exposure,curriculum_position_proxy
assist2012,learner_based,0,1.0,2096,0.1064718541385293,8.796338932845732,0.3377212891511575,157.0,1132.0,0.7170263788968825
assist2012,learner_based,0,10.0,73,0.2152882717463685,5.8944028342648505,0.3011049723756905,68.0,274.0,0.4372930463576159
assist2012,learner_based,0,100.0,35,0.3259096738616271,4.7535901911063645,0.5217391304347826,15.0,68.0,0.4776119402985074
assist2012,learner_based,0,101.0,574,0.1979216424779129,7.582738488914411,0.4004075394803872,21.0,552.0,0.5517241379310345
assist2012,learner_based,0,103.0,2149,0.1432082185493769,8.946765374867635,0.1921374642020307,221.0,2244.0,0.517535228590505
assist2012,learner_based,0,104.0,111,0.2536210895606174,5.860786223465865,0.3914285714285714,6.0,344.0,0.6428571428571429
assist2012,learner_based,0,105.0,620,0.1303029708624367,7.456454555176209,0.23757225433526,65.0,610.0,0.3933982683982684
assist2012,learner_based,0,106.0,1259,0.1463890840329756,8.458716261657262,0.2572640509013786,60.0,1190.0,0.369047619047619
assist2012,learner_based,0,11.0,1204,0.1851083316184284,8.41913925094085,0.3409090909090909,210.0,1061.0,0.5769230769230769
assist2012,learner_based,0,110.0,405,0.1634873490090723,7.063903961472068,0.1138698630136986,43.0,316.0,0.6151923076923077
assist2012,learner_based,0,12.0,4243,0.1692034586787315,9.58781744354418,0.3779225231402126,654.0,3020.0,0.49
assist2012,learner_based,0,13.0,4000,0.1678680877219885,9.567595147779924,0.3294619743930596,868.0,2836.0,0.4615384615384615
assist2012,learner_based,0,14.0,318,0.1655216498165713,6.8966943316227125,0.187246963562753,74.0,485.0,0.4459945557067859
assist2012,learner_based,0,15.0,3025,0.1912212193797319,9.252153874789594,0.2290427776712066,499.0,2316.0,0.4438480941704036
assist2012,learner_based,0,16.0,1471,0.1685038174977868,8.541690663016626,0.277376537185243,286.0,1491.0,0.7110507246376812
assist2012,learner_based,0,163.0,151,0.2512039136856991,6.042632833682381,0.3238095238095237,19.0,115.0,0.4183673469387755
assist2012,learner_based,0,1641.0,46,0.1411495675211367,5.455321115357702,0.1845493562231759,2.0,127.0,0.5512820512820513
assist2012,learner_based,0,165.0,57,0.2503124019957587,5.318119993844216,0.2906403940886699,6.0,107.0,0.2702702702702703
assist2012,learner_based,0,166.0,601,0.2382682614911156,7.638198244285779,0.4746987951807229,32.0,782.0,0.5401929260450161
assist2012,learner_based,0,17.0,3139,0.1159499117977888,9.19634286233233,0.5170385395537526,228.0,1422.0,0.6814281862084182
assist2012,learner_based,0,172.0,19,0.3014937990198009,3.6635616461296463,0.2894736842105263,10.0,11.0,0.5337837837837838
assist2012,learner_based,0,173.0,66,0.2602683461525223,5.828945617610208,0.6784660766961652,8.0,45.0,0.4545454545454545
assist2012,learner_based,0,174.0,6,0.0074266990025838,3.4011973816621555,0.0689655172413793,2.0,29.0,0.6052631578947368
assist2012,learner_based,0,177.0,1,0.0038222074508668,1.0986122886681098,0.0,1.0,2.0,0.4423998428908091
assist2012,learner_based,0,18.0,3756,0.1665605242091108,9.513994213937664,0.2832361408429911,312.0,2972.0,0.7633587786259542
assist2012,learner_based,0,181.0,372,0.1404046223609037,7.069874128458572,0.3557446808510638,22.0,130.0,0.3333333333333333
assist2012,learner_based,0,184.0,12,0.4211174331164026,3.8501476017100575,0.5,1.0,45.0,0.2636476426799007
assist2012,learner_based,0,186.0,85,0.1894520349362317,6.1675164908883415,0.3319327731092437,8.0,65.0,0.8787755102040816
assist2012,learner_based,0,192.0,171,0.2123446300495089,6.222576268071369,0.3061630218687873,4.0,105.0,0.2894736842105263
assist2012,learner_based,0,196.0,51,0.3172125015773025,5.087596335232384,0.3913043478260869,12.0,86.0,0.5
assist2012,learner_based,0,197.0,21,0.2329406697480451,4.454347296253507,0.2117647058823529,4.0,78.0,0.6
assist2012,learner_based,0,198.0,20,0.3557571212761105,4.700480365792417,0.3394495412844036,7.0,52.0,0.375
assist2012,learner_based,0,2.0,95,0.1581503987312317,6.0473721790462776,0.1777251184834123,77.0,170.0,0.435436417129781
assist2012,learner_based,0,202.0,77,0.2297609675820771,6.295266001439646,0.4214417744916821,17.0,79.0,0.3943661971830985
assist2012,learner_based,0,203.0,223,0.2579440005894149,6.645090969505644,0.5325520833333333,6.0,238.0,0.773030303030303
assist2012,learner_based,0,204.0,83,0.210531281744949,6.251903883165888,0.555984555984556,16.0,61.0,0.5
assist2012,learner_based,0,206.0,37,0.2900476602686418,5.497168225293202,0.4650205761316872,6.0,42.0,0.7808219178082192
assist2012,learner_based,0,21.0,3507,0.0964012318144711,9.4054136126953,0.3749691434213774,454.0,1414.0,0.366412213740458
assist2012,learner_based,0,212.0,31,0.3699849530784113,5.068904202220232,0.6012658227848101,8.0,34.0,0.5742710795902286
assist2012,learner_based,0,213.0,65,0.1958357630440821,5.3706380281276624,0.2897196261682243,12.0,153.0,0.4545454545454545
assist2012,learner_based,0,214.0,27,0.2377530467799967,5.093750200806762,0.617283950617284,5.0,38.0,0.5
assist2012,learner_based,0,216.0,21,0.3198573381773063,4.343805421853684,0.3026315789473685,2.0,40.0,0.625
assist2012,learner_based,0,217.0,384,0.1283406002621632,7.305188215393037,0.3826496301277741,10.0,169.0,0.6414473684210527
assist2012,learner_based,0,218.0,9,0.4046975639131334,3.6375861597263857,0.4594594594594594,5.0,34.0,0.2738386308068459
assist2012,learner_based,0,22.0,2837,0.1309699634307795,9.2179116374725,0.2814888337468982,536.0,1692.0,0.5833333333333334
assist2012,learner_based,0,220.0,5,0.330427885055542,3.091042453358316,0.2857142857142857,3.0,16.0,0.7236842105263158
assist2012,learner_based,0,222.0,116,0.2819638221749458,5.8971538676367405,0.4545454545454546,8.0,65.0,0.6363636363636364
assist2012,learner_based,0,223.0,34,0.1453479802345528,5.135798437050262,0.7100591715976332,9.0,46.0,0.3423423423423423
assist2012,learner_based,0,224.0,96,0.2420984804630279,5.5909869805108565,0.3558052434456928,14.0,61.0,0.68
assist2012,learner_based,0,226.0,22,0.1652631803669713,5.056245805348308,0.608974358974359,10.0,22.0,0.1676706827309236
assist2012,learner_based,0,23.0,4,0.1212909827008843,2.772588722239781,0.6666666666666667,4.0,12.0,0.1428571428571428
assist2012,learner_based,0,230.0,84,0.0899083502590656,5.602118820879701,0.2851851851851852,7.0,31.0,0.7456086286594761
assist2012,learner_based,0,231.0,70,0.2879146749153733,5.849324779946859,0.5,5.0,61.0,0.6535517452541335
assist2012,learner_based,0,233.0,48,0.3975957565320035,5.41610040220442,0.4866071428571429,6.0,76.0,0.993171047339244
assist2012,learner_based,0,238.0,51,0.2279180349672541,5.631211781821365,0.5899280575539568,10.0,47.0,0.8333333333333334
assist2012,learner_based,0,24.0,1057,0.1251187335625784,8.216358332386156,0.1262162162162162,64.0,1114.0,0.80374326645653
assist2012,learner_based,0,240.0,362,0.131233537569642,7.116394144093465,0.4248578391551584,7.0,146.0,0.6197183098591549
assist2012,learner_based,0,25.0,5364,0.0863082815049525,9.836546146782249,0.1882485029940119,507.0,2159.0,0.375
assist2012,learner_based,0,26.0,1350,0.1353370525060152,8.415824697027949,0.1979189727695373,196.0,1439.0,0.5963636363636363
assist2012,learner_based,0,27.0,6386,0.1164098734105652,9.978223898650144,0.3031413855505545,444.0,2328.0,0.6058394160583942
assist2012,learner_based,0,276.0,14053,0.1275077958150473,10.804603731039336,0.2723063802136214,1176.0,5288.0,0.3734939759036144
assist2012,learner_based,0,277.0,30636,0.0827360889825044,11.551982703223755,0.2773076109326614,1356.0,7414.0,0.2948717948717949
assist2012,learner_based,0,278.0,11117,0.1219334173409739,10.552865691963367,0.1957634644517578,953.0,4983.0,0.3125
assist2012,learner_based,0,279.0,17212,0.0805429499776269,10.963445634222696,0.1505093202134294,857.0,4860.0,0.2893302449361786
assist2012,learner_based,0,280.0,30613,0.0956264553961872,11.523152985125664,0.3179941995704118,3522.0,6790.0,0.3970588235294117
assist2012,learner_based,0,281.0,1087,0.2139800255475591,8.185907481482324,0.2527166341599332,75.0,1150.0,0.1435406698564593
assist2012,learner_based,0,282.0,1139,0.1655082442814892,8.319717386850606,0.2359249329758713,182.0,869.0,0.6570945945945946
assist2012,learner_based,0,283.0,2570,0.0851300162208857,9.007856923358275,0.1072740631888317,140.0,1308.0,0.5247524752475248
assist2012,learner_based,0,284.0,510,0.1790423520320259,7.403061091090091,0.2189024390243902,50.0,518.0,0.6629304383998842
assist2012,learner_based,0,287.0,457,0.0681741822600625,7.479299637782834,0.3689265536723164,55.0,155.0,0.7848101265822784
assist2012,learner_based,0,288.0,392,0.1528338039358032,7.095064377287131,0.1908713692946058,132.0,359.0,0.7105263157894737
assist2012,learner_based,0,289.0,38,0.6292374239940391,4.691347882229144,0.8981481481481481,6.0,94.0,0.5
assist2012,learner_based,0,29.0,1,0.0009495615959167,2.8903717578961645,0.1176470588235294,2.0,17.0,0.2592592592592592
assist2012,learner_based,0,290.0,295,0.1907772593073926,7.028201432058005,0.3016858917480035,29.0,497.0,0.545631067961165
assist2012,learner_based,0,292.0,53,0.084272563598066,5.075173815233827,0.1949685534591194,14.0,130.0,0.6127167630057804
assist2012,learner_based,0,293.0,297,0.1107975276977275,6.818924065275521,0.2089715536105032,46.0,435.0,0.5906001765225066
assist2012,learner_based,0,294.0,2595,0.1225706547699682,9.055672891964043,0.4306560821853841,378.0,952.0,0.7905978408622519
assist2012,learner_based,0,295.0,2043,0.1128794550617616,8.897135342293316,0.2083447332421341,368.0,1562.0,0.6666666666666666
assist2012,learner_based,0,296.0,2613,0.1237248457680248,9.23620303150191,0.2017347237111393,406.0,2228.0,0.5882352941176471
assist2012,learner_based,0,297.0,3140,0.1309842403656299,9.217018026729423,0.4005563282336578,553.0,1628.0,0.6974497635933806
assist2012,learner_based,0,298.0,4057,0.1350146409907852,9.56493314971059,0.3183444405471765,474.0,2346.0,0.6401098901098901
assist2012,learner_based,0,299.0,1937,0.1156038090672726,8.8065738205036,0.499775348210274,259.0,1229.0,0.7586206896551724
assist2012,learner_based,0,3.0,15,0.2229332049687703,3.737669618283368,0.1707317073170732,1.0,41.0,0.2272727272727272
assist2012,learner_based,0,30.0,1,0.1443109959363937,1.9459101490553128,0.6666666666666667,2.0,6.0,0.9615384615384616
assist2012,learner_based,0,300.0,77,0.2334098603726476,5.666426688112432,0.7569444444444444,3.0,186.0,0.9162280701754386
assist2012,learner_based,0,301.0,5109,0.1363110090746734,9.741497894714092,0.4391462841015993,461.0,2234.0,0.7868666592319988
assist2012,learner_based,0,302.0,608,0.1363751106063749,7.6251071482389,0.34423828125,155.0,499.0,0.8100931091168782
assist2012,learner_based,0,303.0,1663,0.1558349419149144,8.503499864284235,0.4238491178259987,261.0,1313.0,0.7080745341614907
assist2012,learner_based,0,304.0,1411,0.1398067871689243,8.39072252736229,0.2395005675368898,182.0,907.0,0.8361344537815126
assist2012,learner_based,0,305.0,1243,0.1099009341748554,8.114922974204593,0.481005085252767,174.0,674.0,0.7238095238095238
assist2012,learner_based,0,306.0,722,0.137202438436593,7.841099765422119,0.3642800944138473,182.0,426.0,0.761549395877754
assist2012,learner_based,0,307.0,2651,0.1334908358538955,9.13075589263334,0.2559021009313407,375.0,2010.0,0.7142857142857143
assist2012,learner_based,0,308.0,677,0.1516100486115919,7.829630389150193,0.4257859132510943,189.0,595.0,0.7352941176470589
assist2012,learner_based,0,309.0,6732,0.1732317758551251,10.089635114163611,0.2970818978041593,427.0,5000.0,0.3223140495867768
assist2012,learner_based,0,310.0,12655,0.1537640904095807,10.705399447887462,0.3736293306424487,414.0,5664.0,0.391304347826087
assist2012,learner_based,0,311.0,40470,0.0624273055410086,11.813304093943202,0.2775333985011404,1986.0,6153.0,0.5424107142857143
assist2012,learner_based,0,312.0,12053,0.1131841553563313,10.643494463748558,0.4197719356839544,975.0,3045.0,0.507177033492823
assist2012,learner_based,0,313.0,39,0.2259929516376593,4.770684624465665,0.2136752136752137,3.0,70.0,0.828125
assist2012,learner_based,0,314.0,2271,0.0924196792385064,9.006386515055114,0.1258278145695364,174.0,1724.0,0.2262013729977116
assist2012,learner_based,0,315.0,776,0.1694068741770437,7.822444729489319,0.28937875751503,71.0,1079.0,0.2767295597484276
assist2012,learner_based,0,316.0,463,0.1098963437968016,7.615791072035833,0.2173484475110891,57.0,398.0,0.3828382838283828
assist2012,learner_based,0,317.0,2448,0.1457583717817328,9.080914824535723,0.3025611838360842,426.0,2212.0,0.7
assist2012,learner_based,0,318.0,106,0.1936794865287769,6.1675164908883415,0.5378151260504201,22.0,129.0,0.2698863636363636
assist2012,learner_based,0,319.0,991,0.1670313226188299,8.31434234336979,0.2822837539818672,315.0,915.0,0.4588859416445623
assist2012,learner_based,0,32.0,1253,0.0562029797985185,8.334711621820917,0.0710684273709484,68.0,1243.0,0.7157894736842105
assist2012,learner_based,0,320.0,8,0.1185571476817131,3.555348061489413,0.2058823529411765,2.0,34.0,0.6891928130866184
assist2012,learner_based,0,321.0,535,0.1696730034269183,7.612336837167746,0.3580613254203758,44.0,514.0,0.4983686742883907
assist2012,learner_based,0,322.0,4550,0.1318111078169678,9.670609272125022,0.5365438020701843,157.0,1908.0,0.6395554277261895
assist2012,learner_based,0,323.0,1968,0.1880410042962526,8.767796255626598,0.2687217810991749,337.0,1389.0,0.55
assist2012,learner_based,0,324.0,1609,0.1532120814117457,8.599878558034845,0.2160220994475138,108.0,875.0,0.592626358035024
assist2012,learner_based,0,325.0,3626,0.1092249231109415,9.367600498174768,0.3852332934541104,136.0,1005.0,0.6191745333238696
assist2012,learner_based,0,326.0,2505,0.1780449740236398,9.076008659180893,0.2512010981468772,185.0,1831.0,0.5950140648509562
assist2012,learner_based,0,327.0,103,0.1703115897343575,5.817111159963204,0.3194029850746268,11.0,216.0,0.59375
assist2012,learner_based,0,33.0,170,0.2244852216695161,6.335054251498059,0.3481349911190053,15.0,341.0,0.4
assist2012,learner_based,0,331.0,1636,0.1739332435264373,8.698013622083925,0.4378964941569282,80.0,1603.0,0.6135474462939252
assist2012,learner_based,0,332.0,121,0.1882488205105312,5.805134968916488,0.2507552870090634,11.0,223.0,0.8159509202453987
assist2012,learner_based,0,333.0,4340,0.1524369365385463,9.603732898850078,0.34961873270801,158.0,1727.0,0.6029411764705882
assist2012,learner_based,0,334.0,3864,0.1548208069275244,9.50933323557383,0.3574606941560367,179.0,2363.0,0.5929824561403508
assist2012,learner_based,0,336.0,4250,0.1374518875547629,9.632006859422356,0.3096956179480451,189.0,1728.0,0.6179053535818377
assist2012,learner_based,0,338.0,3913,0.121994965925321,9.47523988153072,0.4790515653775322,198.0,1333.0,0.4683679976121671
assist2012,learner_based,0,339.0,25,0.1270292818546295,5.081404364984463,0.1687499999999999,25.0,100.0,0.4279141104294478
assist2012,learner_based,0,34.0,4226,0.1036050784349476,9.520615293080596,0.2780670235389015,1500.0,1550.0,0.4060402684563758
assist2012,learner_based,0,340.0,7616,0.1444764573983041,10.119122988360015,0.3560777043366113,376.0,2778.0,0.489020979984296
assist2012,learner_based,0,343.0,91,0.3162053897669846,5.75890177387728,0.3354430379746835,1.0,310.0,0.3567892503536067
assist2012,learner_based,0,344.0,155,0.1764482618820282,6.486160788944089,0.4015267175572519,4.0,439.0,0.3364485981308411
assist2012,learner_based,0,345.0,14,0.6205197817512921,3.737669618283368,0.5609756097560976,1.0,41.0,0.7973568281938326
assist2012,learner_based,0,346.0,4630,0.0787679025840987,9.67401149314871,0.3394766637312869,1057.0,1148.0,0.7807017543859649
assist2012,learner_based,0,35.0,170,0.1511266500086469,6.572282542694008,0.4943977591036415,19.0,204.0,0.7792212339799706
assist2012,learner_based,0,350.0,3085,0.1232134736835506,9.376786579611847,0.5038950042337003,316.0,1450.0,0.7209302325581395
assist2012,learner_based,0,354.0,376,0.0782874197639683,7.254177846456518,0.1408351026185421,51.0,196.0,0.9416058394160584
assist2012,learner_based,0,355.0,18,0.1319971432288487,3.9889840465642745,0.150943396226415,4.0,46.0,0.91
assist2012,learner_based,0,356.0,434,0.1491845039637922,7.353081920515432,0.5461538461538462,381.0,248.0,0.7842023172905526
assist2012,learner_based,0,358.0,1362,0.1507682302479855,8.39638057119949,0.3164785553047404,165.0,743.0,0.6553795580304396
assist2012,learner_based,0,359.0,139,0.1515771040706326,6.171700597410915,0.3389121338912134,23.0,103.0,0.1410552851672428
assist2012,learner_based,0,36.0,1189,0.0962034309857828,8.52595469708481,0.3261947253618877,392.0,584.0,0.5882352941176471
assist2012,learner_based,0,360.0,286,0.1612822365022258,6.914730892718563,0.3876739562624254,64.0,187.0,0.0820817310723066
assist2012,learner_based,0,361.0,4,0.2506174389272928,3.295836866004329,0.5384615384615384,14.0,8.0,0.0941558441558441
assist2012,learner_based,0,362.0,595,0.1220012386212078,7.63433723562832,0.1698113207547169,186.0,412.0,0.6582278481012658
assist2012,learner_based,0,363.0,1199,0.1471409219875621,8.474285690404962,0.2785550219252454,175.0,736.0,0.6911764705882353
assist2012,learner_based,0,365.0,643,0.1620786969216278,7.860185057472165,0.3500578927055191,181.0,611.0,0.4810810810810811
assist2012,learner_based,0,366.0,423,0.1428146128857565,7.422971251049421,0.3419007770472205,252.0,243.0,0.655367231638418
assist2012,learner_based,0,367.0,407,0.1478271948022617,7.469083884921234,0.3550228310502283,479.0,254.0,0.6745586999159427
assist2012,learner_based,0,368.0,4462,0.1225341957229252,9.69467827290507,0.3707332101047442,658.0,1760.0,0.5854367507754212
assist2012,learner_based,0,370.0,120,0.2919571700505912,6.396929655216146,0.5676126878130217,17.0,233.0,0.0419580419580419
assist2012,learner_based,0,371.0,5770,0.1017547132883969,9.894194505624537,0.3798829110729786,1123.0,1523.0,0.7142857142857143
assist2012,learner_based,0,373.0,76,0.2509968567051385,5.945420608606575,0.5643044619422573,244.0,56.0,0.466966966966967
assist2012,learner_based,0,375.0,542,0.1412200610474701,7.672292455628756,0.4368886818816954,65.0,886.0,0.6532258064516129
assist2012,learner_based,0,376.0,61,0.2266619000278535,5.429345628954441,0.2951541850220264,5.0,174.0,0.8823529411764706
assist2012,learner_based,0,378.0,3762,0.1313826733933868,9.37695589894852,0.3577717575347104,159.0,1380.0,0.6709333442560279
assist2012,learner_based,0,385.0,12,0.5262364149093628,4.189654742026425,0.2615384615384615,4.0,65.0,0.3177387914230019
assist2012,learner_based,0,386.0,20,0.3136237472295761,3.970291913552122,0.1923076923076923,1.0,52.0,0.5237212750185323
assist2012,learner_based,0,387.0,8,0.2770824721046665,3.258096538021482,0.72,1.0,25.0,0.1047619047619047
assist2012,learner_based,0,388.0,76,0.2126626837263374,5.666426688112432,0.2708333333333333,11.0,100.0,0.9527447290357564
assist2012,learner_based,0,389.0,29,0.296910534644949,4.700480365792417,0.3027522935779816,10.0,79.0,0.131578947368421
assist2012,learner_based,0,39.0,3844,0.169022340284012,9.474625866621569,0.3740786240786241,604.0,2069.0,0.7125
assist2012,learner_based,0,390.0,15,0.3406912366549174,4.499809670330265,0.2808988764044944,1.0,89.0,0.3472222222222222
assist2012,learner_based,0,391.0,175,0.0415823999898774,6.1224928095143865,0.0197802197802198,24.0,159.0,0.4779541446208112
assist2012,learner_based,0,392.0,688,0.053011322334452,7.418180822726788,0.3147147147147147,67.0,192.0,0.3430079155672823
assist2012,learner_based,0,393.0,54,0.1940109164074615,5.3706380281276624,0.5747663551401869,26.0,107.0,0.4602200798519816
assist2012,learner_based,0,4.0,2215,0.1444434763887859,8.984192311641674,0.2930407523510971,246.0,1421.0,0.6065573770491803
assist2012,learner_based,0,40.0,3843,0.1499181819577792,9.568783751310876,0.3288609364081062,676.0,2310.0,0.6736026215702255
assist2012,learner_based,0,41.0,243,0.2829708746699578,6.704414354964107,0.3521472392638036,4.0,420.0,0.3910891089108911
assist2012,learner_based,0,42.0,3258,0.1304402554843934,9.377548290960087,0.2638125052880954,457.0,1833.0,0.5955056179775281
assist2012,learner_based,0,43.0,3,0.8407392899195352,3.555348061489413,0.3235294117647058,2.0,19.0,0.7769152130854258
assist2012,learner_based,0,45.0,1,0.2177392393350601,1.3862943611198906,0.6666666666666667,1.0,3.0,0.9863945578231292
assist2012,learner_based,0,46.0,2895,0.1181225969409489,9.212737496575905,0.314576474109548,633.0,1447.0,0.6872393661384487
assist2012,learner_based,0,47.0,19211,0.1015002878232057,11.108469847155238,0.2505207318717876,1156.0,5616.0,0.492063492063492
assist2012,learner_based,0,48.0,5672,0.111525996381755,9.865941436462158,0.3028242134773128,1026.0,2744.0,0.5
assist2012,learner_based,0,49.0,5966,0.1109100816633391,9.953039331365376,0.193242921722579,467.0,2777.0,0.3220338983050847
assist2012,learner_based,0,5.0,1335,0.195166076254274,8.37539918579835,0.3241124942369755,113.0,1702.0,0.5
assist2012,learner_based,0,50.0,4435,0.1309169727910453,9.677151410322754,0.2066716829696513,456.0,2211.0,0.4132747194818887
assist2012,learner_based,0,51.0,3857,0.1094168474569835,9.529739110979532,0.1254904810347333,302.0,1738.0,0.2893470298333048
assist2012,learner_based,0,52.0,47,0.0535117704817588,5.214935757608986,0.1366120218579235,8.0,113.0,0.2702702702702703
assist2012,learner_based,0,523.0,440,0.1141009353778579,7.461065514354283,0.3020713463751439,23.0,288.0,0.6096399535423926
assist2012,learner_based,0,53.0,487,0.2738251279725442,7.444248649496705,0.3604447045055587,46.0,810.0,0.3214285714285714
assist2012,learner_based,0,54.0,7381,0.1445176892642216,10.095305541807427,0.2788096417368334,623.0,3126.0,0.3978494623655914
assist2012,learner_based,0,568.0,107,0.2634441641172412,5.69035945432406,0.3898305084745762,2.0,172.0,0.8620689655172413
assist2012,learner_based,0,569.0,144,0.1283301001098557,6.139884552226255,0.7645788336933046,2.0,234.0,0.8698630136986302
assist2012,learner_based,0,570.0,145,0.1716793520424257,6.169610732491456,0.7379454926624738,2.0,232.0,0.7978142076502732
assist2012,learner_based,0,571.0,122,0.1418180005294728,6.021023349349527,0.5888077858880778,2.0,200.0,0.7611940298507462
assist2012,learner_based,0,572.0,146,0.2434419530255669,6.171700597410915,0.407949790794979,2.0,235.0,0.8116549277672099
assist2012,learner_based,0,573.0,139,0.1535038138185326,6.107022887742255,0.8191964285714286,2.0,230.0,0.8245179915455202
assist2012,learner_based,0,574.0,141,0.1840956588594634,6.126869184114185,0.5864332603938731,2.0,228.0,0.8650963597430407
assist2012,learner_based,0,575.0,90,0.2488964371434931,5.717027701406222,0.5313531353135313,2.0,197.0,0.8541666666666666
assist2012,learner_based,0,576.0,74,0.1793150509569189,5.332718793265369,0.1747572815533981,2.0,148.0,0.8124796527400977
assist2012,learner_based,0,577.0,104,0.0970550072021208,5.899897353582492,0.1043956043956043,2.0,208.0,0.8703951135712922
assist2012,learner_based,0,578.0,106,0.2182575545722909,5.908082938168931,0.2043596730245231,2.0,195.0,0.7975460122699386
assist2012,learner_based,0,579.0,108,0.1757185955863894,5.932245187448011,0.601063829787234,2.0,207.0,0.8100361805883278
assist2012,learner_based,0,58.0,1161,0.1439246726106021,8.482601746646619,0.1517912611306688,126.0,1129.0,0.1381381381381381
assist2012,learner_based,0,580.0,57,0.17686822226173,4.969813299576001,0.1608391608391608,2.0,96.0,0.7766990291262136
assist2012,learner_based,0,581.0,90,0.1602270435438388,5.755742213586912,0.6317460317460317,2.0,184.0,0.8017094017094017
assist2012,learner_based,0,582.0,104,0.1759242085513856,5.891644211825772,0.7340720221606648,2.0,206.0,0.8571428571428571
assist2012,learner_based,0,583.0,110,0.1953773717980684,5.929589143389895,0.7893333333333333,2.0,214.0,0.8553459119496856
assist2012,learner_based,0,584.0,110,0.242379950741253,5.87493073085203,0.3014084507042254,2.0,207.0,0.8707865168539326
assist2012,learner_based,0,585.0,112,0.174200408206421,5.932245187448011,0.6968085106382979,2.0,214.0,0.8437974409021904
assist2012,learner_based,0,586.0,50,0.3733374986797571,4.820281565605037,0.5121951219512195,2.0,96.0,0.8301886792452831
assist2012,learner_based,0,587.0,72,0.2057868018916149,5.517452896464707,0.6290322580645161,2.0,154.0,0.8601675977653631
assist2012,learner_based,0,588.0,60,0.2258880358840542,5.075173815233827,0.4150943396226415,2.0,126.0,0.8596938775510204
assist2012,learner_based,0,589.0,98,0.2150855204724523,5.802118375377063,0.503030303030303,2.0,202.0,0.8091334894613583
assist2012,learner_based,0,590.0,99,0.136688470807896,5.796057750765372,0.7957317073170732,2.0,198.0,0.7935366487610467
assist2012,learner_based,0,591.0,102,0.1274073711469742,5.7899601708972535,0.5644171779141105,2.0,202.0,0.8925363558597093
assist2012,learner_based,0,592.0,11,0.4457072019577026,3.610917912644224,0.1944444444444444,1.0,36.0,0.7810174785904815
assist2012,learner_based,0,593.0,11,0.3112731410619745,3.6635616461296463,0.7631578947368421,1.0,38.0,0.7760537285780453
assist2012,learner_based,0,594.0,11,0.1038953404221843,3.58351893845611,0.9142857142857144,1.0,35.0,0.7995226730310262
assist2012,learner_based,0,595.0,12,0.2813274379877838,3.6375861597263857,0.5405405405405406,1.0,37.0,0.8591549295774648
assist2012,learner_based,0,596.0,12,0.299792630597949,3.6375861597263857,0.3513513513513513,1.0,37.0,0.801909307875895
assist2012,learner_based,0,597.0,14,0.2371419865015209,3.713572066704308,0.85,1.0,40.0,0.8626603822990311
assist2012,learner_based,0,598.0,14,0.3352777315968913,3.713572066704308,0.3,1.0,40.0,0.8555750658472344
assist2012,learner_based,0,599.0,8,0.619269599323161,3.1354942159291497,0.3636363636363636,1.0,22.0,0.8686974789915967
assist2012,learner_based,0,6.0,356,0.3346388757872314,7.190676034332207,0.444947209653092,97.0,948.0,0.4228187919463087
assist2012,learner_based,0,600.0,9,0.2562114199002584,3.4011973816621555,0.1034482758620689,1.0,29.0,0.8074074074074075
assist2012,learner_based,0,601.0,9,0.2222136259078979,3.49650756146648,0.03125,1.0,32.0,0.7633577740176725
assist2012,learner_based,0,602.0,10,0.3467998027801514,3.4657359027997265,0.3870967741935484,1.0,31.0,0.766497461928934
assist2012,learner_based,0,603.0,8,0.2463924884796142,3.295836866004329,0.1538461538461538,1.0,26.0,0.7940098826851323
assist2012,learner_based,0,604.0,7,0.1686568004744393,3.044522437723423,0.15,1.0,20.0,0.8529411764705882
assist2012,learner_based,0,605.0,8,0.5756226908042663,3.258096538021482,0.3199999999999999,1.0,25.0,0.8308823529411765
assist2012,learner_based,0,606.0,12,0.4047689139176972,3.610917912644224,0.8055555555555556,1.0,36.0,0.882769695824674
assist2012,learner_based,0,607.0,11,0.4066370074154045,3.5263605246161616,0.696969696969697,1.0,33.0,0.9017857142857144
assist2012,learner_based,0,608.0,11,0.3492641004013422,3.58351893845611,0.7714285714285715,1.0,35.0,0.9090909090909092
assist2012,learner_based,0,609.0,11,0.3127062529198487,3.367295829986474,0.4285714285714286,1.0,28.0,0.8603896103896104
assist2012,learner_based,0,61.0,11871,0.1387374058108337,10.64713771526918,0.3289201587792065,932.0,4924.0,0.4595842956120092
assist2012,learner_based,0,610.0,11,0.1146271911645519,3.367295829986474,0.3214285714285714,1.0,28.0,0.8400974025974026
assist2012,learner_based,0,611.0,1,0.0044039832428097,0.6931471805599453,1.0,1.0,1.0,0.9622641509433962
assist2012,learner_based,0,612.0,9,0.3565708537999954,3.258096538021482,0.56,1.0,25.0,0.8970588235294118
assist2012,learner_based,0,613.0,12,0.2810191747539647,3.4339872044851463,0.7,1.0,30.0,0.8742088607594937
assist2012,learner_based,0,614.0,12,0.15823887150691,3.4339872044851463,0.5,1.0,30.0,0.8565161104718066
assist2012,learner_based,0,62.0,800,0.1865850703189062,7.994632311431825,0.342442645074224,86.0,1368.0,0.2682117950272892
assist2012,learner_based,0,63.0,582,0.1811068864664082,7.599401333415815,0.3677354709418837,167.0,523.0,0.2850140056022409
assist2012,learner_based,0,64.0,240,0.2383877504677609,6.878326468291325,0.3886597938144329,45.0,562.0,0.6276659959758552
assist2012,learner_based,0,65.0,5647,0.142520682566044,9.934065253000266,0.3242967992240543,289.0,2495.0,0.4591836734693877
assist2012,learner_based,0,67.0,13918,0.1454928454657592,10.727706854189794,0.3194228196750071,931.0,4921.0,0.4137931034482758
assist2012,learner_based,0,69.0,1094,0.1388078295068995,8.330381569349418,0.2780323125150711,205.0,1093.0,0.3118279569892473
assist2012,learner_based,0,7.0,95,0.1542824445439404,6.111467339502679,0.5044444444444445,18.0,211.0,0.4787230189772563
assist2012,learner_based,0,70.0,4838,0.1300035831284582,9.743788173778452,0.3052149938405585,714.0,2917.0,0.6447368421052632
assist2012,learner_based,0,74.0,1117,0.1479462363316128,8.351610750626559,0.17233238904627,291.0,1285.0,0.1666666666666666
assist2012,learner_based,0,75.0,4998,0.1371077500927659,9.739379125161532,0.2096394060806033,388.0,3941.0,0.4917349726775956
assist2012,learner_based,0,76.0,1620,0.2133557700355325,8.607033895416027,0.4296946425306271,350.0,2119.0,0.6574074074074074
assist2012,learner_based,0,77.0,5319,0.1620996374173372,9.796848442046416,0.4155540720961281,347.0,3121.0,0.6169014084507042
assist2012,learner_based,0,78.0,1662,0.1751045962914972,8.692322277628687,0.510073875083949,309.0,1054.0,0.795284219079081
assist2012,learner_based,0,79.0,11850,0.1082431309374112,10.61258189842552,0.2783081541262733,694.0,4994.0,0.5909090909090909
assist2012,learner_based,0,8.0,1874,0.1523527260390164,8.635687085464026,0.2062899786780383,162.0,1195.0,0.6329361255131738
assist2012,learner_based,0,80.0,1863,0.1136174831255446,8.823353485113792,0.3390279823269514,194.0,1054.0,0.6488226224558105
assist2012,learner_based,0,81.0,5220,0.1552301978100523,9.723403490682363,0.2998263784948811,550.0,2420.0,0.6482213438735178
assist2012,learner_based,0,82.0,3589,0.1504915900503519,9.523397750759193,0.2736380255941499,324.0,2576.0,0.5049833887043189
assist2012,learner_based,0,83.0,8700,0.1492099330592472,10.345091707260163,0.3538886924090924,391.0,3382.0,0.4166666666666667
assist2012,learner_based,0,84.0,2853,0.1414720201353966,9.159047077588632,0.2393936203810928,221.0,1669.0,0.4267515923566879
assist2012,learner_based,0,85.0,2422,0.1888599181461843,9.079662048334066,0.2877820834283109,176.0,2402.0,0.273574062025591
assist2012,learner_based,0,86.0,9082,0.1485957386387145,10.374615549443574,0.2301545184953957,625.0,6199.0,0.3774509803921568
assist2012,learner_based,0,88.0,206,0.2958967014309326,6.641182169740591,0.3790849673202614,17.0,392.0,0.631578947368421
assist2012,learner_based,0,9.0,188,0.2328236096939864,6.507277712385012,0.3542600896860987,53.0,277.0,0.7586206896551724
assist2012,learner_based,0,90.0,605,0.2022046688757452,7.753623546559746,0.4787462430227566,47.0,1002.0,0.2254545454545454
assist2012,learner_based,0,91.0,5444,0.1670183779217675,9.715650815054063,0.291178954989743,371.0,2505.0,0.4272418022418022
assist2012,learner_based,0,92.0,3967,0.2066149752472807,9.494390858193912,0.398072869617585,488.0,2924.0,0.432012084592145
assist2012,learner_based,0,93.0,56,0.35853547735938,5.204006687076795,0.6629834254143646,6.0,119.0,0.2916666666666667
assist2012,learner_based,0,94.0,6050,0.1799608890473658,9.920442993185542,0.3568654441767858,146.0,2466.0,0.3883495145631068
assist2012,learner_based,0,95.0,3981,0.1355808159434469,9.544667452251009,0.2544920896270313,404.0,2505.0,0.4402985074626865
assist2012,learner_based,0,96.0,1202,0.148933348527175,8.412943170042439,0.2095914742451154,171.0,809.0,0.5349652249510976
assist2012,learner_based,0,97.0,111,0.3005854654550497,5.755742213586912,0.4222222222222223,10.0,201.0,0.8163265306122449
assist2012,learner_based,0,98.0,200,0.1562248854705831,6.498282149476434,0.3076923076923077,18.0,293.0,0.25
assist2012,learner_based,0,99.0,64,0.2206811389187351,5.41610040220442,0.1964285714285714,11.0,164.0,0.385621719160105
assist2012,temporal,0,1.0,3245,0.1091820219333623,8.50086053679534,0.3690524603497357,116.0,936.0,0.3909852717115287
assist2012,temporal,0,10.0,124,0.1680676668146324,5.720311776607412,0.4375,8.0,294.0,0.6515151515151515
assist2012,temporal,0,100.0,28,0.4760166646114417,4.574710978503383,0.59375,9.0,67.0,0.6322537112010796
assist2012,temporal,0,101.0,617,0.2135001880247327,7.544861068658458,0.3978835978835978,21.0,533.0,0.4818838201509682
assist2012,temporal,0,103.0,2016,0.1549237500585872,8.959825623865841,0.181164075549274,126.0,2426.0,0.4305084745762711
assist2012,temporal,0,104.0,270,0.2497915460922134,5.43372200355424,0.4342105263157895,7.0,221.0,0.5294117647058824
assist2012,temporal,0,105.0,355,0.1953438382320315,7.537962659768208,0.2631859350026638,64.0,635.0,0.5555555555555556
assist2012,temporal,0,106.0,1115,0.1555164805007889,8.476996001664824,0.2582257392753019,59.0,1178.0,0.3625686813186813
assist2012,temporal,0,11.0,1686,0.2432311466985635,8.210396255104774,0.3458401305057096,211.0,827.0,0.6038548316090688
assist2012,temporal,0,110.0,442,0.1287967255199434,6.672032945461067,0.1546261089987325,43.0,290.0,0.5873544093178037
assist2012,temporal,0,12.0,4243,0.1873454473092184,9.57171425857138,0.3925585284280937,645.0,3046.0,0.3863035113035112
assist2012,temporal,0,13.0,4061,0.1760014836188569,9.52427481557203,0.3269525827427486,840.0,2645.0,0.3908045977011494
assist2012,temporal,0,14.0,524,0.1490682427637423,6.602587892189336,0.2038043478260869,84.0,398.0,0.2317956875220926
assist2012,temporal,0,15.0,2601,0.1671458434265913,9.29605924737872,0.2320543418395446,496.0,2250.0,0.4328358208955223
assist2012,temporal,0,16.0,2492,0.2024434958103436,7.982757702011113,0.292932741550017,278.0,777.0,0.7049180327868853
assist2012,temporal,0,163.0,175,0.2628223851402955,5.993961427306569,0.2624999999999999,9.0,100.0,0.3333333333333333
assist2012,temporal,0,165.0,2,0.5705256103537977,5.572154032177765,0.2709923664122137,6.0,140.0,0.2738636363636363
assist2012,temporal,0,166.0,883,0.2348750279678426,7.57455848420248,0.4874165382639959,32.0,715.0,0.5384615384615384
assist2012,temporal,0,17.0,4711,0.1631922901866432,8.9680140012452,0.5388046387154326,162.0,708.0,0.6877828054298643
assist2012,temporal,0,174.0,21,0.047396651336125,2.6390573296152584,0.0769230769230768,1.0,13.0,0.8823529411764706
assist2012,temporal,0,18.0,8766,0.2252598640954783,8.738895704934043,0.3014423076923077,287.0,1905.0,0.3932104100643426
assist2012,temporal,0,181.0,635,0.2033602845481061,6.738152494595957,0.3784104389086595,22.0,104.0,0.5409836065573771
assist2012,temporal,0,186.0,541,0.1968327547989909,4.653960350157523,0.4807692307692307,8.0,16.0,0.8244358833241607
assist2012,temporal,0,192.0,307,0.298677899598687,5.733341276897746,0.3149350649350649,4.0,80.0,0.5811403508771931
assist2012,temporal,0,196.0,58,0.4189781081734289,4.962844630259907,0.3943661971830986,12.0,39.0,0.5774690123950419
assist2012,temporal,0,197.0,90,0.2469602819687376,2.19722457733622,0.125,3.0,5.0,0.954469507101086
assist2012,temporal,0,2.0,271,0.1296828923905028,5.627621113690637,0.2454873646209386,45.0,71.0,0.2264150943396226
assist2012,temporal,0,202.0,87,0.2906213000459575,6.400257445308821,0.4126455906821963,17.0,94.0,0.3736263736263736
assist2012,temporal,0,203.0,770,0.266815562353034,5.198497031265826,0.5833333333333333,5.0,121.0,1.0
assist2012,temporal,0,204.0,318,0.3931471764376539,5.0238805208462765,0.8013245033112583,14.0,16.0,0.6929133858267716
assist2012,temporal,0,206.0,163,0.3102007800358936,5.10594547390058,0.5,6.0,28.0,0.3723776223776224
assist2012,temporal,0,21.0,2027,0.1889366008548987,9.580040123637604,0.3739635157545605,422.0,1431.0,0.4459459459459459
assist2012,temporal,0,212.0,122,0.3383151051587402,3.1354942159291497,0.7727272727272727,5.0,6.0,0.7008928571428572
assist2012,temporal,0,213.0,66,0.3022996260657568,4.691347882229144,0.3703703703703703,11.0,61.0,0.5
assist2012,temporal,0,217.0,1248,0.1223687160482558,6.505784060128229,0.3832335329341317,10.0,76.0,0.3492424242424242
assist2012,temporal,0,218.0,9,0.5039708481894598,3.367295829986474,0.4642857142857143,4.0,25.0,0.450025071034598
assist2012,temporal,0,22.0,4103,0.1676884717487019,9.043340831280013,0.2705353977071268,447.0,1326.0,0.3548387096774194
assist2012,temporal,0,220.0,10,0.0926315486431122,1.0986122886681098,0.0,1.0,2.0,0.951190476190476
assist2012,temporal,0,222.0,33,0.2151931756825158,6.244166900663736,0.4357976653696498,8.0,95.0,0.6747290244881574
assist2012,temporal,0,223.0,140,0.3576102459851037,4.718498871295094,0.7837837837837838,9.0,42.0,0.8654708520179372
assist2012,temporal,0,224.0,72,0.3499589683293985,5.69035945432406,0.288135593220339,14.0,75.0,0.8265895953757225
assist2012,temporal,0,226.0,2,0.1115246284753083,5.41164605185504,0.6233183856502242,10.0,29.0,0.2307692307692307
assist2012,temporal,0,230.0,203,0.7225310126505694,2.302585092994046,1.0,7.0,2.0,0.5172413793103449
assist2012,temporal,0,231.0,243,0.1727151752376752,5.44673737166631,0.5800865800865801,5.0,35.0,0.452914798206278
assist2012,temporal,0,233.0,261,0.3683737496234578,4.060443010546419,0.631578947368421,6.0,18.0,0.24
assist2012,temporal,0,24.0,3163,0.1374237329344875,7.323170717943469,0.1406869220607661,63.0,634.0,0.5370149385662513
assist2012,temporal,0,240.0,1010,0.2153682421837555,6.6039438246004725,0.4789687924016282,7.0,110.0,0.3832752613240418
assist2012,temporal,0,25.0,4799,0.1272381816711801,9.838842359042596,0.195071211393823,345.0,2193.0,0.3333333333333333
assist2012,temporal,0,26.0,1499,0.1560741506389256,8.216088098632316,0.2254663422546634,136.0,1354.0,0.4128440366972477
assist2012,temporal,0,27.0,8025,0.1514755709303508,9.854402344845637,0.3049209600336117,356.0,2277.0,0.5818181818181818
assist2012,temporal,0,276.0,14330,0.12486872190011,10.853290426942731,0.2869659400808464,852.0,5506.0,0.4261744966442953
assist2012,temporal,0,277.0,21463,0.0939757009792293,11.69850005823231,0.2755212226929147,1045.0,8194.0,0.3209087541018313
assist2012,temporal,0,278.0,11483,0.1397186185940404,10.61204045324592,0.2016494337764648,758.0,4916.0,0.3383159055024279
assist2012,temporal,0,279.0,12273,0.111160840866257,11.1145054815887,0.1541325945454816,803.0,5435.0,0.3227513227513227
assist2012,temporal,0,280.0,27907,0.1327660625573278,11.594800339354666,0.3118187430319448,3170.0,6938.0,0.4444444444444444
assist2012,temporal,0,281.0,408,0.1682859762188266,8.42989086301344,0.24274175944117,72.0,1130.0,0.1717171717171717
assist2012,temporal,0,282.0,1991,0.1795689525173454,8.09346227450118,0.2389975550122249,177.0,634.0,0.8426249676249676
assist2012,temporal,0,283.0,1520,0.1209446052432452,9.062652099076578,0.1083932297704614,136.0,1243.0,0.4230769230769231
assist2012,temporal,0,284.0,111,0.123273300762112,7.412160334945205,0.23202416918429,49.0,584.0,0.9541984732824428
assist2012,temporal,0,287.0,529,0.1654526335372113,4.290459441148391,0.2777777777777778,1.0,63.0,0.2236111111111111
assist2012,temporal,0,288.0,176,0.1098726555197076,6.883462586413092,0.2276923076923076,132.0,215.0,0.6711711711711712
assist2012,temporal,0,29.0,1,0.010133683681488,0.6931471805599453,0.0,1.0,1.0,0.9534883720930232
assist2012,temporal,0,290.0,231,0.1936304499294399,7.160845906664299,0.3006993006993007,25.0,567.0,0.7222222222222222
assist2012,temporal,0,292.0,6,0.797359311953187,5.356586274672012,0.1042654028436018,10.0,164.0,0.8178137651821862
assist2012,temporal,0,293.0,132,0.2281359485703322,7.014814351275545,0.1223021582733813,36.0,386.0,0.6845386904761904
assist2012,temporal,0,294.0,4903,0.1973512109887412,8.063062911326792,0.4363579080025205,311.0,584.0,0.8552050560247282
assist2012,temporal,0,295.0,1497,0.1526765394411513,8.690642169706594,0.2268752102253616,323.0,1572.0,0.8541666666666666
assist2012,temporal,0,296.0,2324,0.1317504570514774,9.143880005275912,0.2097050021376656,369.0,2264.0,0.6718349358974358
assist2012,temporal,0,297.0,2249,0.1726807944283321,8.933268478636418,0.4422747064256498,400.0,1465.0,0.8214285714285714
assist2012,temporal,0,298.0,3797,0.1563065770783182,9.396404915048972,0.3271338425772169,438.0,2522.0,0.6976744186046512
assist2012,temporal,0,299.0,2387,0.1573179366812656,8.388222810119277,0.4815657715065999,240.0,1073.0,0.5266906582696056
assist2012,temporal,0,301.0,8147,0.1848342484676298,8.96341629199657,0.4325950582511843,439.0,1581.0,0.8383838383838383
assist2012,temporal,0,302.0,1277,0.2060813567704705,6.532334292222349,0.3600583090379009,100.0,270.0,0.8931818181818182
assist2012,temporal,0,303.0,2172,0.2294688132285178,8.069342366811636,0.436756418284283,203.0,1016.0,0.6268926553672316
assist2012,temporal,0,304.0,2963,0.1657281331893986,7.428333194190806,0.2057074910820452,150.0,467.0,0.6632734117322006
assist2012,temporal,0,305.0,1498,0.1468630624968914,7.652070746116482,0.4510456273764258,160.0,402.0,0.727914373088685
assist2012,temporal,0,306.0,812,0.2275083536474869,7.459914766241105,0.3461981566820277,181.0,360.0,0.7547455089820359
assist2012,temporal,0,307.0,3436,0.1595952289161145,8.641885635373555,0.2917181705809641,303.0,1439.0,0.6836734693877551
assist2012,temporal,0,308.0,1061,0.1683723462187499,7.316548177182976,0.4434840425531915,89.0,407.0,0.7377844978513449
assist2012,temporal,0,309.0,3651,0.1924223110933955,10.297925416795092,0.2940680822379508,368.0,5950.0,0.315599583577331
assist2012,temporal,0,310.0,9362,0.1714930566798735,10.823511307999391,0.3740684653090503,395.0,6251.0,0.3725851761879881
assist2012,temporal,0,311.0,40743,0.0870684884168495,11.851994327438709,0.270135292064148,1867.0,6468.0,0.5969696969696969
assist2012,temporal,0,312.0,14781,0.1227658068212177,10.630915379572906,0.4052036527032903,906.0,2800.0,0.544798528122749
assist2012,temporal,0,313.0,100,0.3139058490097522,4.394449154672439,0.3874999999999999,2.0,40.0,0.2012145748987854
assist2012,temporal,0,314.0,1209,0.0912220700666295,9.11591979635669,0.1402506045284678,125.0,1924.0,0.21
assist2012,temporal,0,315.0,329,0.2470614267212387,7.976251943745623,0.2690721649484536,69.0,1249.0,0.3076923076923077
assist2012,temporal,0,316.0,11,0.1985983740199696,7.981049759665957,0.222298221614227,52.0,558.0,0.4662115411227455
assist2012,temporal,0,317.0,5203,0.1812181347744953,8.762333040602343,0.386662492172824,376.0,2076.0,0.5323891948596905
assist2012,temporal,0,318.0,36,0.1853205918127463,6.447305862541213,0.5460317460317461,21.0,153.0,0.2564946018893387
assist2012,temporal,0,319.0,358,0.1852547167371125,8.613775289262481,0.2904104613149292,268.0,1128.0,0.5068055555555555
assist2012,temporal,0,32.0,1318,0.1254300862106979,8.002359546252707,0.0609306996986943,63.0,714.0,0.7575757575757576
assist2012,temporal,0,320.0,1,0.9990378618240356,3.258096538021482,0.0799999999999999,1.0,25.0,0.8888888888888888
assist2012,temporal,0,321.0,132,0.1733230441582925,7.94873845481361,0.3518191451783822,43.0,624.0,0.5976331360946746
assist2012,temporal,0,322.0,3753,0.1525082841701873,9.628590074443766,0.5529884149552395,152.0,1930.0,0.7195916818981274
assist2012,temporal,0,323.0,1603,0.1928294586056653,8.785080636539838,0.2679418515684774,311.0,1477.0,0.5672009864364982
assist2012,temporal,0,324.0,1092,0.1943356106842393,8.683385366280309,0.2019312214128409,110.0,1065.0,0.6185567010309279
assist2012,temporal,0,325.0,4907,0.1297820815981643,9.290721483922995,0.3860280546327058,122.0,975.0,0.6666666666666666
assist2012,temporal,0,326.0,2738,0.1718262559940073,9.021960500598263,0.2650326008210577,186.0,1741.0,0.6585365853658537
assist2012,temporal,0,327.0,70,0.4709920691592353,5.786897381366708,0.4276923076923077,8.0,211.0,0.5855855855855856
assist2012,temporal,0,33.0,60,0.225591043010354,6.405228458030842,0.3145695364238411,10.0,340.0,0.275293671845396
assist2012,temporal,0,331.0,1670,0.1844597505280765,8.682538124003075,0.4487962021024075,78.0,1646.0,0.6177422216655708
assist2012,temporal,0,332.0,334,0.297830725077562,4.110873864173311,0.4666666666666667,5.0,59.0,0.6362556197816314
assist2012,temporal,0,333.0,4082,0.1653575229459424,9.661033752687418,0.3547441534442108,158.0,1737.0,0.6602972399150743
assist2012,temporal,0,334.0,4493,0.19187757705364,9.478074806618269,0.3433315479378682,180.0,2196.0,0.6469002695417789
assist2012,temporal,0,336.0,4902,0.1888509867991188,9.56500329315396,0.2955246913580247,189.0,1727.0,0.6850052341723181
assist2012,temporal,0,338.0,2895,0.1340613582006628,9.597709395814938,0.4778682959945689,184.0,1609.0,0.4752475247524752
assist2012,temporal,0,339.0,20,0.3197638042271137,5.062595033026967,0.1337579617834394,7.0,119.0,0.4083969465648855
assist2012,temporal,0,34.0,7650,0.0978179184922011,9.226508953137769,0.2906908088958866,1290.0,1406.0,0.478334090571916
assist2012,temporal,0,340.0,4440,0.137697796339758,10.265209737696374,0.352289744036218,364.0,3528.0,0.4763948497854077
assist2012,temporal,0,343.0,12,0.1476489342749118,6.091309882077698,0.3446712018140589,1.0,441.0,0.509090909090909
assist2012,temporal,0,344.0,9,0.1578899158371819,6.635946555686647,0.4507227332457293,3.0,617.0,0.5357142857142857
assist2012,temporal,0,346.0,10729,0.092752213437332,9.150059441091251,0.333864457191417,1036.0,778.0,0.7358490566037735
assist2012,temporal,0,348.0,1,0.0004551939491648,1.6094379124341005,1.0,4.0,4.0,0.8285347515129287
assist2012,temporal,0,35.0,6,0.4283339126656453,5.1298987149230735,0.4404761904761904,17.0,97.0,0.2352941176470588
assist2012,temporal,0,350.0,4537,0.1354699933498761,9.156412029950626,0.4824783618323833,285.0,1123.0,0.807285769966035
assist2012,temporal,0,354.0,1475,0.1135277706050014,6.42648845745769,0.2269043760129659,13.0,132.0,0.3
assist2012,temporal,0,355.0,39,0.2203252510382578,3.4011973816621555,0.1724137931034483,4.0,24.0,0.6379310344827587
assist2012,temporal,0,356.0,1067,0.1510450659109076,6.61472560020376,0.5852348993288591,258.0,147.0,0.7048346055979644
assist2012,temporal,0,358.0,2624,0.1869519496788753,7.938802248154481,0.3182304673564038,164.0,514.0,0.6298076923076923
assist2012,temporal,0,359.0,70,0.2184544531362397,6.529418838262226,0.3230994152046783,14.0,140.0,0.1765928824752354
assist2012,temporal,0,36.0,1080,0.1145857596804422,8.423541635334782,0.3372144112478031,385.0,490.0,0.5510169654906497
assist2012,temporal,0,360.0,43,0.0526879651601924,7.331060305218632,0.4121887287024901,24.0,287.0,0.0924839258395472
assist2012,temporal,0,361.0,12,0.9996033568471224,2.70805020110221,1.0,2.0,7.0,0.0013123359580052
assist2012,temporal,0,362.0,1091,0.1583782932068042,7.433666540166168,0.1939680662329982,155.0,393.0,0.6206896551724138
assist2012,temporal,0,363.0,2602,0.1480626087803264,8.192847134592865,0.2791920309905921,162.0,441.0,0.5784313725490197
assist2012,temporal,0,365.0,266,0.209739717707402,7.883823214892152,0.3550697323784395,50.0,640.0,0.4488188976377952
assist2012,temporal,0,366.0,946,0.2204226673783509,7.116394144093465,0.3549959382615759,248.0,231.0,0.6976744186046512
assist2012,temporal,0,367.0,1160,0.1551834576377838,6.60934924316738,0.3616734143049932,305.0,138.0,0.5962264150943396
assist2012,temporal,0,368.0,4380,0.1371999230093884,9.740850969058572,0.3711831499676413,595.0,1755.0,0.6666666666666666
assist2012,temporal,0,370.0,174,0.5080320417624095,6.473890696352274,0.6862442040185471,19.0,303.0,0.0923076923076923
assist2012,temporal,0,371.0,11207,0.0865859503412697,9.477232830220409,0.3930923571756777,489.0,1133.0,0.786167032090891
assist2012,temporal,0,373.0,209,0.1132169496357155,5.594711379601839,0.5634328358208955,193.0,37.0,0.3803527914771167
assist2012,temporal,0,375.0,1285,0.2011189481692845,7.389563953677635,0.469097651421508,53.0,505.0,0.6598590089156127
assist2012,temporal,0,378.0,5249,0.1754797700422435,9.18471482433721,0.3264929201723784,150.0,1121.0,0.7491345750733664
assist2012,temporal,0,385.0,1,9.999999994736443e-08,4.465908118654584,0.2790697674418605,3.0,86.0,0.385921245185743
assist2012,temporal,0,387.0,2,0.3349681657273322,3.713572066704308,0.725,1.0,40.0,0.1440092165898617
assist2012,temporal,0,388.0,281,0.2179587378706849,4.31748811353631,0.5540540540540541,2.0,74.0,0.0778959810874704
assist2012,temporal,0,39.0,5558,0.2015960212143342,8.973731569708402,0.3635326913329955,545.0,1911.0,0.8048235251354003
assist2012,temporal,0,391.0,99,0.0892254053944289,6.42648845745769,0.0097244732576985,23.0,160.0,0.6253369272237197
assist2012,temporal,0,392.0,435,0.2339992037535398,7.347943823148687,0.2809278350515464,36.0,92.0,0.4136335919594608
assist2012,temporal,0,393.0,60,0.3849253306786219,5.407171771460119,0.6036036036036037,3.0,131.0,0.5487923792379238
assist2012,temporal,0,4.0,2302,0.1855357608359006,8.881419551507804,0.2989160644802668,236.0,1432.0,0.4447675586224625
assist2012,temporal,0,40.0,4199,0.162425942890653,9.37746368501224,0.3553900829243527,610.0,2470.0,0.6765811587793011
assist2012,temporal,0,41.0,30,0.1536333790669838,6.870053411798126,0.3669438669438669,4.0,504.0,0.5050246206411415
assist2012,temporal,0,42.0,3174,0.1994437374973143,9.175645402179295,0.2763512114309381,397.0,1922.0,0.5555555555555556
assist2012,temporal,0,45.0,1,0.5,1.0986122886681098,1.0,1.0,2.0,0.9366666666666666
assist2012,temporal,0,46.0,4851,0.1705884842154647,8.727940222393896,0.3465651328580686,193.0,1124.0,0.66
assist2012,temporal,0,47.0,14758,0.1530378812165237,11.218057636703724,0.2449034406811527,1110.0,6172.0,0.5311279315428693
assist2012,temporal,0,48.0,2834,0.1548594871340817,10.024731259821491,0.3014572352394029,945.0,3311.0,0.5510204081632653
assist2012,temporal,0,49.0,3041,0.165264659759364,10.14203190042636,0.1838342458738724,427.0,3276.0,0.3580246913580246
assist2012,temporal,0,5.0,1038,0.2293278352324193,8.336390480591552,0.3461169702780441,53.0,1568.0,0.2962250712250712
assist2012,temporal,0,50.0,2629,0.1718993545534672,9.875653761606692,0.200771208226221,357.0,2302.0,0.5130087650785387
assist2012,temporal,0,51.0,2294,0.1048107247518695,9.664341643744413,0.1220069863448714,291.0,2144.0,0.2777777777777778
assist2012,temporal,0,52.0,8,0.1523994207382202,5.41610040220442,0.125,6.0,129.0,0.1563308112249784
assist2012,temporal,0,523.0,1425,0.2075612635819012,6.651571873589727,0.4372574385510996,5.0,162.0,0.6296296296296297
assist2012,temporal,0,53.0,425,0.2710870150969747,7.6004023345004,0.3608608608608609,46.0,769.0,0.3285085881860075
assist2012,temporal,0,54.0,7898,0.1666833855775151,10.115448814447769,0.2651187249706727,481.0,3309.0,0.4444444444444444
assist2012,temporal,0,568.0,33,0.3582841634298815,3.80666248977032,0.6818181818181819,1.0,44.0,0.1975609756097561
assist2012,temporal,0,569.0,107,0.2814415398359279,3.828641396489095,0.8222222222222222,1.0,45.0,0.1111111111111111
assist2012,temporal,0,570.0,114,0.4639270071197084,3.828641396489095,0.8888888888888888,1.0,45.0,0.2222222222222222
assist2012,temporal,0,571.0,110,0.5875528546842611,3.80666248977032,0.9545454545454546,1.0,44.0,0.3447368421052632
assist2012,temporal,0,572.0,118,0.2335473661453036,3.80666248977032,0.75,1.0,44.0,0.4578947368421052
assist2012,temporal,0,573.0,102,0.3475726428802648,3.784189633918261,0.9534883720930232,1.0,43.0,0.3947368421052631
assist2012,temporal,0,574.0,102,0.2513506331604588,3.80666248977032,0.8636363636363636,1.0,44.0,0.7105263157894737
assist2012,temporal,0,575.0,80,0.3187219005310908,2.8903717578961645,0.7647058823529411,1.0,17.0,0.4571428571428571
assist2012,temporal,0,576.0,14,0.0385213877473558,3.1354942159291497,0.5909090909090908,1.0,22.0,0.3738656987295825
assist2012,temporal,0,577.0,88,0.0468466302210634,2.995732273553991,0.0,1.0,19.0,0.3448275862068966
assist2012,temporal,0,578.0,78,0.7168348321918017,3.091042453358316,0.3809523809523809,1.0,21.0,0.3428571428571428
assist2012,temporal,0,579.0,89,0.2806010017318002,3.091042453358316,0.8095238095238095,1.0,21.0,0.3714285714285714
assist2012,temporal,0,58.0,155,0.1397205840916402,8.769040810858803,0.1522313792567252,111.0,1499.0,0.1666666666666666
assist2012,temporal,0,580.0,6,0.349843061218659,3.1354942159291497,0.2727272727272727,1.0,22.0,0.2373563218390804
assist2012,temporal,0,581.0,71,0.3009952698525985,3.1354942159291497,0.5909090909090908,1.0,22.0,0.271264367816092
assist2012,temporal,0,582.0,87,0.3446819805084247,3.091042453358316,1.0,1.0,21.0,0.3
assist2012,temporal,0,583.0,100,0.2938332246110778,3.1354942159291497,1.0,1.0,22.0,0.4
assist2012,temporal,0,584.0,90,0.4145460428634478,3.1354942159291497,0.6818181818181819,1.0,22.0,0.5394308943089431
assist2012,temporal,0,585.0,102,0.4664028841410783,3.1354942159291497,1.0,1.0,22.0,0.430952380952381
assist2012,temporal,0,586.0,6,0.4721171582738558,2.8903717578961645,0.8235294117647058,1.0,17.0,0.6458333333333334
assist2012,temporal,0,587.0,78,0.3655524980296878,2.8903717578961645,0.9411764705882352,1.0,17.0,0.6666666666666666
assist2012,temporal,0,588.0,3,0.1400171170632044,2.995732273553991,0.8947368421052632,1.0,19.0,0.6170212765957447
assist2012,temporal,0,589.0,84,0.6402202552338903,2.995732273553991,1.0,1.0,19.0,0.5957446808510638
assist2012,temporal,0,590.0,82,0.2880172979963479,2.995732273553991,1.0,1.0,19.0,0.4666666666666667
assist2012,temporal,0,591.0,83,0.5593811616691753,2.995732273553991,1.0,1.0,19.0,0.5
assist2012,temporal,0,6.0,518,0.2974267680283301,7.090076835776092,0.4245204336947455,62.0,974.0,0.3
assist2012,temporal,0,61.0,11022,0.1548595864193123,10.698649658502804,0.3244158482898747,597.0,5210.0,0.5218216318785579
assist2012,temporal,0,62.0,938,0.2592680774099973,8.026823576217629,0.3616465207448546,51.0,1453.0,0.2741935483870967
assist2012,temporal,0,63.0,158,0.1090008636075956,7.875119281040293,0.3627376425855513,154.0,720.0,0.3166924150303997
assist2012,temporal,0,64.0,197,0.2838192454073578,7.0431599159883405,0.354020979020979,40.0,723.0,0.6611536358665937
assist2012,temporal,0,65.0,2294,0.1896975543367743,10.15909829398784,0.3222970879801735,260.0,3153.0,0.5319250349877289
assist2012,temporal,0,67.0,12713,0.17773473763207,10.778602060491536,0.3007169355174857,535.0,4701.0,0.4760705289672544
assist2012,temporal,0,69.0,182,0.1562935680662381,8.544419177669829,0.2894685614171696,203.0,1365.0,0.4117647058823529
assist2012,temporal,0,7.0,201,0.4113293729388891,6.061456918928017,0.6051401869158879,13.0,228.0,0.9230769230769232
assist2012,temporal,0,70.0,5474,0.1605620970650942,9.52039529527969,0.297931641484524,511.0,2609.0,0.6666666666666666
assist2012,temporal,0,74.0,364,0.1590753453886034,8.588024372176829,0.1688408497950055,279.0,1490.0,0.1612903225806451
assist2012,temporal,0,75.0,4130,0.1791062247303422,9.784816622818449,0.2083779066494003,375.0,4296.0,0.4954128440366973
assist2012,temporal,0,76.0,2084,0.2515831803941248,8.209308411646937,0.4107240065323897,181.0,1586.0,0.3259648265754763
assist2012,temporal,0,77.0,3300,0.1818669543954346,9.861831877267296,0.4048897461293854,315.0,3264.0,0.6575342465753424
assist2012,temporal,0,78.0,2685,0.1737431443873897,7.968665700466235,0.4868421052631578,207.0,641.0,0.7719298245614035
assist2012,temporal,0,79.0,9730,0.1460591180564956,10.58623079938068,0.2668940255147152,654.0,4780.0,0.6666666666666666
assist2012,temporal,0,8.0,2029,0.1732076859923732,8.482808764554406,0.2219461697722566,136.0,1078.0,0.4021534671400623
assist2012,temporal,0,80.0,2121,0.205051779004498,8.673855001429615,0.3179408243543697,145.0,1134.0,0.7078986587183308
assist2012,temporal,0,81.0,4136,0.1641505736247935,9.62727281152524,0.2942262061692592,481.0,2326.0,0.7220299055718593
assist2012,temporal,0,82.0,2971,0.1865343630458129,9.57976370873708,0.262026541332596,311.0,2721.0,0.55
assist2012,temporal,0,83.0,3945,0.1699689573506826,10.542389718243678,0.3580647715575263,374.0,3703.0,0.4754098360655737
assist2012,temporal,0,84.0,1275,0.1752647494823288,9.360655132635053,0.2372429222958437,218.0,1925.0,0.4677419354838709
assist2012,temporal,0,85.0,949,0.1721438889168949,9.300638009956964,0.2755847953216374,146.0,2878.0,0.2589606885919835
assist2012,temporal,0,86.0,7920,0.176486371083225,10.45328385820019,0.2327668292119917,539.0,6632.0,0.4071428571428571
assist2012,temporal,0,88.0,68,0.3747388668091255,6.732210706467206,0.3365155131264916,17.0,406.0,0.629619260918253
assist2012,temporal,0,9.0,358,0.2334530295956328,5.455321115357702,0.3090128755364807,14.0,153.0,0.239067055393586
assist2012,temporal,0,90.0,74,0.2759127170508224,7.937374696163295,0.503394069310468,38.0,1203.0,0.2195121951219512
assist2012,temporal,0,91.0,2488,0.1819372154767415,9.91645313492615,0.2888450148075024,382.0,2936.0,0.4886974718349271
assist2012,temporal,0,92.0,3611,0.2153379644329611,9.565353936588249,0.3970268564616787,443.0,2802.0,0.4951690821256038
assist2012,temporal,0,93.0,34,0.2772401647970957,5.236441962829949,0.6524064171122994,6.0,114.0,0.25
assist2012,temporal,0,94.0,6083,0.1542074470223496,10.037100191860048,0.3725172806019774,146.0,2706.0,0.4515304720558334
assist2012,temporal,0,95.0,3907,0.1548086667163364,9.638219074921247,0.2643588239129018,306.0,2348.0,0.4693877551020408
assist2012,temporal,0,96.0,768,0.1025612682278734,8.534640105019959,0.2040495380381364,171.0,963.0,0.61698956780924
assist2012,temporal,0,97.0,39,0.2978869103945983,5.552959584921617,0.4941634241245136,7.0,180.0,0.4923076923076923
assist2012,temporal,0,98.0,36,0.2574194536233942,6.71295620067707,0.2883211678832117,18.0,355.0,0.3716646989374262
assist2012,temporal,0,99.0,13,0.3741677466493386,5.700443573390687,0.2114093959731543,11.0,214.0,0.5387959866220735
junyi,learner_based,0,+DlgHAr1GtoQgtGqwoen6pt4/ayVRO+rMaCVZ7jGCHE=,1663,0.0504176873530043,8.52158353971753,0.5853415654252141,38.0,348.0,0.5851063829787234
junyi,learner_based,0,+IgBffWedJpxG6Zo/kHbrgIRR4jwwTwa6nV03GLwX5A=,322,0.1125181819318059,6.774223886357614,0.5491990846681922,17.0,67.0,0.4552925181509825
junyi,learner_based,0,+Lgj0Me9/8gtiruGKq8KxemAD15kU4yCfb6nteNDWjw=,314,0.1379611988545982,6.854354502255021,0.3146779303062301,18.0,156.0,0.631578947368421
junyi,learner_based,0,+N+e7SzcUVowUo7D4udR8rBKRmR1H7yuu5Tleqlhv48=,2729,0.0824402408295892,9.192278229157774,0.3529531568228106,21.0,1004.0,0.34095913496685
junyi,learner_based,0,+ZVl8HEbTM1GOoCTt2wxAfzQswvAWL3L8e5mLuyy1dY=,3856,0.1128903480664019,9.535823881654714,0.3367037411526794,18.0,1383.0,0.6487149246126847
junyi,learner_based,0,+aXi8dpg0URdKkJtkicic7DrTHAWPSnR9bwD+QouANE=,3147,0.091174378868016,9.357121103184378,0.1619170984455958,19.0,1578.0,0.5374325886828424
junyi,learner_based,0,+c+5BQh1a2P75VjWgg/aX+j7kru6tteMWrupq+MMQgw=,3118,0.1073433415196009,9.335474102732949,0.1922873279209318,18.0,1605.0,0.490953805689871
junyi,learner_based,0,+cLbiKkV7+VhNPr7OGG3B3kPpZ8er0mvFvqPbM/gm+E=,2974,0.052715159518921,9.376024287617112,0.6859588170494026,31.0,962.0,0.6203812661802777
junyi,learner_based,0,+fQqnCkVTMs8GPkdZJWUcApXC/Ea9bVtxNIblqLRie4=,1023,0.0652315209338392,8.222553638396958,0.3378995433789954,14.0,352.0,0.4102564102564102
junyi,learner_based,0,+g5YlvjiVYzjFfpMkHEGCty7PGcKRuuCVDY/g8dzoD0=,617,0.0619475978503616,7.61085279039525,0.3947498761763249,16.0,231.0,0.7462614568258562
junyi,learner_based,0,+gP/fH6yBDlDTCmjUykZq+rykF0MopXNzQLSxiEVEYY=,688,0.108052588826002,7.807916628926408,0.3086620577470517,13.0,321.0,0.4311926605504587
junyi,learner_based,0,+kCFtC8nCf9I2/ee1BGgQRlVBoECQV9G/8z4fL7hzp4=,3504,0.0903822596048825,9.476006870370282,0.3607575525226192,39.0,1095.0,0.3724044608277729
junyi,learner_based,0,+lmw480dBLSwkBgaKdL9MeVNsUfCgHmD+L4wzqUFX9M=,712,0.1283217373126176,7.674617497364363,0.3145910780669145,16.0,326.0,0.6634453781512605
junyi,learner_based,0,+mwsRV33uKTS+1DrZGfM+z+Ccut/FGocokZm/j0OJ/k=,2839,0.0457488608327748,9.150271845510064,0.0394010195412064,16.0,1314.0,0.6191748617434722
junyi,learner_based,0,+odAMeNn6DqBHYkdD0fKH59bzQMwJTqsCW9nqJ1etcI=,1913,0.1057467341931294,8.755264763314685,0.3126280939618476,16.0,770.0,0.3333333333333333
junyi,learner_based,0,+owQ9eTzitOLHF3SZxKwWN9ZpsHjg3tK4A9fpS7E0oo=,1116,0.0817056187231588,8.411388132519262,0.1167444963308872,7.0,725.0,0.6923800564440263
junyi,learner_based,0,+tVk3DLjXUKiZ3/hK6CJAl3Z8sfp093/2DwLqCsFgMA=,2890,0.0625520768359458,9.228180290104511,0.1318400628745456,50.0,1287.0,0.3869047619047619
junyi,learner_based,0,+tX4n52MmDdJGGzRnY7I7jEoynqRl6k1jAnonznfs7Q=,604,0.078565022624437,7.80710329012598,0.4411884411884411,16.0,252.0,0.5119047619047619
junyi,learner_based,0,+xN/geZI+rXD8yB7YBDvLwAXgXO6aORg9eOFv6AfGHM=,2064,0.0593319585377191,8.902455592206882,0.453667165600762,14.0,620.0,0.6722129783693843
junyi,learner_based,0,+zUL0wWCfsBXNoDj5KsvASLlqd26KU9+nSN1zZ7GsQI=,2064,0.1055331379824945,8.855092980028635,0.1954629761734911,16.0,940.0,0.6463815789473685
junyi,learner_based,0,/0Y1OFJkQGPagfYO9uI6mM0Z9KK7vcmT/QPVos+v7Ec=,926,0.0821412051092535,8.156510226079966,0.4682926829268292,24.0,261.0,0.7099841521394612
junyi,learner_based,0,/4h6DuvZuZzr028oR886m6kpiLYuUSmpr9v3ITNTgiY=,4025,0.0608704803004768,9.48721424571136,0.1175221775722192,18.0,1603.0,0.6651162790697674
junyi,learner_based,0,/7bwpUc6iDiE/m0Qj8CJo8qYMkAC51PHzIxTMmkE0nA=,505,0.0832911760795234,7.252762418053187,0.2962437987243089,16.0,196.0,0.6638264910921766
junyi,learner_based,0,/OENQOL30zwAXAy3IN1FbzZFfjfOLaynYaW3w6bk2gw=,993,0.0688034342592516,7.972466015974565,0.614004829251466,22.0,221.0,0.6122905027932961
junyi,learner_based,0,/SsQisa91ErcEufKW7SNb4xZ6DASvJZ4Ml5/0BluyAA=,1793,0.1039440003579521,8.761863373274727,0.3397024275646045,31.0,626.0,0.2576177285318559
junyi,learner_based,0,/Sw5cJFSX/oGzBxxguGO4BkFKPZmhFXSpCCJVhOtffU=,1999,0.0866144082931547,8.84159284680318,0.3462039045553146,15.0,684.0,0.665
junyi,learner_based,0,/ZG3Gxrc7wG0FWxYWExavs4ATbc0nu47cDYJAuQYVvc=,489,0.0950194488847076,7.57353126274595,0.5439588688946015,20.0,180.0,0.6151069863366847
junyi,learner_based,0,/acOsfJkQuYuDq5UjkRrojhkbUcIgia4SvjKpo1v0pI=,691,0.0729758409316909,7.7025561132685825,0.4234071396294623,31.0,200.0,0.8609501738122828
junyi,learner_based,0,/d39FzqaM3PZzpoMXxA80PMICsVhzfL6MGSCqZtsQOo=,3512,0.0729121015484578,9.420196028963456,0.3579536241284254,16.0,1332.0,0.336552721167747
junyi,learner_based,0,/dE70lhbWnFlB1v+ZQBYpQu2XDmodq4HYiBDGZRw3+o=,2482,0.0710033707014501,9.029417836095936,0.164189837008629,16.0,1247.0,0.4978670924692656
junyi,learner_based,0,/dgnkSSQs7RfFOI233RPKNKg29VBS0L7s7IBSmtIWqI=,532,0.0913682836423018,7.358193752733032,0.5293367346938775,16.0,131.0,0.4855070226886865
junyi,learner_based,0,/ejwQaTpw8saI8XVEo0mo08Yf2ko9KW5lwBJRlO8/dM=,63,0.2995754624051707,5.111987788356544,0.5454545454545454,40.0,29.0,0.8564954682779456
junyi,learner_based,0,/fQsOaxbPuYyM7ZO/JBLBRA6HJyOHY8zUN9oLVT5vYM=,2617,0.074596030275342,9.186969385652942,0.0851760851760852,16.0,1456.0,0.642715835974263
junyi,learner_based,0,/fn8Ym16AvhuhgFRtoeZ4sRU9ZRhvvpYN90SUH7zQ4M=,3962,0.0927198862512152,9.489939868234607,0.2273724007561436,20.0,1560.0,0.6094890510948905
junyi,learner_based,0,/m+oiUSO1lBCPvQ6LkUyCbWdd7ML4X1IxxuUa8QcDMo=,2178,0.0963925928513701,8.965717788984849,0.3575169242559713,27.0,872.0,0.6304481276856968
junyi,learner_based,0,00KEZbwE/6qJ+WSl9TwUEgbwi/wmnEVgeCnGzi4/EYo=,5266,0.0719313306836188,9.901235017482836,0.5190939160068158,18.0,1153.0,0.5938670716713677
junyi,learner_based,0,00tlmGnNIf0z+qJsG0NMS4ufwkwwG1nZtKszPesM1EM=,1506,0.0720660110631312,8.478452363099807,0.3270950301517987,16.0,563.0,0.6995341614906833
junyi,learner_based,0,01c8/1Mc1V3LZtYFNre8TolslWChJSztpFHSNAvPlpI=,1393,0.0943916343762261,8.45638105201948,0.3452380952380952,16.0,683.0,0.4397403686797324
junyi,learner_based,0,04Ly7oQJHeLBj2GcKWLn7e51TJmF5MTSvPESVomvUM4=,4856,0.0818034443264762,9.624633068687029,0.2892545598731165,17.0,1479.0,0.5777644869750133
junyi,learner_based,0,06kRCVdMd4I4CpJxtM7rmBED6keL482Br8ZCE6DU+W4=,521,0.0821792127934575,7.425357887027151,0.4818127608825283,20.0,175.0,0.91976927110645
junyi,learner_based,0,0BL+DbelLoGwTw7JvHBXe7pZr1N/E8JVhngim3zzjJ4=,2163,0.0783985190014292,8.83884181343129,0.1229698375870069,22.0,800.0,0.2803754813863928
junyi,learner_based,0,0FMoJE22DcUZEQ3fIPHBSuBfrQEG0vjhpvOoWyeTTXY=,3235,0.0879764966606241,9.348971240145405,0.5188055023506878,18.0,876.0,0.3496451739300796
junyi,learner_based,0,0FaNRnGt8wB5REzt8NnMPYaoTw4/qe+3z2hOkQOvI/s=,2142,0.0869837527637901,8.560635749259074,0.2361616548553916,21.0,676.0,0.4294975688816855
junyi,learner_based,0,0L/eenAcUQ8YSZ6x22wFpagb2l4TXqOSGgRtSI56kvI=,2130,0.1373785053865171,8.799360083179907,0.2983858802232614,19.0,873.0,0.3558282208588957
junyi,learner_based,0,0SEOeLpKd2K4V+T1BhZENWUuLHGTd+x+SQiXWcPAFZc=,512,0.130335107751307,7.315218389752975,0.1990679094540612,16.0,240.0,0.6555722078454005
junyi,learner_based,0,0TFQA8MIRYvgH+PXVXYkRKMPK/LPcaVH9hTxb5daZ+o=,1298,0.0581255727756096,8.382518288089635,0.4552529182879378,31.0,333.0,0.6455026455026455
junyi,learner_based,0,0f0BGV01H4RbdYLrd/fZN5enqRjIC7Bkzcoqxzgf0YA=,1073,0.1342475330951829,8.109525659752872,0.2745864661654135,16.0,463.0,0.4529376498800959
junyi,learner_based,0,0hKXPT2iK/182EPLj3c5qePYUT84KU4JI+P/t6nnmBk=,1130,0.0997926864072482,8.168202930236053,0.5340328984685196,35.0,297.0,0.7882985658409387
junyi,learner_based,0,0jLx3N/h3zT921WmSVhS4e0TPADpzOygjsvjtTOolmc=,732,0.0942644388440365,7.724446645633537,0.5163572060123784,13.0,195.0,0.8348024935472672
junyi,learner_based,0,0k/ZE9Ku+2Enji5zKQZ5mrfr9r+Noh1CS9kH0GKGf0Q=,1032,0.0582322384160401,8.177234885510194,0.5621135469364812,16.0,297.0,0.4262820138848375
junyi,learner_based,0,0lDY2d/yzs1IgpdsEVNAptv7CcTNSmBXzskCNgPAJTU=,491,0.0756203717117761,7.543273346705446,0.4075251722310545,24.0,207.0,0.2871452420701169
junyi,learner_based,0,0nHTRYRZznXBRGpGHElXm2Gw+zHjWz37H+X3XCvUxQI=,470,0.1538133524041226,7.282761179605593,0.2627235213204951,22.0,216.0,0.2986407925239061
junyi,learner_based,0,0o4JbsG6rcRJSeQKtJ2tAUo1PL+wlyvYlEr/nB4zkOo=,3097,0.1017522175017772,9.40137386937216,0.1920026437541309,20.0,1636.0,0.4259202745386753
junyi,learner_based,0,0oPDO0zy0NDr7kBNesLy+ZbkNuyynak8fcfE05h+pwc=,1205,0.1027848597158024,8.079308192051961,0.2656540607563546,16.0,445.0,0.4809606195419344
junyi,learner_based,0,0scVV//lTsPR9BCw3T2WDN6f9c0ASzANn/bUBJM4+gI=,984,0.0669097088928508,8.055475141757274,0.6492063492063492,16.0,166.0,0.5579953872765713
junyi,learner_based,0,0va2kBHyhCQAFKdC9DOJnPagiG32mCuQJZuApAXzMw0=,287,0.1178986489617035,6.742880635791903,0.5962219598583235,20.0,65.0,0.6520719311962471
junyi,learner_based,0,0zOX/8KkAItZEgHsWUWF2Ac2jsFVbT6TWnAuugSAteU=,2828,0.116487626670998,9.183174703903411,0.533758092693454,16.0,659.0,0.5822784810126582
junyi,learner_based,0,1/laFoxMaEJLQfaHo92bbuIVjnq33aptQA8IY+0Hu+8=,186,0.1079861987181889,6.499787040655854,0.5376506024096386,9.0,68.0,0.4153881076550568
junyi,learner_based,0,1832ZH2Snk3B6ztlqJVE6Ias3IiPSH5gGZBuYAy7SvI=,2121,0.0777196756343215,8.900003608959596,0.4169963170099577,16.0,673.0,0.8746803069053708
junyi,learner_based,0,1Fy/09VqlDTU2ABClPQcq/zyTpDz9LpnuIS7kowjjEA=,849,0.1017815780818234,8.069968149059841,0.3879849812265331,23.0,364.0,0.3301828312253737
junyi,learner_based,0,1MhbCa7PFHspw9qYdDLAld7A/t5TV965ehYwzUUf1ug=,2562,0.0881582433743159,9.14686794902061,0.2200554134697356,18.0,1362.0,0.5816991412480808
junyi,learner_based,0,1WFEjeVRD0MW325Ssif9QSV+oEAMGUQfXzuBVtjPSto=,960,0.0695034339480722,8.15908865466791,0.4813966800228964,16.0,377.0,0.4284229284229284
junyi,learner_based,0,1Zu6puXXArXORLxfMsN+B1XQm4lb2shHuMZAcokqmWw=,4220,0.088192660435681,9.701554950093058,0.3347815444865989,16.0,1430.0,0.4458077879038939
junyi,learner_based,0,1e/leswSLZ3mYyWZriPrPDY2EoN3wwCXPbjTUX5aYW8=,508,0.1404007099803507,7.741099090035366,0.4695652173913043,16.0,169.0,0.5480485510440265
junyi,learner_based,0,1fj13beFL9gkyJu7fOVD08cezQW4aaruf2z0f+Xew1E=,5278,0.0938632572466784,9.786953736280177,0.346873419855048,16.0,1690.0,0.273185875048506
junyi,learner_based,0,1iha+v5exIXrmb2ARHQmmJwmljMj98PxQ1Io7y+rq84=,1443,0.0977348757221035,8.365905077202456,0.3309285548056784,17.0,609.0,0.3666169895678092
junyi,learner_based,0,1rYu966l6i1cA34mdxukVKusuaDPMwcW6a6WCWe5ZFo=,1804,0.0651191803162087,8.936298185228436,0.1026045777426992,16.0,951.0,0.4711126488542403
junyi,learner_based,0,1vxQPFV4O43WybxMtioe1qA8GIcP/kOWTaysWsNrBRY=,937,0.0720463413884316,8.008032846969307,0.5712383488681758,21.0,211.0,0.7376992723189417
junyi,learner_based,0,1xsYLCdr/gQCUDijkXoMhULyqs0zluLgCvJN7Bfq3Pg=,2657,0.0998937268255963,9.136801468641313,0.3703982777179763,15.0,1135.0,0.6747133637330458
junyi,learner_based,0,2/JTGg3RUH3Q7RJgicVubieOoxNnseT0PQorlMexeog=,3612,0.083095014724439,9.436519311833914,0.1687006460875807,18.0,1505.0,0.578125
junyi,learner_based,0,201731Orvb+GcD3eI5Vi/mlUY7NGyHhegN0onY6aa1Y=,1202,0.0720664523541927,8.236420527265391,0.3025165562913907,16.0,529.0,0.5424710424710425
junyi,learner_based,0,24yLmjpZLo3XO2t14fVHMUMqhVcVPs93RBeN42c/MGc=,2391,0.0983669209317002,9.135616825780248,0.2286884362539066,16.0,1109.0,0.6021573604060914
junyi,learner_based,0,2CExVv5jxzlmXb7zEgSlHP1/7BPhBG5eJ83q7zmPOkc=,2174,0.0900356840160645,8.999248901686114,0.3066946640316206,22.0,945.0,0.6642937725411953
junyi,learner_based,0,2I6JcI6MiTkb6Ya10XVBUdZIRXgbXhpapejBytTcjTg=,1730,0.060597079475491,8.80131894766524,0.1014754591990364,15.0,1083.0,0.5756148885753919
junyi,learner_based,0,2I9aYyQzVZey2D9t2kJpJn97Aty7PBeZ0ITJvFS7Hfk=,4120,0.1091765261901705,9.676022175572896,0.2531073446327684,16.0,1691.0,0.3869178681419822
junyi,learner_based,0,2ITXot2a2bPpUbrQr34491M0lzlI7QvvHhgqW0bNZbw=,1561,0.0872391830896511,8.706159290928861,0.2705745984434509,25.0,754.0,0.6789413118527042
junyi,learner_based,0,2PPwwz9vQmrE8GQ+lOjBHWuVjLZlH2HIdJ2i2IuDmmc=,692,0.0777240797252841,7.414572881350589,0.294755877034358,16.0,285.0,0.5723827501089008
junyi,learner_based,0,2Q4i17ObOkd2Yb449DHA1IBEBnZ/7EImF3FYztgI+dk=,114,0.1035240459043467,6.352629396319567,0.481675392670157,18.0,38.0,0.4334828101644245
junyi,learner_based,0,2VeOUPWzSmpJ7IWdbWoWzpPR2MszJab/rDr+jN04w1E=,2177,0.0998913650963495,8.996156562033445,0.340478255482592,17.0,843.0,0.5359628770301624
junyi,learner_based,0,2asf2uduG+FkuOfdP8cHt1SZjfjhNwqotGgnVZXKiuQ=,1315,0.0670100642644407,8.576593534697684,0.4461828463713477,28.0,388.0,0.5832389580973952
junyi,learner_based,0,2dZAIlKn+MzyIa5L8xpWkRhS6Njmw4EYe2vwwwNsRQ4=,4842,0.0692393021017177,9.711418644287294,0.1491759573436742,17.0,1961.0,0.5056757272146288
junyi,learner_based,0,2f91Isfs+HaZMyoefue8KM5T9TUHnyfMUs7lDEcsgWo=,3358,0.0903681464195961,9.405742668308667,0.25302294974089,18.0,1293.0,0.7138769670958512
junyi,learner_based,0,2gvPp/ApACeovvXfovMnj6PCOtw2m8IJH2WxJuJuktE=,2630,0.1091944013194609,9.095826985187422,0.2891106874509364,20.0,894.0,0.3666666666666666
junyi,learner_based,0,2k3XtblUSWpurYNdEmcHclEHBkPUraezRZrIxjMggzE=,302,0.1284716133743721,6.815639990074331,0.4346871569703622,20.0,119.0,0.7161290322580646
junyi,learner_based,0,2kgk70NSoRSIZJVWHH0hyeuD652kJYAa28NJwx1qjlQ=,1514,0.0668722159638902,8.385260520155413,0.5199726089933805,16.0,402.0,0.5589519650655022
junyi,learner_based,0,2rJ6DLjEMKZiRtzTx7yjg+2lbHOfTfLDyNli2mFXTiA=,1075,0.0831973518535148,8.308199063206446,0.2524654832347139,4.0,541.0,0.7447434071066046
junyi,learner_based,0,2tKnUmnucgz4dVzTefKY0jsYdmnTfpuCZoCDvA49L/k=,187,0.0944601340408631,6.569481420414296,0.2092696629213483,6.0,91.0,0.4202772963604853
junyi,learner_based,0,30tNTRnlyLs5r1ni/Lc0PMtHJajnPKrAhD37ZIOoIQQ=,3183,0.074834848175835,9.24725072599628,0.267855421686747,20.0,1284.0,0.4496447973255328
junyi,learner_based,0,31pm8raJKwwI41JrU+s508PpAfTazsyOVzK6AcUPbU4=,191,0.1269451572086798,6.516193076042964,0.5022222222222222,20.0,72.0,0.8819875776397516
junyi,learner_based,0,375WTBbZdRYv/Jw/rnTv7auOCQAAiNliDREgtraOuH0=,3435,0.1052691504611393,9.346268889200427,0.3790484504583151,16.0,1255.0,0.3854166666666667
junyi,learner_based,0,3Bb76ZUap0HQIBirEbaOpc3O9okCVcv5TcNx+GfSCzk=,4420,0.0849133484554371,9.606226413637351,0.3172455573505655,20.0,1291.0,0.564665894664608
junyi,learner_based,0,3C+qN0SBDoX18ZlkWCo9GhwnYOVQZ4S3XcPPwRLkOWU=,844,0.0970256211350879,7.793586803371584,0.3712871287128713,22.0,215.0,0.5400260243858134
junyi,learner_based,0,3Eu8lfUzzxW5b7/tSAH3gjzZMSa5Zu0vZJEc8avjHqQ=,737,0.0914778299149494,7.819636302367592,0.6057073954983923,22.0,192.0,0.6234249496126976
junyi,learner_based,0,3FRmd7Ra1OoMuIMLg7kdD6GNoPN0J1tQEzwMpnuopVA=,1205,0.0687906775237119,8.457230850243555,0.1117247238742565,5.0,706.0,0.7
junyi,learner_based,0,3G6mZ4PSx2p5a6KftzQvLgJ9vr4dhJnTV8SVKGqIg8Q=,404,0.0696299217715121,7.244941546337007,0.4421428571428571,20.0,114.0,0.4593003668488433
junyi,learner_based,0,3ODGnNWJeT6dSEdVq0/4+miAK7egH5D4MD5iRNsyKCY=,2392,0.0648377997223303,8.986071187374463,0.5576971214017522,24.0,570.0,0.3563545729169589
junyi,learner_based,0,3PSp+aLiSSlNgI+ZmYAMp/CUwJpbtLr21j9xOVFbKho=,339,0.046542113377633,7.121252453244542,0.3888439773645917,12.0,115.0,0.5268817204301075
junyi,learner_based,0,3Rmd2VQUBwDitQ5mXI3d4TO3qkZv/hd0NH9nOSeh9sQ=,1700,0.0839262256048181,8.770128527538184,0.1216216216216216,19.0,1040.0,0.5655042126292018
junyi,learner_based,0,3RuMUvN/dcLHZuOG/Y7DJ/bcazpLCu/pXC6iqNqEXog=,894,0.0787003515934117,7.867488568699128,0.6130268199233717,20.0,177.0,0.7469503124070217
junyi,learner_based,0,3T5CjM/cVJ69j4JcjfIpyFR12FVoH9zN8h1GhXhBCAk=,450,0.1454840761257542,6.951772164398911,0.3860153256704981,20.0,106.0,0.7502879408408327
junyi,learner_based,0,3UMCgqaFzwxkOnq4f8/PpYBxsI66yzicdM5uwfuBBcw=,2084,0.1032931140763417,8.763740720509464,0.4073784586524933,18.0,614.0,0.3855737704918033
junyi,learner_based,0,3VfCWZFKH42xkwq4yzD7e3080d6sXtw7H8OM4GXFB/4=,961,0.1034873108554953,7.815207062189088,0.4392410173597093,37.0,226.0,0.527363184079602
junyi,learner_based,0,3Y3dv8Z1NFlxuvaLEK3OTOR8tgE75EPsZ93DaYMtApU=,1331,0.1153882373968219,8.3030093814735,0.4173482032218092,24.0,407.0,0.3209459459459459
junyi,learner_based,0,3an/ohfFqHxFEA43RNM0CLh0slcV70c7Rah3pSz0KpM=,1895,0.1030882538630477,8.733271845008325,0.2020950846091861,16.0,911.0,0.3199013157894737
junyi,learner_based,0,3b4WEwcR5WHjNJnrhAcEIsTdouxsfJ8nSQZ/4ikf4SM=,2993,0.0834237797051354,9.291920358968603,0.5640151166006083,21.0,953.0,0.4487415592387968
junyi,learner_based,0,3bHs8ubahqHEEoAqR+v3jiUd36aEtg6AwQwevvoB5g0=,294,0.1286358290484973,6.466144724237619,0.470404984423676,20.0,64.0,0.7756355932203389
junyi,learner_based,0,3bi3IlXJCmGsHjjhLFlge9KQogLgE0Jf8uEEclJdq84=,2355,0.0713386544866799,9.048174321385792,0.2796988943777935,17.0,1076.0,0.5182082095980777
junyi,learner_based,0,3cg9wquB/Sf1whKNOekAQ/XUQcTUeXeW01l06R+BbNE=,4049,0.1046876227743067,9.637501738166108,0.329070981210856,20.0,1373.0,0.5051485027566243
junyi,learner_based,0,3d6TySgzpTTKAQOg92jopidAKHKVBDpBnxMb8Sj9qZs=,1214,0.0888242478830712,8.355614995760183,0.4845991065130496,32.0,356.0,0.5694259012016022
junyi,learner_based,0,3nGnL8DTmGw+c/xyCRcMO0ZPv1fw3aecHbw/ZjJC5KY=,1777,0.0885044066240663,8.480114183174816,0.3614282748598713,22.0,541.0,0.40552016985138
junyi,learner_based,0,3sOEuxGBKh09ZpcaBhWXk4+LY+clD2Zpu/qTcPUVkVc=,2652,0.0875465643724221,9.191972714617998,0.239176937964755,16.0,1173.0,0.5988112927191679
junyi,learner_based,0,3xqxJN2W+KEo3SBjh7HnXpGjB4ewSbm1j/18fCn05yc=,3118,0.0419048864159654,9.317489287493226,0.6298292902066487,16.0,625.0,0.672557903406362
junyi,learner_based,0,3yFVYhjNhMP7tnJJxuCoKfPObXOoeoA5CWP2jeb05pw=,1945,0.0621665242427342,8.973984926689743,0.4668102356219914,21.0,618.0,0.8021862675657891
junyi,learner_based,0,4+ldnKTcBGARW+MU2EyI+NRoyL2s/Mi8v7Po4+/RR6Y=,743,0.0824279554519165,8.216628493133443,0.5938935422858687,27.0,261.0,0.6928221132411948
junyi,learner_based,0,402dNPbx+4GTuJz3zqGawb4Vh7B9jYsME8+b/b01PwY=,2605,0.0785658770067449,9.141847375530883,0.412123808503802,18.0,890.0,0.8571428571428571
junyi,learner_based,0,412PAnenNdYglQWXSlVtS1RYA7Yg60Wty166LCMaiHU=,3433,0.0978436531401907,9.40335455830888,0.3206629287598944,26.0,1257.0,0.4984825178689853
junyi,learner_based,0,42SFjQ+xu0j97j13pHv3KG8Ha68fBYaZmYs3641qwho=,2765,0.089417124670302,9.140454244512016,0.4929214929214929,30.0,897.0,0.6
junyi,learner_based,0,44N1RXOiWg4Zy6x/GQwNyECUUWAykXTDm7q/dERMTZo=,7359,0.1038626180350464,10.195335933857326,0.2190312581693244,16.0,2683.0,0.365079365079365
junyi,learner_based,0,45ftKnZp9GFrtzAvKvMwoMxtJRjVTLZxIXl1Vo6PzFY=,1012,0.0786543312692359,8.049107721326406,0.2527156549520767,27.0,340.0,0.7524091158202411
junyi,learner_based,0,467jZhz5FyJVTN9X3CZRReWVNyCr5ThuQ6pvvkgXTtU=,995,0.096557742710127,8.259716961021523,0.5054347826086957,16.0,366.0,0.713702016808117
junyi,learner_based,0,46ROXDc+6TtRsAPHki7/E82y+3AiRRPb1cWpd/9Y0OU=,5162,0.0643285842223041,9.73849497786395,0.1651825204930117,18.0,2135.0,0.3744493392070485
junyi,learner_based,0,49sbTmIMLfubZ+jwrUcdiWu5DciVkyQyCxSDPZcKAgk=,57,0.2201086209531416,5.648974238161206,0.3780918727915194,18.0,17.0,0.7877591312931885
junyi,learner_based,0,4BVALn5irV1247RL43vCYHrGwGO+WyV5JNasXCe3N8Y=,830,0.10656099968242,7.755338812846501,0.2798971281611658,20.0,256.0,0.2511013215859031
junyi,learner_based,0,4Cs14shCTLdfFnIdlQ4kN//z73I2k0ryjmF6E1FzBmo=,158,0.0829056008141251,6.300785794663244,0.5294117647058824,20.0,58.0,0.6623977368300329
junyi,learner_based,0,4JcS9o5eqSGmsfqe/xrIrLH6445lgnKVcwF9b24djEw=,951,0.0980107795866255,8.03398273468322,0.2854362633798248,16.0,417.0,0.6704119850187266
junyi,learner_based,0,4MP++M0mzDth2XpfseRILPjwOXOAk+Z2oAquU+nEEYE=,2060,0.0956190611163461,8.891649112650057,0.3381017881705639,16.0,764.0,0.8853350516839302
junyi,learner_based,0,4O/bW47dO93OOFh+q3pUoZX5kXQfbqI8onvu0RriUbE=,3060,0.0763866475107623,9.329633378164166,0.2183561157464938,16.0,1222.0,0.6685113498548345
junyi,learner_based,0,4OOqY/SxnrDhJYNG9IWfI75NGmUwzQF9qC7YYdUwrbI=,1442,0.0915583807396368,8.470520783217808,0.4510584783064347,18.0,536.0,0.7822449453869393
junyi,learner_based,0,4SA/+F8g7P5zdbzUmu4C70OOtDhWIvjhrlb5KsJctFg=,1761,0.0796579261485451,8.556413904569519,0.3054433544912482,34.0,639.0,0.3560325684678016
junyi,learner_based,0,4SBeVrJgh8ZwvSY6e/VWdSa0DJUHDRe/l7oRV8lcMlQ=,3877,0.0591631500717749,9.615672137861337,0.1553644062145762,19.0,1647.0,0.4368131868131868
junyi,learner_based,0,4TQW6WshhFY+RHtjqPKjxICmHWA5iO/57N39cYvvg94=,2455,0.0892328634486361,8.923591197573002,0.2423394617639221,18.0,953.0,0.6260712225310747
junyi,learner_based,0,4XDfW1dI2Qj2YY+tPotz6VY0VwcPfBzlZtfQa8RH98o=,152,0.177975693423497,5.940171252720432,0.7546174142480211,20.0,18.0,0.6264367816091954
junyi,learner_based,0,4XFuNjD7fAKEKH6jyDqZPZJjoVyNn2hc2m3fVVgE2/8=,132,0.1421269642640695,6.406879986069314,0.2314049586776859,6.0,63.0,0.4761904761904761
junyi,learner_based,0,4ZORM6aG+AuCdVwSDcuY5CIGomxB+yV7jEQ3c7BV9w4=,4169,0.0984734919721483,9.62185381861855,0.189662027833002,21.0,1933.0,0.6363636363636364
junyi,learner_based,0,4aBoITa95u1u3wbHY37hPJIFFinn6ZnQjmZmH1sP830=,3300,0.0899405745845852,9.359277484750551,0.1844032744506678,20.0,1501.0,0.5514285714285714
junyi,learner_based,0,4h8h7HJckqx804hyKFBQcjS2w4U2iK5KAgIjUD62vJk=,2434,0.0939229874301169,8.994668835500674,0.2384911279315051,16.0,1024.0,0.5270457697642164
junyi,learner_based,0,4iIvLk0lZ+0GBDS1C/Manl0Akf1WtIozwfMOkh1/PFc=,5386,0.0868165587603138,9.816130661317876,0.1541525701189566,16.0,2046.0,0.5310674806137601
junyi,learner_based,0,4nAkvbt0uRJybF6KnVxXm2BOHbmsyDH76Yk/noX63o4=,2038,0.0924565724592557,8.936166649549195,0.167477963425865,16.0,994.0,0.3571428571428571
junyi,learner_based,0,4ocFSB0WJ+OdC6URbytP90Mq+4KaJGPg3s0Dq7kysgw=,1199,0.0973142344113112,8.370547611074752,0.2649988417882789,11.0,594.0,0.705715443858938
junyi,learner_based,0,4p305X/NqL1Zx9j6BDJEpiQx090kFF3o/LTTGJt5s/E=,4706,0.0721211652795887,9.798127036878302,0.1271181732318462,31.0,2283.0,0.328125
junyi,learner_based,0,4wPA+igxcnoZXHzbK57bUr7kHKW3/0BlBZX/AhhSkEk=,1125,0.0583434142851167,8.173857454773621,0.4985899605188945,16.0,329.0,0.6232635539262975
junyi,learner_based,0,51yeHVqlt292oD7kSlyIajwHuUui7mT8PnYSMxUExjs=,3138,0.0731435773798921,9.32473991228468,0.3593791811613593,16.0,1119.0,0.617816091954023
junyi,learner_based,0,54iaIjJ463HXFF9nhiwi/1eQIB9mSIwg4hA695/iDZk=,3658,0.097889472015035,9.464051924856811,0.4678358035229301,22.0,935.0,0.6398316970546984
junyi,learner_based,0,5BND+QhJLGTw2gPNqCs0SjqEQuGL+IN798lUL3RUG3s=,999,0.0942794973211543,8.288031567776464,0.4228930817610062,54.0,338.0,0.7061965811965812
junyi,learner_based,0,5BnT2c2+EFO9V0kttajPXaqmUNM2vAriGL/lJQdnidM=,1001,0.1079667870710779,8.12740456269308,0.3935007385524371,12.0,263.0,0.4702702702702703
junyi,learner_based,0,5GSDEOPz8ykUYPVBbe6s8+TAN1rUxtQgcpirWtxAP30=,6130,0.0790856097211079,10.013193612624184,0.2013173223407115,18.0,2319.0,0.4107972271159069
junyi,learner_based,0,5HHrsQn5qiyLxLdipqrxulXA40DVSUGJ5ciQw/cHxHs=,629,0.085842935276619,7.641564441260972,0.5124879923150816,12.0,177.0,0.8538751185958254
junyi,learner_based,0,5J5VC2w6tQ7Fcg+P2oh3vM6Bo2l8bWGb6mdInIicams=,3694,0.091467359880289,9.474549088242322,0.2034861399063195,16.0,1573.0,0.2181184668989547
junyi,learner_based,0,5KQ7wVusODIGXeR77YTjuxxWFJmiYmgbaEGhEYj+nLA=,4161,0.0848208358319961,9.65745912868446,0.4872417982989064,16.0,1603.0,0.3425196850393701
junyi,learner_based,0,5ONBvVe9aUAWqO62Iz9waAwTucWIMbiDHCrXaLI33gI=,2894,0.0737318063956771,9.2299469016151,0.5354516034127685,32.0,812.0,0.6704035874439462
junyi,learner_based,0,5XOh9hPgSIw+4ArOqH8SRFzrFrG107tCCpwFQcpZ9T8=,2378,0.1046680282360597,8.996775795442296,0.2725359088657751,20.0,1008.0,0.6333552343407797
junyi,learner_based,0,5XP5A34EbVYPsNgi2q9tNzuW5fSOenWfbBkAXDGKAfw=,1340,0.0837774153604214,8.441822884391462,0.3992666091458153,16.0,565.0,0.6698149273512
junyi,learner_based,0,5ZJ5qSJYX6dsa9HODIJqoF60NnmdmYfFjBKCus7D7og=,4317,0.0934146334530856,9.601976972147812,0.1857635368079496,20.0,1727.0,0.5580524344569289
junyi,learner_based,0,5dlKZnVky02kPrQ3HjXsJq0FAO4nImf7Q/v6t5xOoq8=,3868,0.1018231477219546,9.567944883732848,0.5359490837879424,17.0,1214.0,0.5287156421789105
junyi,learner_based,0,5gAwpmADo34wxzAw/auRsRgPsj+RvWPNWhOj3SdP0Ss=,5352,0.1006612982726217,9.800014144059851,0.2537570010536238,16.0,1972.0,0.3926868044515103
junyi,learner_based,0,5hdoig9S5bMSEU8dY8iuOOHDxIhRszCyjA2j1+HvnCs=,2146,0.082663020297871,8.96264794774056,0.1792440743113389,16.0,993.0,0.7375809935205183
junyi,learner_based,0,5j1q7lkHFW8HJEpfUarDBzEppNaa42zrbrz1xDFw+Ck=,1472,0.0884484631798999,8.492080490601163,0.1437948717948718,16.0,706.0,0.4802973977695167
junyi,learner_based,0,5kSVSkNPjZ9e2yxsfdxafAY9krIn0DXQ6ltiytN0CPU=,652,0.0725977650952119,7.725771441587952,0.4132450331125827,20.0,234.0,0.5772495755517827
junyi,learner_based,0,5lnlUzir6Rr7jFNvU6nOmmGn2BbhG6KD8yqbM4ThGQg=,2025,0.0697389404181345,8.842315546841863,0.3160404624277456,16.0,806.0,0.4891693289431272
junyi,learner_based,0,5mFUoufpNkJhFs1oOkwpadisjYtcoP4eIjvzRWOShe4=,4960,0.0814283938162149,9.747359919824648,0.4148351648351648,16.0,1237.0,0.3154222166537949
junyi,learner_based,0,5svTX6dhnFB2BXkiQO1O2qKKYggIy5f5KlvnEVntVhM=,3853,0.0696903194564056,9.541225601728613,0.1364126140363479,16.0,1732.0,0.500354609929078
junyi,learner_based,0,5zb/E6kSp+5Gs/Qc8wv83Dy5jLIhJ0UabdQmsqOQsXs=,292,0.0923962737880137,6.88653164253051,0.4478527607361963,17.0,102.0,0.5380749903362969
junyi,learner_based,0,6/W9+pVrE9AFh807PuW/my0HtmEcry1j37kEec96OoU=,292,0.1227565639052693,6.947937068614969,0.6125,22.0,103.0,0.6031959953792838
junyi,learner_based,0,626yBYLPoc8DKImfxhg1tjUMl+mBpYA7IyBh0uG4zTU=,2769,0.0946343250938618,9.230633075243944,0.4307134457075656,26.0,853.0,0.3259692911387463
junyi,learner_based,0,65YgA0ahggSdeaYBdRl82v/AO+pGzmZFqsi8TTDiP3Y=,5465,0.0952672247494565,9.932900713104477,0.2009127986016702,16.0,2388.0,0.3726758085136915
junyi,learner_based,0,68qPK7TNOqHxa+vLFjF5SaA8s85h1cGPnEcSqmp/G4I=,4232,0.0816496088969347,9.610524895640422,0.4338471849865951,15.0,1335.0,0.4392410900052858
junyi,learner_based,0,6KWUZDbWrp4SZwz1c3Qemu0nKG1Ga6+YmrXtTMuil4M=,901,0.1227212675953579,8.013343181386672,0.4314569536423841,31.0,266.0,0.3567869248609286
junyi,learner_based,0,6OqLfhKn7o3dbR9qbbxwkWWiO1BxMW3/iRqMJ3C4TNI=,2378,0.0769440159726421,9.004053937728395,0.3925015365703749,12.0,951.0,0.5177128651336234
junyi,learner_based,0,6TZjFYjr52rgg/ZkgA/7oKDULdwCE70SrbpQaSU+Dhw=,2872,0.074940095114078,9.078978053779355,0.4414917883211678,24.0,672.0,0.3455533569566057
junyi,learner_based,0,6U61DyP2lMcrqSxLp8pU4JOtVvXq/BnxM/YXDVtOMbQ=,4563,0.1184859430084118,9.644975857384129,0.3149647089296121,22.0,1983.0,0.351423487544484
junyi,learner_based,0,6UJI/nUJp0n771O8yxGM05XhkhXAfGhsT0DUpIRFFVQ=,1123,0.0676229707083979,8.12533508671429,0.4514505624629958,28.0,367.0,0.7335567255953399
junyi,learner_based,0,6V/YprobwdkqXU9Ck03rPhYYe4Q9XY9WSpxp86SfMV4=,3175,0.1044112413194705,9.326789184619429,0.3242834253160049,16.0,1265.0,0.4808567987612547
junyi,learner_based,0,6Vtsi+hGTu16nZLlswQ3+aM8hW2uGguuyNci1tt2FGA=,4976,0.070347828547608,9.840441250818492,0.3310965542951483,16.0,1567.0,0.3644408688656476
junyi,learner_based,0,6Y5XzaNnvoUiMar6dJzcl0gW14UUz60BXY0x7j2LqTc=,2646,0.0848493758062476,9.111182800442965,0.3950303699613473,13.0,801.0,0.4662453318012065
junyi,learner_based,0,6i0db08vxp78rqzmscqC0FXbeJxoms6cn5I6cKthu3Q=,2363,0.090139667399092,9.073374516903025,0.3541690560844134,16.0,772.0,0.5518441196938065
junyi,learner_based,0,6nAU6ttRQrsVGHzwzudkjimJcBMWWqstLo4WIY+3API=,3954,0.0542091468973749,9.583833100841074,0.0924485440903145,16.0,1902.0,0.319672131147541
junyi,learner_based,0,6oBJy9a+mLrulaDRintC7IOXA5h6oXL7oGZCUuH34Ag=,3367,0.0819716455571448,9.447386828459384,0.1432065646204828,16.0,1542.0,0.4328441035665181
junyi,learner_based,0,6oV4EEiXnfv1cY4pXBitHQAXanttlx5+Tin1nYM4AWI=,187,0.0640505238132362,6.818924065275521,0.1083150984682713,16.0,131.0,0.7249252311038608
junyi,learner_based,0,6pvjmsSlGTJckr+l8pX/6w1tycejY0vnlCAB4Y1XM2c=,1815,0.0827671511627261,8.700347734514084,0.3572618254497002,17.0,698.0,0.4936708860759494
junyi,learner_based,0,7+zCeocizYIObv87m8EGftFwibVwD/QmbxfbCVzvqmM=,4971,0.1022779370235248,9.797237752693418,0.222432297169549,21.0,2112.0,0.4023494860499266
junyi,learner_based,0,74uvGh9hBfx+jQdqw9n6TzJCCnr8Q5wDHJqUead5+RU=,1483,0.1067863446249,8.390268497842571,0.2818532818532818,19.0,646.0,0.4468085106382978
junyi,learner_based,0,7GfQH+xzSUY6otFf1vL+TrUfTP/mPShPsFPOrzb8tZc=,2009,0.0835434831437808,8.72777821348305,0.4159779614325068,33.0,449.0,0.5835987261146497
junyi,learner_based,0,7Q7Ff0raH7ISEZGbShV9Ir0eGA4xKjVISqXU/om3sX8=,2986,0.0825120078185192,9.190035618635818,0.5452133088385385,16.0,779.0,0.7744309361075828
junyi,learner_based,0,7SG42IykaqcKQf+BZ3fBFrPLaCiKOJJPkBDLvzzOpGA=,2502,0.0833953684560663,8.982561092257445,0.2809595579000251,16.0,863.0,0.6286370597243491
junyi,learner_based,0,7Sm+J+ttrSwXrO/bKt4ZU534Mei/1rKNNW6TpNBbous=,1123,0.0854527074221657,8.282483003730562,0.4811535542625853,16.0,372.0,0.8212435233160622
junyi,learner_based,0,7TnOWfQ9G1fHRFFRHP2UNZ3SdWfN5I40rfh/K1ZepWc=,2985,0.0861694177765543,9.22207129485188,0.2559059009587823,16.0,1123.0,0.7476459510357816
junyi,learner_based,0,7XD1iSHcwJip7u6ZRYkTQhjk1DLbKL4lQMrf9nBWnX4=,1119,0.0871731520116901,8.35608503102148,0.3619271445358402,17.0,522.0,0.744408945686901
junyi,learner_based,0,7Z/KCQJ/Nos87439+IVOvNaz0gOZPSKmri8DEQgNazU=,2418,0.0946699638540546,8.89439598980643,0.493278463648834,16.0,642.0,0.5661328634017709
junyi,learner_based,0,7bahRo+EXaR1vW7KnSZ4jCacIWZQrJwQEb99sSBqZ0E=,837,0.0631355583810179,8.159660737063376,0.4147597254004577,21.0,259.0,0.6416760411569817
junyi,learner_based,0,7cFI976r8aUQRMMibLQL8WwJA2qtycc67CAiCglG1yA=,2409,0.0546255231293319,8.949754525186103,0.5452303698896821,17.0,560.0,0.7975206611570248
junyi,learner_based,0,7czfGZNjJ+Rcey3EayH2GbR2/u33U9m2PKb1+lMA1bs=,3519,0.0580002920835485,9.389573832170903,0.521484701554924,19.0,910.0,0.7991651639617979
junyi,learner_based,0,7dWkhERQ653SMIMYe5OWVLn4eVm+680Vd2jEcsd4urY=,879,0.0686433006997672,7.844240718141811,0.5298039215686274,16.0,206.0,0.7658783516570434
junyi,learner_based,0,7fbJaPJmoN2eKJr5ET2A4DTPY+IMpCxnc/1KKVl828E=,1466,0.0794678599539366,8.418697944667139,0.3353200883002207,16.0,579.0,0.4680728302711553
junyi,learner_based,0,7fdHou+q4q/QY9nkfzbfGyWbvW6prJBGXnsOLgIlQbw=,617,0.1067930984958354,7.536363938404511,0.3153681963713981,20.0,188.0,0.6427142857142858
junyi,learner_based,0,7lZW5SB9whu/nq0QJ1pCSdPhmnwhRqHIldZ1Fu9tZfc=,4093,0.0778802411096939,9.602652693506046,0.1424035668445585,17.0,1753.0,0.4956921309592188
junyi,learner_based,0,7rEAlWAqa1YJ7CQRXAVVv6XcsYdqKiyBAL2Ka5B2Ilc=,1949,0.1045660230055405,8.756367559802975,0.2976377952755905,16.0,717.0,0.3065465278569426
junyi,learner_based,0,7weJLTdGePcbI6VZb5/eh77sHGzpnDTZXxgPlao6EMY=,1115,0.1013694035284004,8.196987927258897,0.4340038578120694,19.0,378.0,0.3333333333333333
junyi,learner_based,0,8+Ui8a/IXrjCEk/AeDlbsOtigJFg7t61Q9NwMy8Qzhw=,3262,0.0776968625971418,9.272187775302262,0.3968224123343048,49.0,1054.0,0.4824561403508772
junyi,learner_based,0,81slPW4ugMYwnmjLjYrVz7eWERceMuwjaiOLE/U4Cg4=,2982,0.0911821490622142,9.3101857069459,0.1989320300479681,19.0,1192.0,0.422680412371134
junyi,learner_based,0,837V238PE+WJU81/8PpBu5ac7OXNU68cfC9XrqOMp2o=,754,0.136833488901667,7.694392802629421,0.5125284738041003,25.0,169.0,0.4594208080085806
junyi,learner_based,0,86gD6UU9EwEF1gJZmFYJhq0JhD/6MJggjkNdt9CKiJk=,177,0.2257421262099244,6.212606095751519,0.5261044176706827,20.0,51.0,0.6747823984526112
junyi,learner_based,0,8Az3OnwtgqatpwpQiRDe/VxoHiiwkSdaRvVM/d9Ump8=,2304,0.0796088433162367,8.866158492284917,0.5762664032735996,16.0,565.0,0.5292682926829269
junyi,learner_based,0,8I8/B2pzv1x0TB2IYizxMzsw8l/i14wEn/1WNZM+UPU=,1654,0.0729654648779309,8.704999678440762,0.1248342175066312,12.0,884.0,0.6034667058882117
junyi,learner_based,0,8Ncq2cefDusTuXeFUg7peZUP0xBVAEOXIeeF0IxNqic=,2945,0.0962747967373485,9.248214024404264,0.3594607607125661,16.0,1040.0,0.597444089456869
junyi,learner_based,0,8WAiCr1NKNHhwGcicB0YFGjsDNAY0RXx5Ox+ypKfw5I=,1352,0.0654867681800029,8.576405051048084,0.5122549019607843,20.0,337.0,0.8020086059098397
junyi,learner_based,0,8Y/8JyLIUk9y2/ZOMDwmEnrWF7pIdwt1lyaQRyxLRNI=,3628,0.0894085355000333,9.53755560876329,0.1731795241528478,16.0,1787.0,0.4556177857152237
junyi,learner_based,0,8Y/LLPa4qJ3MkBetE9ZNbGl20pEX6YeQQlmiJUN8LNA=,440,0.0953529767014763,7.271703706887368,0.4645340751043115,7.0,146.0,0.7366920012425906
junyi,learner_based,0,8Ym4s3vcF6pOUvb/40MoFgXhozbjEeY5KL6S60BHW2A=,5858,0.0892007199016527,9.918179101279115,0.3315594974131559,16.0,1742.0,0.4324324324324324
junyi,learner_based,0,8bPBQBhp9U7NrhLkKfKLSGl2O9uB1gAOKEeWZT39hv0=,1631,0.1028912740443781,8.721602344674197,0.2910484265449209,16.0,702.0,0.565068493150685
junyi,learner_based,0,8gOZWBxE7wr8h/rGa/eYrD35P96u8qBjlPgsaHLe/IU=,1052,0.1104996331432699,8.289037098278483,0.4121638602663986,15.0,415.0,0.7671428571428571
junyi,learner_based,0,8gP4KXoWBPXMgFg1cGnXshZYBZU+gowtj0kzfH3LDIo=,1734,0.0954126815245548,8.57130251706327,0.5793064241046049,20.0,451.0,0.2092675635276532
junyi,learner_based,0,8iS7x756R3pFJUI3YiqHZJFPniXzmPnp2z6qzvdCGnA=,3597,0.1007529917085832,9.341719450032562,0.3523634131368938,16.0,1218.0,0.337890625
junyi,learner_based,0,8jkEHU4ZGZRzZmBTkQGDvsyLjZIUExZmATnB5Xh7RnE=,2710,0.0983020136294357,8.983314293397749,0.2661897590361446,20.0,941.0,0.4647400452095288
junyi,learner_based,0,8k+9SvG1ONpORy6T3RZLB31a0oaYmZCZLbpxKfRT180=,873,0.0680188347920476,8.157943507105037,0.4243553008595988,20.0,267.0,0.8145066564427115
junyi,learner_based,0,8k9UdKViQ2bczWr7yGZpegN088XEN6uGJi0UI+kr5vU=,3981,0.0964843171478605,9.6067647354322,0.2465688912809472,16.0,1700.0,0.7048956013181717
junyi,learner_based,0,8lMQHDTU5EwGBMdGd+c7Ud2X2hPbTj5eNQyD9N+bMKw=,3440,0.1061529030546892,9.280052984387485,0.192705904299972,33.0,1361.0,0.3226519337016574
junyi,learner_based,0,8pMUDp4kBRtzPo1x8x6E3RZvxvLworxgH8lF8X/YHEg=,1440,0.0504434943457858,8.653470809708786,0.3590504451038575,20.0,571.0,0.8565772107347118
junyi,learner_based,0,8r/LuwAYZGqYjMC99f1GuYesPmAC/r9IICHF832X20o=,2894,0.0933424364427863,9.323222529032856,0.331963551902805,16.0,1079.0,0.4054394257703081
junyi,learner_based,0,8xpaZEEZJ6206ep4as56VEyc5msrupMEjwLCnFKp7LQ=,865,0.1062292680230443,7.829630389150193,0.3577397532829287,20.0,245.0,0.6177062374245473
junyi,learner_based,0,9/bbdH6Njs7y/o/QWcJf3YPX0UcgoyiUAexULCLnKbI=,572,0.107898638909357,7.686162303492906,0.555351401010565,19.0,173.0,0.2983651226158038
junyi,learner_based,0,9/t+DtjQ/LZtSlRiyxT42j/uCkaXNx3dilnbirw8Idg=,5940,0.0849035299452286,9.93066488054092,0.3063260340632603,20.0,2144.0,0.2352117597616315
junyi,learner_based,0,90InnhzKdtZM0H2+oxk5FJn/2H0Ms1RmMgi1UjxE9FI=,1794,0.0881418814984386,8.793156870913819,0.2175166970248937,19.0,879.0,0.5309793694443677
junyi,learner_based,0,9DvpqliuikAji14RPwHUjWDnOLbbWTLxJ9jsXn20c14=,2243,0.1067948784185901,8.888204871455022,0.2178053830227743,24.0,910.0,0.5104011887072808
junyi,learner_based,0,9OXYxjWigzS5FgP5nZ1y1EAtwQihC19PGhDlRKqK3Pg=,7033,0.093636856064122,10.241922148185072,0.3364226135310473,51.0,2253.0,0.3942685542685543
junyi,learner_based,0,9Xac/b9GDl8fIMKKSkRMpyot1KsrqcJ/hE/axKQRwH8=,1272,0.0791149419892005,8.52456594574565,0.5246227164416204,20.0,446.0,0.5
junyi,learner_based,0,9Xi5HaV/Z5cinEcWKVZMuef69TOyb3IxHlE53sgUbQA=,1600,0.0954084826540201,8.632305998516742,0.3415938669994651,18.0,522.0,0.6520210896309314
junyi,learner_based,0,9f1FmaQfbOo76nn6Dbh5CDn3qfIP8JDD3YqD4/LnOPc=,2861,0.0868941827874782,9.115260165725912,0.3095028596568412,24.0,1028.0,0.4839066650567495
junyi,learner_based,0,9jGMq1D6/YUFkliSwkqCwoWcAr1IYE6C0Y/kxGatKSo=,2224,0.1009469056986071,8.846640813100485,0.4287769784172661,19.0,691.0,0.3858872345618745
junyi,learner_based,0,9lLzmJS+WCb4lxE0gk7bLrUFLMGJusLbizkGGvG52IU=,3154,0.0635740156501021,9.222565341598752,0.1443390634262004,20.0,1408.0,0.4690409616327001
junyi,learner_based,0,9lNlcOPdqsxv4gFKj/l373+cK9Dfus5eNNsvjHY1yos=,252,0.1362190442344558,6.590301048196686,0.5199449793672628,25.0,67.0,0.5769230769230769
junyi,learner_based,0,9mYZdVIanfb2q60ypmKFtC5A+DcaoFToPY67MkZPrxs=,3104,0.0615693987731236,9.225031920719172,0.0981570907657435,16.0,1462.0,0.4966887417218543
junyi,learner_based,0,9sB9W+3x5hEFUN/pFLPakL+0ubNopXBy3NGjYgRPSI4=,5842,0.0576899153298708,9.682653831508809,0.0429658268894986,16.0,1654.0,0.64
junyi,learner_based,0,9x6ylQHM8NlCIaCOiZUyL0Y/WcL5HVFdi3T/TCdr9W8=,3200,0.0695361564029007,9.289890650734192,0.149256488408608,18.0,1190.0,0.5789473684210527
junyi,learner_based,0,9xKPJypj9iNixPJpQ2i/OsHZXTb1JcFP70VkCCOrH38=,123,0.2866708157750648,5.602118820879701,0.5555555555555556,24.0,26.0,0.7017712745475548
junyi,learner_based,0,9z7XR/FDfIAlrvVwIbw6cXuoTHPxXx3Tfe2fcYkLFCU=,3324,0.081350635750069,9.424967763522051,0.5069797466311627,21.0,1011.0,0.5718954248366013
junyi,learner_based,0,A2548sl8hqkIMIGY7mlg/p2NN83cncQx2SgT00lyByk=,2349,0.0824340169994804,8.923324744067562,0.3328891257995735,16.0,864.0,0.7922938049853372
junyi,learner_based,0,A4uyvCQoQk/eDtSbRh4VQSkKghw1lxAz3hTuikhchB8=,4366,0.0915371440615517,9.547526639331052,0.2691127132557641,18.0,1552.0,0.5055443548387096
junyi,learner_based,0,ABO0BTpEYfMxm7ab5QAZhbOUJGui6N8h7ohJBPwlkDA=,144,0.1090095145369155,5.8944028342648505,0.4060773480662983,10.0,36.0,0.4434553872053872
junyi,learner_based,0,AFUszjsf6svmUlda54hgkgrK1VBaoOplWgUuvdf6qHU=,941,0.103824245574212,7.937374696163295,0.4090746695248303,21.0,278.0,0.6581196581196581
junyi,learner_based,0,AI1fp53PL5PAqIN/QBoT8xH/OkkpVuGuw+2Bfw9WjbM=,6742,0.0630309895892165,10.05470536427875,0.1655777166437414,16.0,2549.0,0.3564981910817117
junyi,learner_based,0,AOPJ6VAg/KKkFJJKSu/lQV/vvzgscheE8m81+R3ZzIQ=,945,0.0636004159374842,8.32457884513685,0.4845985932573369,35.0,376.0,0.9071428571428573
junyi,learner_based,0,AUKcVABab0p2gaDWuFp3/SBBMLdbzqtduBnXhYaNX4A=,2313,0.1010877942502131,8.892473968347087,0.2332325453545904,29.0,964.0,0.5667344647175927
junyi,learner_based,0,AVQrq6G+1T2BculthjTF+IbOH3pgRM1G2mPRoCRxQXs=,3158,0.0888481103025372,9.3581567466704,0.3972567287784679,23.0,1220.0,0.5389267266992732
junyi,learner_based,0,AWydRuHu2+cX0wAcWh9RcQJnBs4mFdeObcCzF1yM17A=,67,0.1446717786255167,5.099866427824199,0.312883435582822,9.0,16.0,0.6651376146788991
junyi,learner_based,0,AY0mOAFvi9VmstXOvox56zDaP9fa9bTwKm2mjraTSpM=,2562,0.1220533619701148,9.002824076547672,0.2850461538461538,22.0,1021.0,0.6116504854368932
junyi,learner_based,0,AcYYIf9FvFbcJSukoI+g8dbbVnGONCM2tSNWDBZPEVg=,3751,0.0755705423782235,9.423675982299306,0.2961137593924214,13.0,1105.0,0.4394641937145801
junyi,learner_based,0,AftCWTe9HWCQtI7qOgUITUl2eWnLhe6p09IHSLTFB2o=,5121,0.0681435189140224,9.760655903428583,0.3641345100074984,20.0,1546.0,0.8408812729498164
junyi,learner_based,0,AinVdT3v40+Xkc6XK1PV8yd3nMSyxfXNylgOVqAUTuc=,2107,0.1149324759823064,8.91085558740525,0.5033058966401296,32.0,693.0,0.5381944444444444
junyi,learner_based,0,Al012qyMxPulPF6AG/591Tc4yZpAu7WzF0W1nozqDjE=,2291,0.1173353583557228,9.0068768914288,0.2849963226280951,20.0,1050.0,0.5867333066995151
junyi,learner_based,0,ApMn4fwBLAonJKKklY9Xx7r36OqGMSFOyTu/K5c9c+o=,754,0.0709606590100245,7.6586995582682995,0.5094428706326724,22.0,193.0,0.8983665479285003
junyi,learner_based,0,AqtrGa+Qvhqa4wB01SqXoQf7HJKNBmJRrvl6F9s1ANE=,2917,0.0597310003179278,9.19166710671056,0.0811086203382922,16.0,1384.0,0.6428571428571429
junyi,learner_based,0,AtutQaYoYed+bhR0nAKKuHcZCifFK5QvSh/zsmSBYws=,2255,0.0961128290816976,8.937875265329263,0.2135539795114263,16.0,957.0,0.3398163468885533
junyi,learner_based,0,Av3E5D+JWfyHjDr2vSsiW200MsgBmim5sLZc4UBQM/0=,436,0.0912025925626448,7.593877844605118,0.4458438287153652,19.0,181.0,0.841640378548896
junyi,learner_based,0,AvVjpkv6dhnbfTduLjLGr3yAy+u/yrG3tRyFD0dnplI=,2917,0.0894992422538544,9.301459965343666,0.2552725280745002,18.0,1339.0,0.366093366093366
junyi,learner_based,0,AzYy1fVXRy9vByJG/zOf+okOqOYX/wK7VjwzQtO06mA=,4981,0.06742039276315,9.689737246238511,0.5026625386996904,17.0,1030.0,0.3772700341488112
junyi,learner_based,0,B1sKmLxXJgGq4v5V6OiiviSQvlRRVdG+VPhw5mtnB2A=,1465,0.0724104509367877,8.77971129020447,0.5126153846153847,28.0,421.0,0.4516962773838501
junyi,learner_based,0,B8R6Hg4V/F/7VfoeoS3JflqvHVf/8wTTpw3F+5QRK0U=,2392,0.0844367010687107,8.954286157204713,0.2824289405684754,16.0,884.0,0.6842370856036183
junyi,learner_based,0,BCz3hEB0CxBDHs6ebA0dwY/yJI1GRKhXo5MmxjsLONM=,1296,0.086920384194035,8.359603270841466,0.340983606557377,14.0,550.0,0.7843848771226775
junyi,learner_based,0,BFLeIt3fKT+RFErw4CjMV/iHEo5mzd9ZTYi6tORkpok=,278,0.1227406926667518,6.746412128573375,0.5894117647058823,20.0,58.0,0.8647924956047006
junyi,learner_based,0,BFN7V9RhPTIHj+hfM4kCpiFoNMu4vJs73h071w1MYXw=,1845,0.0673259629769538,8.653645314551737,0.3202443280977313,18.0,659.0,0.6511133102424542
junyi,learner_based,0,BG1RsWojzEHzV28RBm/1iKi1NyZgDcDomLYEJSV6lmo=,9373,0.108537671643997,10.486847768485331,0.2211495535714286,36.0,3390.0,0.2681316438205599
junyi,learner_based,0,BG5tyd78Q/W+eQU5e5tUTKS14+tiZ6//Zftq7fxiLYE=,3173,0.0795819891086614,9.215825302206753,0.6208474239108812,16.0,546.0,0.7411479380469227
junyi,learner_based,0,BKRlVJjusXXqyF7Mti7eUJiW9bgzP/IOVLxgWOgdPdo=,1602,0.0799205430112453,8.45807992692373,0.3024193548387096,17.0,541.0,0.5899183314970056
junyi,learner_based,0,BKt/X36NfFpI627PMWLYduGX+QjDoMwvH4t3vd7m8Fk=,1778,0.0797055851337076,8.661812881026181,0.2210489873636836,21.0,768.0,0.6545454545454545
junyi,learner_based,0,BMWFDTPQo2WDehX7lEVqVUvQfGCijq3whIyPYMnjc30=,2883,0.098340920429448,9.323043861889268,0.1845067905646891,11.0,1264.0,0.4453524034779264
junyi,learner_based,0,BOsRDO+HYK8BWQZeW6NYvjKlmA4tI7BV6Y9tC1RIpQI=,180,0.1559675067663193,6.257667587882639,0.4510556621880998,20.0,62.0,0.5586854460093896
junyi,learner_based,0,BRVWXF/J4+0yaKyucGRj3Zey14U/6FJcgOtZsz0t+5c=,3992,0.0974903557433131,9.580247384683632,0.3530915371329879,20.0,1703.0,0.5169491525423728
junyi,learner_based,0,BUPBhaJgHOYfys/H+7clnnHEW1LZ9koprANEAsxlMpc=,1071,0.0698533594803093,8.27715777243181,0.2113428280773143,24.0,546.0,0.678680455209891
junyi,learner_based,0,BcsnYUEwbuR5tS+BMG9YOQPDladPhc1gCufYlv/PNr0=,1586,0.0568457777326524,8.486527777105353,0.4789603960396039,20.0,423.0,0.6314369191224177
junyi,learner_based,0,BjRt9ztH0eQGaMBHEBW3d1dnrKlg/t9cOV//Lvar6Tw=,2758,0.0781357802114327,9.246865146658555,0.2701764535724617,16.0,1397.0,0.4059701492537313
junyi,learner_based,0,BrLr9H0NbhhH0E8bcCav8bq+2csWvEraQIgMmNsgvaE=,2365,0.0763258351017002,9.069237530998182,0.2584360244155246,23.0,1139.0,0.6336866902237926
junyi,learner_based,0,BrTqq0RU5pT0MuL93VJfFGwV8IhRCgcWmdz0Qfp0i+Y=,746,0.0818099344783429,7.720905251936779,0.2462289263531499,16.0,337.0,0.6137975143136434
junyi,learner_based,0,BsX6i0arMQF4Pm3e13U2Hs8vkEflls6+v5TKh3xvkU0=,1494,0.0750422087015516,8.40200678160712,0.3335578002244669,16.0,541.0,0.6521739130434783
junyi,learner_based,0,Btds09v+9HMRx4P6eflC5gPQoNUwxSaOSdqT5SfNzRs=,1992,0.0940048750976182,8.893572718629306,0.2063426688632619,21.0,1041.0,0.7096774193548387
junyi,learner_based,0,Bwy+g5s/cdkK1YBAu2AbE00aDEIgVHvQLglAIAnNIlU=,1152,0.0712179197895845,8.2482674474469,0.6479057591623036,16.0,284.0,0.6875978747203579
junyi,learner_based,0,ByQA/MmCIFpFDmbqdsY9HPLUXlMwe6dauKrJXJFmtO0=,6977,0.0844655404083876,10.09921879624,0.2905069275993915,23.0,2459.0,0.2606232294617563
junyi,learner_based,0,C0OnRDLdTPvcy6KEjcoRFC2/hqKUOxytXBGKJT2hbaA=,673,0.1161023224780078,7.540621528657152,0.604144527098831,19.0,122.0,0.5177636580083476
junyi,learner_based,0,C2AT0OBTUn+PRxEVd39enhW/DJtka1Tk90DUAR6yVdA=,2280,0.1061559263731173,8.996528148090857,0.4014119395590785,16.0,986.0,0.8538437624905626
junyi,learner_based,0,C2mLl3LPA63WewP1k+Xh1aXlNuGWnhIOUKANkoz5sA8=,1400,0.1011230915997709,8.488999457045455,0.2633744855967078,18.0,570.0,0.5057080624442793
junyi,learner_based,0,C7iIbMZdPneDzT/rQltVfazJAO3ZwSES2ZirNpKCmeM=,836,0.0708435611358206,8.137980454452139,0.3428821981876644,26.0,392.0,0.7591125198098256
junyi,learner_based,0,C909uiishGWZRTfgsev1IhCjyL0gUD0ph9QKAYE+2DE=,277,0.1217121591973068,6.421622267806518,0.4869706840390879,20.0,94.0,0.3811965811965812
junyi,learner_based,0,CEQr505iIq/1Tu39ojlsHXf7Y+jMalnhWU126UWdgyI=,2997,0.0480906381049592,9.411810747608898,0.5273485405935737,20.0,782.0,0.7890625
junyi,learner_based,0,CF13V6t23GjzMMrmb1dKAo7CKiOon8TM72V7olKWEgw=,1785,0.0986401589008189,8.711443319075466,0.4574205238016801,38.0,559.0,0.3940774487471526
junyi,learner_based,0,CHLr4TQcYRa8ps6Vpimyi7fiuL+EtoUaN1YAWoCE+Tw=,3260,0.1207880347115816,9.390743422947509,0.2859886439545758,21.0,1581.0,0.6229761110983376
junyi,learner_based,0,CMyGDXUELzeplk/4CMeRIFdFeukLF5cACzMugP2ar2k=,51,0.2487552592567369,5.389071729816501,0.4403669724770642,20.0,30.0,0.871951819075713
junyi,learner_based,0,COZ39Wo+uIUO2s7c2VGEHjJf6Vx0xifxVAiaeHtaTdk=,4112,0.0668759802573792,9.610189741298711,0.1320147502514247,16.0,1968.0,0.7806637806637806
junyi,learner_based,0,CPI+5YCeEmhqdk6znJeii6jJUNl1QWGEvwCUJ6uLflg=,27467,0.0410767719613437,11.480319625221314,0.0360364083437509,24.0,11177.0,0.3618843683083512
junyi,learner_based,0,CVPAbATBJIcwj+W5tdHPMJPOXd7zjBzeCVdUuSchQOQ=,90,0.1967622761925061,5.393627546352362,0.589041095890411,20.0,24.0,0.7354932301740812
junyi,learner_based,0,CejMfdLJACR3d5PBzF/nALE8oDLqufdT1ThGCWBAtzs=,476,0.0868784315246274,7.530479995245536,0.3553408480944713,18.0,235.0,0.515570384493168
junyi,learner_based,0,Cfvrgm1Xt18sIEZ4kpSnePUQfJFC6uDZ281lZ6A7m+U=,1356,0.0676376185346268,8.46252579007393,0.4736953306570886,26.0,503.0,0.7011494252873564
junyi,learner_based,0,CsEbUU6ye3MWlxUXRNZ6czmGLlt70mRKs5S2ZyYEn7E=,4880,0.0919968070370741,9.706011747970496,0.276880901614377,27.0,2009.0,0.4387096774193548
junyi,learner_based,0,CspTRnYx/rdKxnW0RuyjMXwx1vrcR55tQZDzjzV5mRc=,860,0.0819905715236483,7.995643604287271,0.3764745534209639,18.0,348.0,0.8983516483516484
junyi,learner_based,0,Ctr+7eXOp1moXyVJDfXHxeK+VijAj+QGQf3KN4+waNA=,2211,0.0703356190252255,8.994916943677111,0.4758714799652649,16.0,606.0,0.564625850340136
junyi,learner_based,0,CveY41m7f7+cJ9cxZRljF7rMPXhMo990yikQ5KYM0x4=,605,0.1061129515451833,7.302496423727326,0.4470667565745111,16.0,122.0,0.919085312225154
junyi,learner_based,0,CzDZ1MLXzGdIvkP/kEE92OzFgbVyBwoUvtEx8YXAzUQ=,2602,0.0759856946176514,9.134970064951409,0.3593227650167152,18.0,830.0,0.6338215712383488
junyi,learner_based,0,D+FHl27nM1FORJIrrx21aDYgSjXGIM4nzk77BDQCSz4=,2550,0.1079637501630064,9.087155271405804,0.4833710407239818,16.0,979.0,0.6834814758368055
junyi,learner_based,0,D9HHanexVehrjyeBGS1P8EJ90naPdALsOcCou88jhx4=,3603,0.0902606973255504,9.335738781370516,0.2675782973092192,20.0,1236.0,0.607125662012518
junyi,learner_based,0,DBCNxZ0sgsp2UnxD2QjnB5hpbDbKo2poEf5HLMnXhck=,3772,0.0762876111536048,9.45930760329985,0.3772025573054732,19.0,1073.0,0.7428026465858617
junyi,learner_based,0,DDlDJPD+Pf0lX8WBgnOUdm1wA1bnHc1lsKlvUct+Qb0=,338,0.1409624560884911,6.964135612418245,0.4692526017029328,20.0,94.0,0.7954545454545454
junyi,learner_based,0,DH1woY0jiq5IXrppQ7IjlrjnVUoe9Y99FFrAnh4K9qc=,1157,0.0987999473618747,8.302761580704049,0.4305899851264254,7.0,331.0,0.5373913609194059
junyi,learner_based,0,DK+rYDqFxs5kQDeBg236ch52xxIxBdsYcrn0t52y/O4=,325,0.1391064082888456,7.290974778142981,0.6132332878581173,20.0,86.0,0.3401923076923077
junyi,learner_based,0,DLnrzChizTx453F5jnRlIz32VK1+v4h/rD4QR1q9KL0=,312,0.1116001643001651,6.952728644624869,0.5827751196172248,16.0,77.0,0.5681818181818182
junyi,learner_based,0,DNXGwbi0H2VORtI1i1PGiDKE8ZQmugjzZLUNzuWQwE8=,1125,0.0965645930833286,8.33302993974291,0.3554593554593555,10.0,473.0,0.7576069054231134
junyi,learner_based,0,DRTrxTZ3EjiwnJUUqIsOLCqDQihuHkqux4RSUOkk2sA=,620,0.1215616322317792,7.5688956634069955,0.4318181818181817,20.0,183.0,0.4136658317371445
junyi,learner_based,0,DVBcyBb/39zS15rRE/1kw6f60ixtFIs83UFgKIrKv7c=,692,0.0525994698403974,7.84971375760487,0.452808112324493,20.0,255.0,0.4443820605953019
junyi,learner_based,0,DX7JpJCwcJs6C2qejstdt0z/KJVJV2d6+HHL5VJxYEQ=,5673,0.071376125962422,9.935276875025536,0.120368127875999,20.0,2602.0,0.2908902691511387
junyi,learner_based,0,DZOzPkrGKGiWZ0ZEIezqQG1SVtsv7aigoWyf1AIB7X0=,759,0.1212269730291701,7.507141079727608,0.3472527472527472,10.0,196.0,0.5460510306948934
junyi,learner_based,0,DgH+MRxk5YRf7Ngdo7+R+ibJY9IgkZ3LRX4c/KJ+JV0=,1290,0.0946934973922117,8.255308811785596,0.2685209253964128,16.0,572.0,0.537712895377129
junyi,learner_based,0,DijENLQwI0eQXpvIEtawj3UvDDB4tHjXT54jhWoEXU4=,1602,0.0839614662226666,8.657302899400882,0.2964701790992871,12.0,632.0,0.669921875
junyi,learner_based,0,DmF26Iww/ia0ys9by6NpVRp+OxwD5keuuqZ+CbR56FA=,1209,0.08283448956346,8.174421152646497,0.3762683201803833,20.0,329.0,0.8526806583659549
junyi,learner_based,0,DnZ+4F0wfZyawol4t+/bAvIm5PTPYUC/NSZakKr8g4I=,1263,0.1204349641951415,8.327242607457793,0.3720367682631833,29.0,505.0,0.2753841059025508
junyi,learner_based,0,DoDNUFFBBErUlGRh0wKmlOlznf+PtByhRT4bnpALAD8=,1340,0.1221654974848532,8.313607139317558,0.3572829818538499,20.0,438.0,0.4066312475403384
junyi,learner_based,0,DsagSH6fY3fa91S3IfiweWR01YDbg7w40kuIJWwvvZM=,1075,0.0556601434348281,8.252185436003328,0.683181225554107,22.0,208.0,0.6319218241042345
junyi,learner_based,0,DtvKO1+2Ch/AE2FEfvJk1CyuVHFhFA08kGI64zamVfI=,1364,0.1137507861600287,8.558910784768106,0.3112049117421335,7.0,668.0,0.7107755566587558
junyi,learner_based,0,E1brbms8OjC9eR5b/1BQp/6KHCwAlnOG7ZFwXV8S/5U=,2935,0.0955181854166204,9.251098364448351,0.2836293807009121,16.0,1188.0,0.427458617332035
junyi,learner_based,0,E3B9SjT8bMG3v5nbUC0ygPR3x4i/oVjGtA/5V/f05rg=,799,0.1174862390927252,7.876258882303226,0.3851120394986707,18.0,239.0,0.242467718794835
junyi,learner_based,0,E8el1KULXDYfznMNQWPhOukFnqhiZit6gIGI/u9Kupg=,706,0.0635047176742013,7.620705086838262,0.0617949975478175,16.0,358.0,0.5833333333333334
junyi,learner_based,0,EC3mXr36NXo2Y460UNktlpNHH4fmUjKYq/yDyy6NXUw=,1625,0.0835928585982093,8.563695025067657,0.4403284323085736,24.0,474.0,0.3785166240409207
junyi,learner_based,0,EH35TxVqqCRWfd7C+kBleb4yHsq1ycppE5AvnX+WQBE=,7290,0.1089840188724677,10.215813455900667,0.2131279499469467,27.0,2996.0,0.2857142857142857
junyi,learner_based,0,EKYLxMLTcn5kWVoGOsh3zHLI31GB3V/xZq1IjjqFPNk=,3054,0.0700097300079312,9.230633075243944,0.2054096432771461,18.0,1283.0,0.5238244607755274
junyi,learner_based,0,EQns4v7nyWQ3aZaF1kJ+TZcugJ3hlFkc153alreohMo=,265,0.188543298784292,6.431331081933479,0.282258064516129,13.0,70.0,0.230383752557188
junyi,learner_based,0,EaT2e1/r54WlF1GML+FRf3XenFqIfSU1u2hdakvUJVg=,1360,0.0925898173769168,8.641532465671846,0.2987104751810634,16.0,625.0,0.5115902964959569
junyi,learner_based,0,EeAQRS+kGarrxqFWxO5U2lJ12zE7xgtIiHO9ojBNYpw=,5683,0.0835889992408209,9.928472805230037,0.1416239941477688,31.0,2384.0,0.3206185567010309
junyi,learner_based,0,EeGMnhrm4kMsHkyciCkRHDKmLKUY/jHQd5H7C/vPDNM=,1377,0.1080365900163989,8.282735880201754,0.2617602427921093,24.0,454.0,0.6341332565686172
junyi,learner_based,0,EedOkesRVDnFwtBDegS+2DXjAMOSPgOvhPbGLmqAjcc=,3807,0.0981936861254766,9.30946146284399,0.1874830178425867,16.0,1498.0,0.3428571428571428
junyi,learner_based,0,EiOn32wcldy/0j20uRGp8a2BWA9tBLVZiul1Z67Shxk=,988,0.0430435675539468,7.94873845481361,0.4616743200282586,36.0,264.0,0.9195323246217332
junyi,learner_based,0,EmMf7fKLNR/bxD1PlEAJpZ6oI8o05NkGbs2nb4hnj20=,3117,0.0834520481422873,9.311903687385623,0.4469642211781712,16.0,923.0,0.449685534591195
junyi,learner_based,0,EoxaKgXtsgVLpnw8d6TdnsnnqzM2gEb+mHUwkOsZGpU=,1446,0.0928117965211522,8.543445562560303,0.4555728760717069,19.0,446.0,0.5484882192334917
junyi,learner_based,0,Eqh3rtLupSh4OZOBfz/QwrSxbdbPLXAGP3luGcRi7Kk=,491,0.18318403489478,7.403670290012373,0.2742230347349177,13.0,181.0,0.8611111111111112
junyi,learner_based,0,F4GmvS4Bi2uZWkbTIc/2nAey1+AXYlAgQWpQcuY9HOA=,4480,0.0715044798803449,9.78052864513568,0.2014136273678258,20.0,1861.0,0.4088983050847458
junyi,learner_based,0,FDFKlshYbN4rO93MtgimwfpEoKerSWp1RFhoSKWXHsY=,2745,0.0682858396043325,9.120743838164426,0.2020345657405381,17.0,1070.0,0.4757721655178866
junyi,learner_based,0,FFX0ABpL61Fw6NB6T5NXjBlQnaknwhJjmbrC3z1AyHA=,1669,0.1025557497995049,8.68270762989381,0.4739786404475334,20.0,543.0,0.582441113490364
junyi,learner_based,0,FGPC2guShr0Gk55qXrzvUeeAunh9m5xf7lFMutk2foU=,3890,0.068819925909656,9.4922055591064,0.4687287815918521,26.0,1077.0,0.525722339675828
junyi,learner_based,0,FJV9jFDQLQAIAZoc7YboSSkQOkS3dNtCQAVDL874AKM=,4178,0.0827142501133104,9.73317361486645,0.2951917946285647,20.0,1728.0,0.5026109660574413
junyi,learner_based,0,FJzw+tZX1ifB8bWZsiI1O/zF5LjsyzzAKwvBigQ10uY=,1561,0.0786804526430971,8.688790784847216,0.1836562763268744,15.0,833.0,0.5031847133757962
junyi,learner_based,0,FOZdPAbVSKKgrQXyJeHVAVOYrXr2K5t8OYG1fJ/+Ex0=,598,0.1061527673030477,7.946971357693591,0.3722576079263977,19.0,244.0,0.4820690787373567
junyi,learner_based,0,FR4KFXSJBwuu1LqaZRVJs+gv6d7T8mqibchrQhNvAKc=,4828,0.0813727815193374,9.852773037991629,0.4962651236191477,22.0,1218.0,0.7651459200572938
junyi,learner_based,0,FRnM1V06dIJJUcNhs6gQ74GXbm2KQ2J2MvCv8TmPQ6Y=,615,0.0712322559783129,7.479299637782834,0.1757062146892655,11.0,252.0,0.6276919295874166
junyi,learner_based,0,FXZHogJiLvLU25++7dJCE1y9LEuSi4gulb0iPp36vdQ=,3986,0.114247489348381,9.53942826848658,0.3601755900978699,19.0,1734.0,0.6549174981400137
junyi,learner_based,0,FYcSOmLQ15uJo7MMKj/zGR2neWU4YI50GUDT/kc9Y2I=,1891,0.1067526057640328,8.85552084853691,0.462065031374786,23.0,611.0,0.3333333333333333
junyi,learner_based,0,Fbva86ABOgW15Bp8DdzvBmqz5++wT8+Lwr32PDvWBkk=,489,0.0919480621662364,7.399398083331354,0.6254589963280294,16.0,99.0,0.6434351714643041
junyi,learner_based,0,Fc5XlXIANxkaDJS1pCHnp6bBBBrzfplmaPJWEhyHdh0=,4411,0.0908648921208461,9.688870050941352,0.2245909766980663,19.0,1670.0,0.3598977504004844
junyi,learner_based,0,Fj4qR65Oj+FrvKsCqx/NszMakMB145XBuUyRAUyeMqE=,6973,0.0815180624858833,10.213102334987456,0.1513005833363906,16.0,2619.0,0.4158512720156556
junyi,learner_based,0,Fn3aEQyqcTZhRlGzh6NLdZFpKY5yVIG9y9aAXfrRW+s=,471,0.0908043115091314,7.217443431696533,0.4801762114537444,32.0,124.0,0.2765878877400295
junyi,learner_based,0,Fp2N843wQ4ascJJ2z+U5gFTitsWL/g/USFepwMhW+cQ=,853,0.0961523033582451,8.148445666243235,0.4365056407289557,17.0,404.0,0.7789165446559297
junyi,learner_based,0,Fs7rh4BWTNyGyHmP1FDo2C0JQzPnyByghyUsARf8uvE=,383,0.0850153998046257,7.0587581525186645,0.1970740103270223,16.0,191.0,0.6735817382369107
junyi,learner_based,0,Fu7F8fXg/tjFKnFZoPpTGMQKn0gGxbJNebMMftkdJqE=,2045,0.0998595744453388,8.81744592104187,0.4414814814814815,16.0,686.0,0.3177524717514124
junyi,learner_based,0,FvDZFrVXY2bQd2/8mdGCy8jeH+9OoOsU4qeDzZSptPU=,610,0.1091351913013419,7.590852123688581,0.4648812531581606,17.0,198.0,0.337603305785124
junyi,learner_based,0,Fwdh4gilz6J+a7i4zJMgpSHaln8cmbwVkMg5DeeW+8o=,3477,0.091976057516284,9.514879561494386,0.2851242717014529,19.0,1306.0,0.414336917562724
junyi,learner_based,0,FzlL3BMs4RcndF+5SIruQoA/ds42iWUt+cuErOyosIg=,3709,0.0889231322953931,9.46923709299621,0.4424116103134167,16.0,1141.0,0.75
junyi,learner_based,0,GA6Dha1MDEK/UJfiA7ab/hYV7PyA+y3Ff04A0q01FLI=,1448,0.1088968967151884,8.508555998020574,0.488498789346247,17.0,476.0,0.6855990783410137
junyi,learner_based,0,GBuuTGwr8n5kkbXa8dQb8tLv+dfcK0gZ9vNcFCjlDJ0=,2047,0.1073728397335724,8.967759126769497,0.2217973231357553,16.0,1127.0,0.5103315713599231
junyi,learner_based,0,GF75cBxmQVNyy22Jr1Y+46Uk1eSmfjPm+W+v6nLnqBk=,2560,0.0908875230845296,9.113609183016411,0.211303294039881,16.0,1169.0,0.3585585585585585
junyi,learner_based,0,GIVcQl5Ns4y4M7bPjsFFJ8jr99ZIxBwMp3iV5FwbEaY=,2669,0.1043889820436138,9.205830216498295,0.294052642153908,16.0,1120.0,0.5077408485887112
junyi,learner_based,0,GKsTLPdjoFT5L8MFLduUaKOBTgtAz0RjoP8E5qYsmF8=,7324,0.1017503966058536,10.21192767807242,0.4783471074380165,16.0,2336.0,0.3640552995391705
junyi,learner_based,0,GLgbTk9pSzIkaPoN4xF271DsfbQI9fY+OK+9tsBiRH0=,1168,0.1061770300590592,8.212568398234145,0.3762886597938144,17.0,515.0,0.3413234139522414
junyi,learner_based,0,GOpS2Uap4gYwMnk0Li7V7U2S7wDYXRE3XijTxTdngsk=,1032,0.1130413755002005,8.153925132007862,0.4059263521288837,17.0,478.0,0.3481065918653576
junyi,learner_based,0,GPPZXkxbs0qmtzPG952Kt89U6p108D097EKpuuHk2Kw=,1590,0.0854534439736708,8.534836626588833,0.4677672955974843,21.0,376.0,0.6469571195839001
junyi,learner_based,0,GQxT3JGAhbU5cjX/+o/dFINzhYOTlP9i7GeQGgOIfHs=,1742,0.0737073761662286,8.668196064952765,0.5519435844513244,31.0,369.0,0.6155992442430229
junyi,learner_based,0,GSi2GkiUGDNXuUqCrsNK5ZB5qW8bRkAoY9wEGx5rRng=,3554,0.0989883719237503,9.372629275019902,0.2903664654366125,16.0,1472.0,0.3653295128939828
junyi,learner_based,0,GWrfasljlyqZ+UNT8MRgzzxZcKQFFHyQVMnG7T7Wre8=,5953,0.0888155509570546,9.925933741365958,0.2925732166430352,51.0,2037.0,0.4417223459539718
junyi,learner_based,0,GXHkSyhWAOB0hH/wOko5D5pr0II7SUPrjnejCj98N8k=,4150,0.0890324786013688,9.49822242443063,0.1727784026996625,16.0,1674.0,0.6489164086687307
junyi,learner_based,0,GZY8ga1P0DFvam+70Fjj0NwIsPACRwDe+RH8rmO/m9I=,2582,0.1003863334743772,9.056956065076823,0.4199603590999183,17.0,834.0,0.6582109479305741
junyi,learner_based,0,Gac0tsJ6sYFX0zK9L6kkirwp3tvIjB7XfBt/4n74c60=,1608,0.0746730916070015,8.802221746402456,0.3968110709987966,38.0,643.0,0.8972339872653418
junyi,learner_based,0,GcHA5YrQ/VZR/FtKlMu8Hmh6+nnO4U8azAFab0hzJQ4=,2835,0.105332522745847,9.24038449332456,0.2454386645962732,21.0,1425.0,0.3721573549181638
junyi,learner_based,0,GcuG2ukgxXmym9WSnWnlpKVNUFysZ8QfpAgpJMcheMU=,4472,0.0839621574153094,9.687257547490988,0.1679702048417132,18.0,1901.0,0.544315044267981
junyi,learner_based,0,GhFxv7BoAI++BrgjSP6mVEhEsO33gLRvb66hG7WW6iA=,2103,0.0856361838586405,8.953510763007166,0.4125937419188,49.0,789.0,0.5604628844351203
junyi,learner_based,0,Gjss1lWMScHPWwWZlfDClUNvL+nDFQp9FEarWeurC+Q=,1117,0.06972291775468,8.41027590907016,0.519813000890472,29.0,280.0,0.7225426941816186
junyi,learner_based,0,GkU4YRR5l1jeRDOWNQmr37Lv5G6jR8z3dHRsRgLiyts=,3365,0.0895616660766403,9.382695764458289,0.2351851851851851,20.0,1395.0,0.6745445176626346
junyi,learner_based,0,GoN9YWbQI69re/7NeUvdDmSwlJ5jhP/K1FhXV5R/+MU=,469,0.0969494546908559,7.301147805856032,0.4719783929777177,20.0,128.0,0.7012779552715654
junyi,learner_based,0,GogTiwoGv+VkAzLYeC5+qm/zPzJ/9QGAW7+43gzaFyA=,2693,0.0370025166897936,9.090993614343615,0.0353842686499887,18.0,1177.0,0.7154545215942048
junyi,learner_based,0,GqjrKOz5f3VIEoX3SIXFX4c0u+ZQf78K7jEausPq1zY=,214,0.1686682049359116,6.345636360828596,0.351493848857645,17.0,74.0,0.5330073349633252
junyi,learner_based,0,Gs2eHMkqvr4Vmv27og7SW0dttNc2vGI+ECb6wDhNGBI=,845,0.1043387470254399,8.061802274538348,0.4384858044164038,15.0,307.0,0.7142857142857143
junyi,learner_based,0,GwclrRm7k07DFC2KIvqVsFlerQ5flvoi99WUcJsWipQ=,2863,0.0897467176212304,9.017119634313229,0.382916767774812,19.0,887.0,0.5065204914548083
junyi,learner_based,0,Gxwblz42IsMsZNyQ/o1AOV2zvb9lGbE/lk8NAHtE3uc=,3142,0.1124721839558629,9.302007560502007,0.3975727712382516,25.0,1080.0,0.4507772020725388
junyi,learner_based,0,H+kjSpD4tvJlZwMTYPX4lhGX0K6WehpDCq47nVwRYI8=,2607,0.0650594484991253,9.033841828485016,0.0983176231953227,41.0,1170.0,0.3697318007662835
junyi,learner_based,0,H4fOcqGek4BtHazEnZ2doEbvXkWwjby37JYFdtJWbLE=,356,0.1251488946001516,7.239932591320469,0.5477386934673367,24.0,123.0,0.5012178619756428
junyi,learner_based,0,H9tE/axZ4DsmCfhZY9auIyxyBeXalwM2dnTvNSkhD+E=,3540,0.0679482749273926,9.45735668770195,0.2438871963127881,18.0,1562.0,0.5587188612099644
junyi,learner_based,0,HDHAipSsrFpMgCVqD8wYT4JhziGVSgjG2rkkL3dKY/g=,3154,0.1055497305905334,9.212737496575905,0.4192357577571585,21.0,920.0,0.31
junyi,learner_based,0,HKqPgUALqZGw984KFqAMeDwDJTi9cNhJ51UXfjzELSg=,4916,0.1204751972146968,9.823632327286663,0.4267764298093587,26.0,1615.0,0.5252910518478409
junyi,learner_based,0,HMhzLW9miVf0WLDDX9F7g67mAm9td0TfHSo8TeZQj5M=,3051,0.1038488878168578,9.2794932306645,0.1868408772748483,25.0,1151.0,0.3136762860727729
junyi,learner_based,0,HNE+oAEQp1JlBxa/P70tJmhSzwORSx4tR5MrBQl5jsU=,2000,0.0546027005761861,8.810310466357958,0.0816174276335421,16.0,1033.0,0.669817147734249
junyi,learner_based,0,HQovuDJjeLKXHO9abi0E4pR8SAROYKEviztcwbbZxTA=,2061,0.0759526528418064,8.851233902846035,0.3354339730736179,16.0,741.0,0.7549277607115661
junyi,learner_based,0,HVK5NzAAwATh2OikiX5NMJyrMLE5+2ef85INuQeTIqU=,1495,0.0947168239557424,8.63497622707262,0.4187411095305832,6.0,538.0,0.5014656095993143
junyi,learner_based,0,HWsQi2gh2imZ+B7lfffCgOj8uzOy5kWwOYfTHpW0BI0=,455,0.1193877471344811,7.265429723253953,0.4219734079776067,16.0,197.0,0.6914285714285714
junyi,learner_based,0,HXnIAxmCDEWAJJV2J7f2pEeGvddv9MpcRjbckar9YTY=,1008,0.0655928306144825,8.48879371689454,0.5198600535089525,11.0,339.0,0.5428571428571428
junyi,learner_based,0,HZe7qpPO4/WVhGuUwG7X8OhFgaJ0n4RPiM8TGcfu2jw=,1467,0.073878095125311,8.569026340056254,0.1432098765432098,16.0,757.0,0.5619377162629757
junyi,learner_based,0,HZjujc6emQQn14Tviy/t0Xw8v8jRJ0J1Le11NzVrlV4=,3553,0.0698400775362261,9.343033913701648,0.1084252933963916,16.0,1556.0,0.641067829196115
junyi,learner_based,0,HbzxHxzxJEcXXmpGxn6HVgsAeH82lubPagM1RpCsh8E=,3401,0.1101821295180958,9.385469458188632,0.2922857382691177,22.0,1335.0,0.3815028901734104
junyi,learner_based,0,Hd9OBbvjHN64sdMS8xVftqco6BxQnrWHOq1Leu3ZjWE=,4352,0.0915684667210478,9.76846934085804,0.1200137354775939,16.0,2274.0,0.4347826086956521
junyi,learner_based,0,HiffIWPAC1YJDwu8WRYatMOmxW/ufbs1/6A6HoWj1dU=,1775,0.0799631924698995,8.770594329891145,0.2251203229312218,35.0,705.0,0.4314442413162705
junyi,learner_based,0,HkphON7FGZhxH00QM+nroOHvAGI5ntJX09tiU1Vu80A=,4385,0.1058594254022856,9.709660055555972,0.380030349013657,16.0,1219.0,0.4437669376693767
junyi,learner_based,0,HniUZmsvDs7UGkQACuak9ZIBo5uVv1BxZT8RHR/uGhY=,1612,0.0850629508865086,8.795884972029885,0.5404178019981835,54.0,434.0,0.5759015186035381
junyi,learner_based,0,Hx+/niNKmgHzv36efZiF8Q0C6Sfb5oZ9OfeTsH46vkQ=,1205,0.071241162228881,8.36264243156764,0.1851505953770721,19.0,571.0,0.6953125
junyi,learner_based,0,HxDSyyUmHERWpro0B8nEQFWH/E461CuZXM5F7LpOHO4=,4219,0.0799575208065557,9.48440514846878,0.3965936739659367,16.0,1106.0,0.4521801351421021
junyi,learner_based,0,I/598ZmMIMeI5NdTNKVBHbbhAMhZA3QRabeZhQ/ddL8=,3978,0.0926478571043565,9.600285668426311,0.3582069339111592,25.0,1484.0,0.76003401524104
junyi,learner_based,0,I5F+V017wkGXlo9YHRtw1qVfzFDId1dx7MtIEKLw8J8=,1334,0.0869032478251814,8.517992871586802,0.312212672396562,16.0,646.0,0.7174638487208009
junyi,learner_based,0,IEMYaVfcWrRohEaMdaspvChKtdAfFIeDu5dOMwU5tUE=,1457,0.0702792394991936,8.330622620332868,0.3864513018322083,13.0,418.0,0.5843305130694643
junyi,learner_based,0,IH5IsJ7NfivpV8YRPlcRNiwPmrtI+kJpCmIU50BzznQ=,4199,0.0783548079667048,9.55393007636626,0.2746294063408753,16.0,1426.0,0.652010522360015
junyi,learner_based,0,IN2rf9N8yr1JT9tAJXei08vWhgCbmljAZ141KO0Bdto=,2694,0.1136402432103631,9.20943996673302,0.2753753753753754,25.0,1210.0,0.2504159764919471
junyi,learner_based,0,INRHW4A8HcdD24d9DGp5JEEdx6Z4StQt3X0XknSShA8=,1702,0.0910122921421125,8.610136937058975,0.3705796573095151,20.0,621.0,0.6449547084813673
junyi,learner_based,0,IVUvy0QcT07F2gkgugegsSriZOW7G5XrpVSXqY7TWl4=,764,0.1097479560363706,7.6246189861593985,0.3331704934049829,20.0,256.0,0.8466257668711656
junyi,learner_based,0,IZmjDB5gc3QtqCkw10LYwtPthoXOeCmqIDr+yIt+r+A=,2353,0.091738067988482,9.035391569511642,0.3614486538003335,28.0,896.0,0.5816499425232302
junyi,learner_based,0,IdFjvRDOndqu+VdtEnL+sMG3hOHxxvIoIE6MOCeqn+I=,1044,0.066210219643696,8.108021221376747,0.6033132530120482,20.0,272.0,0.7434149800738181
junyi,learner_based,0,Ii1pVHrc3A/M6pPt8oHbceXvm/CskxJAkGhFtt4isDg=,620,0.109549722580179,7.490529402060711,0.5927374301675978,49.0,152.0,0.6492692499194563
junyi,learner_based,0,Ii5Cz6tdyODxCCa3TBksmL6H1pZRzQQ8oFfvyTRO+pA=,3142,0.089343124011177,9.337325383730672,0.507531049061922,27.0,865.0,0.8883312421580929
junyi,learner_based,0,IiMukcYDN2GyT48gY4Z/D+VuYzqu4uN1AkHV+io7qzI=,621,0.1303758893818887,7.61972421378267,0.4128620520373097,16.0,229.0,0.3085399449035813
junyi,learner_based,0,Iivwb5nkQMEAcelv+J6uucjr4biBoKM554pqeUoGhs4=,2216,0.0721847456947157,8.984944285608679,0.1250469865931587,16.0,966.0,0.4944933920704846
junyi,learner_based,0,IjjEW09De8UieuEGOrK9rwUBobUbJgcphwsteZNFJcA=,921,0.0754527848266494,8.03365842788615,0.1002595717066839,3.0,538.0,0.5973061224489796
junyi,learner_based,0,Ijs1UshEIMgt1OcG6eKsXptj44RGEr6VuWhFcmr0erA=,121,0.1241810128462216,5.953243334287785,0.3854166666666666,20.0,44.0,0.6482193312012916
junyi,learner_based,0,Im/O8JQfe6IGtnRmK02yN+R2E4DemgQCHqP/RZ6yXTU=,2127,0.079776930375367,8.747193183526933,0.1864272091544818,16.0,855.0,0.6306081016320022
junyi,learner_based,0,Iq4bn747ApUwO7SvDR8vvfjBWGvDxAyBTsce0dN3Q1w=,7320,0.0914509815616848,10.195373277248482,0.1197251475091493,16.0,3141.0,0.2531185165975104
junyi,learner_based,0,Iri0Mm69Jhy9dYumaZScJt7B6cHJhAjve5Ii96kP4vc=,3475,0.1037195001435365,9.5258078304359,0.1942661219725707,8.0,1497.0,0.4580475693025087
junyi,learner_based,0,Is6C9Z4P5w/BKBc3H9gl2cC0EFpEQD5dKLQomh0Wv1w=,1038,0.0813209085881365,8.132118772955806,0.1811231990591002,16.0,584.0,0.5364705882352941
junyi,learner_based,0,ItQToCzXe/WAeMATDm4tC8gEsJil65dsJph2puJeiSQ=,5591,0.1039798267360925,9.943813424007692,0.2422437806166554,17.0,2101.0,0.2842973309725227
junyi,learner_based,0,IttU7X/dI6br6pFlzFNdqVSEFYzU5wvX2yFKtVdqbjs=,3700,0.0807373545663683,9.44943600950432,0.2755118110236221,28.0,1237.0,0.3882389763030076
junyi,learner_based,0,IxasEWID5fnM7sM/cwJQXizkkLLKkLjqUftm4hy6264=,2117,0.098281635222257,8.894533135798554,0.313674393087368,17.0,824.0,0.4054054054054054
junyi,learner_based,0,IyZfGFQA5FLUNeChYAcVbxnayM12nN7CI/ZgFJRq3as=,3592,0.0709266463825624,9.531988993991236,0.0876531573986805,16.0,1932.0,0.4375
junyi,learner_based,0,J3WqWuIL4K9D5AfOarCtTLZsRn6I8XJU2J1UZYvS8k0=,1297,0.0850068488594147,8.360773272144936,0.351812865497076,16.0,519.0,0.51621271076524
junyi,learner_based,0,J5c76AnfkB6hMQU+QWzlyPCdmUpqKhQeMZzspmG1HUg=,1723,0.0583944977366528,8.709134991587183,0.6095426778933466,20.0,586.0,0.5187760778859527
junyi,learner_based,0,J8b8Ok1gEPROB5T/Vtq9jdAFAnS8sLo1ZMsdTpWLr0g=,3001,0.0822907471306242,9.286560397887593,0.2878324529700676,19.0,1155.0,0.7286821705426356
junyi,learner_based,0,J967JTnPp2BN291C9SMVH/p3iQ130V2A2rVdlybNUv8=,3262,0.0764126025396099,9.358760377094455,0.1592378653332183,16.0,1573.0,0.5257201646090535
junyi,learner_based,0,JBY82dSINZ2oyc72lrBg93wms83Z1GAJh8BWYZ2JMv8=,567,0.125728347655747,7.335633981927201,0.441617742987606,20.0,138.0,0.844311377245509
junyi,learner_based,0,JBvKC6tCKbdKUiY5M0A6CA/lAe2U+PYlGYHrcNE5w+c=,3755,0.0688128309842749,9.502636781978708,0.2504106316261012,16.0,1201.0,0.4068669668440442
junyi,learner_based,0,JLq4ipDD2gaVkE/NL1l6a3pfa1VXclx0VegIpE9bj5Q=,3395,0.1010044704030908,9.21612361673191,0.2428159490901859,17.0,1151.0,0.5074626865671642
junyi,learner_based,0,JO/tye7QOCtigcl96GW7BmNDzKXPKE998STsaZtgC7I=,2634,0.0805737114961887,8.986946789406764,0.4345379517318994,20.0,626.0,0.4270101483216237
junyi,learner_based,0,JSn/IrR9AojleJJunX1UPpeay9cWZA1jAL2BZ2RcmFU=,4302,0.091486028632104,9.582662261491093,0.2610613370089594,16.0,1645.0,0.3552182734974718
junyi,learner_based,0,JX8VtWTwbrh5ibmIbFVUWpUPiQ+0rW+HGVOz7RD0W4c=,3977,0.0753981131813935,9.581559041355757,0.5670622326479923,21.0,780.0,0.5809566175224539
junyi,learner_based,0,JZfQaPLUEZBed+XMOOWufLndpgukChiiKsqH/d+cxlI=,4581,0.0949556877634503,9.534667728624708,0.2834417932031815,21.0,1736.0,0.3757044077433655
junyi,learner_based,0,JcrFXI7wzq/14kZRPCdix3feq0/yQh1gHU06bGQwNBE=,10564,0.0796184793667602,10.432320074594577,0.2353114502917084,16.0,3326.0,0.2241686096453552
junyi,learner_based,0,JeJ/U+YZ3HU5Nr8HVj98IUq5D+92/mnaxITEPQlJr7k=,3283,0.0987873550594089,9.343033913701648,0.2765808372744789,17.0,1169.0,0.4831796826192042
junyi,learner_based,0,Jk155nzVVLSMQ3+fpddzICkIOrVE5MOJx759S/AF/dk=,645,0.0765437235550362,7.834392302910435,0.3497029702970297,11.0,224.0,0.3948126801152737
junyi,learner_based,0,Jk92rjScG7+mMuAptzCsrhBXKpDuLQA6KI3ojSVY0LA=,357,0.1683162354371127,7.275864600546533,0.3864265927977839,17.0,166.0,0.2907766990291262
junyi,learner_based,0,Jl92cIZYcCutl8sqyj2VP8UbUigvqBoHBO/R38DK1DU=,2737,0.0606225558798549,9.235130540783402,0.3422439024390243,18.0,894.0,0.8196158541318261
junyi,learner_based,0,JlLOrhjyKOHgQMgBDevMNpEYdnN2KuLkLOsihld3/ug=,410,0.140614193895968,6.8690144506657065,0.3829344432882414,20.0,126.0,0.8402555910543131
junyi,learner_based,0,JpYzPRDw0n+B3QTPjgJAEBPXFwlycyukYkLcooX0mHM=,681,0.0795525246123385,7.739794458408701,0.4658249891162386,20.0,196.0,0.8278260869565217
junyi,learner_based,0,K+/l1QecCKo4z/PiXGWgLmP5q07XSMDUh34+HKmEltE=,1192,0.0856394606225205,8.14351740579748,0.5979651162790698,16.0,283.0,0.6968491683397078
junyi,learner_based,0,K+E2pj1HgSC5GexBpChmTuG21HlO2wcCulMly1KSNE4=,2220,0.112564047931081,8.93102321585603,0.3755620206294631,19.0,679.0,0.2678875443334072
junyi,learner_based,0,K1JDDj+chCE/ZH5wzdraQHI2j52Nzy0JBJmeLOgq3vc=,1562,0.0559309890169397,8.80492526261806,0.4749474947494749,20.0,620.0,0.809986140175495
junyi,learner_based,0,K4GS8qPmRPsosinHUMiie4K4rcAVcF05OI/bcQqHJdc=,3047,0.0974102533074883,9.31928445896536,0.3145291479820628,16.0,1171.0,0.605932315807544
junyi,learner_based,0,K5JzO6isAN9xTFepnDicBmb9YTIOvXDUHwa60hwxCjM=,4248,0.0876803076559661,9.557257866458936,0.4616852820585324,25.0,1272.0,0.3583646616541353
junyi,learner_based,0,KDOmuTrY/IJzDP4kIgIYCBiGyTymsJ8Iy4cDB35WGYg=,5140,0.0953905778056452,9.677903525682558,0.4427944862155388,39.0,1324.0,0.3142857142857143
junyi,learner_based,0,KDUfRj93vFrSB/KZ2C5TDu8EQ8QkkkSbtjQjYVletro=,272,0.1788860929758384,6.655440350367647,0.4394329896907216,7.0,92.0,0.4635368977923291
junyi,learner_based,0,KDeSPE8wIGcwIv9i0sJixfdUBqBN8tnZI9NwJHm7n80=,796,0.1166617562573159,7.893945138235959,0.3466417910447761,16.0,400.0,0.6581240897442988
junyi,learner_based,0,KDmidXT8+B/WOtPvVSWF6TKTO7xeI+S5CqqmaRdkHcM=,4311,0.0882690440482286,9.684709458731556,0.2346754620698239,16.0,1820.0,0.6462324393358876
junyi,learner_based,0,KI8O4kRTA9hmOK449IXRIVsj/XvtODOvymAcDaT90dI=,2441,0.091596829334853,9.016512874996026,0.3651814981182469,21.0,1007.0,0.6874630396215258
junyi,learner_based,0,KRStnam9HyVFJNcPipeCdLCojuvcpEJluG+TnIQa/Qo=,119,0.1535474750675073,6.3784261836515865,0.4149659863945578,10.0,45.0,0.4280691179425356
junyi,learner_based,0,KRXigmwLKxDb5f7nG9tNMvk7+Ccz8OTTLR5foLjtOY4=,2566,0.0621896624878711,9.082961442646353,0.5165284562081109,13.0,736.0,0.5206162211146352
junyi,learner_based,0,KTHoYjN6XAYd5rCzRQ/xn3o7OozbvxdwUeiVYFSJPGM=,2663,0.085218690479838,9.128696382935672,0.2067281606077048,31.0,1213.0,0.6128279883381924
junyi,learner_based,0,KVamuw/JPWoQiskPUCpFW+TQbKOEJonhNcUCJlTcVV8=,617,0.0978992240597015,7.637234388789473,0.3622768933912205,13.0,173.0,0.3356164383561644
junyi,learner_based,0,KVumCxlGcZIZ8c8xC2wj9/EVY1hSqjb33TZDX0OIaE4=,2563,0.0952242747199195,9.049702026013373,0.2337052260716382,28.0,1184.0,0.610657966286025
junyi,learner_based,0,KX1s7/Qxk6pH/qGwmxl1hIM9Tasofefi8z7FpkP1IcE=,896,0.0900881623217303,8.080546965824498,0.6229102167182663,20.0,236.0,0.5835670237940609
junyi,learner_based,0,KZFLNJ+cJ1JF1DMYCDMHTCmpQfHjQ0cx0lpYJfL19sM=,3064,0.0595896745770993,9.041566627727496,0.3400426237272081,16.0,1060.0,0.5
junyi,learner_based,0,KaJlr5jTCShzkQu8T3MYWsJbqqEXtX+F4w15fmUPlOE=,2868,0.0749707088024437,9.150271845510064,0.5777400169923534,20.0,654.0,0.6755881323019133
junyi,learner_based,0,Kb79tl+Nvf6D1h2jOL9TPzcV7Bd0QlIDpHl55dgLBKU=,1441,0.0935540583571529,8.488999457045455,0.2930041152263374,24.0,539.0,0.25
junyi,learner_based,0,KcShnqrGywsZWe5MG0nYWJrimCRKokw46irRW+Hoc2I=,3173,0.0906198425517847,9.331141072121888,0.3226092351325001,16.0,1128.0,0.2770919067215363
junyi,learner_based,0,KeJmbhOn5D4GwVbthjGdNmvg+pW76XxfjkZizeDWUpk=,1084,0.0936196026945576,8.07246736935477,0.2340823970037453,15.0,490.0,0.3602884615384615
junyi,learner_based,0,KgVjZvzzM9YeUr6YdniKOUEu5U9A1qHrbdthvkqUg0s=,3368,0.0955663854930983,9.27049429479593,0.38741877766268,30.0,991.0,0.456474428726877
junyi,learner_based,0,KlMtgQyCzeyNI/luVLtY/TXszXJrew6gRhfjeyt2F9w=,3713,0.0582989382372209,9.465757483840688,0.463010302889457,15.0,890.0,0.5734200743494424
junyi,learner_based,0,Km4UtamxG5HOGBYO5bAFwlruZSFNKxlILK2wKiFEcSI=,3138,0.081124831747247,9.432283202713874,0.1520346042934957,16.0,1446.0,0.5227242921135569
junyi,learner_based,0,KnnV92Q4yuuCVckJy9mwIY9AjLwwiUnTPus2pCC1FYo=,1118,0.1206201566033372,8.24564690087386,0.4249343832020997,40.0,330.0,0.5945945945945946
junyi,learner_based,0,KpJfQutqPUoUbwWZ5oNFKeVhvKqXZcqL69vsPEHg9jY=,3651,0.1019197252128294,9.430920640887228,0.1831234458971685,21.0,1708.0,0.2971642840403093
junyi,learner_based,0,Ksao1OzuQrrxT6tlJ/URlJ5P6Fi0NsFEL/yG31harfo=,1161,0.0866802142777389,8.326032685955079,0.4453862920804069,22.0,351.0,0.5770411295273173
junyi,learner_based,0,KvhsJhsUPgRAkELozyZg5wm6g/5PWhrs7XkXvqja6R8=,4387,0.075637837750903,9.77571099759397,0.1844886363636363,20.0,2323.0,0.3439341860921118
junyi,learner_based,0,KvkCQpg/2ciwASQU0QFSk9H8gE1eAan0r1NR8jdIXF4=,1329,0.1072848983602339,8.356319965828153,0.2716165413533834,16.0,640.0,0.3999314128943758
junyi,learner_based,0,KzqwnxUK+iRBndR+lzXwahSLXmETUnzgdJOrYdF4zxU=,2346,0.0515295775009371,9.13194630454817,0.5780421849648458,26.0,633.0,0.5115766262403528
junyi,learner_based,0,L+pBxoDmfvJzX698b7RhtpKO1uhwzPak3xnbSyJzECo=,1405,0.0522887782482065,8.511577452630602,0.0613558640112653,16.0,694.0,0.5132075471698113
junyi,learner_based,0,L3ZeqTupA6ZuETrW3aXaw86JZGYl1uRF5LkZGKDhois=,2427,0.0611463086706439,9.105424202026622,0.3768743752082639,20.0,922.0,0.4285714285714285
junyi,learner_based,0,LABXrcnSSYw9D5Y6UesjShprnzk2yqms4v5kBAod3uI=,2273,0.1183737921038887,8.917578753781104,0.3271679399544297,26.0,797.0,0.2786516853932584
junyi,learner_based,0,LCz/rIBPDjV+9tcB8P8On0xwPups1k9t8fcMBsc7rRs=,3082,0.108564098234156,9.199683791787654,0.2627110077832811,20.0,1072.0,0.4108761329305136
junyi,learner_based,0,LG7hX6thwID2W3qbOyTOucKWMcrkvanRX6GQDsMfTQs=,539,0.0666784713760101,7.57198844937744,0.4783728115345005,11.0,194.0,0.7254807963453838
junyi,learner_based,0,LIglPayokICs9zOBBba+6/GlGrg6tTHTfZ2ahuKWfNk=,1404,0.0569806898018064,8.512381634419015,0.4960804020100502,18.0,360.0,0.3608768971332209
junyi,learner_based,0,LQrGjVlzt2saOM8v9XMeeVj0T00lsFpsdJx95qQza2k=,176,0.1292361810126088,6.396929655216146,0.4557595993322203,15.0,58.0,0.6126255380200861
junyi,learner_based,0,LVQFQmyO5bd6aJa8iZwe04tHXH1gEaS9K+H5oxb8raU=,1121,0.0931248682983931,8.193953023563742,0.3443891652846876,19.0,512.0,0.4534522605806731
junyi,learner_based,0,LW5fheFKmpxrYPVEAXjEcNUtz9PChr6yjz/enILitwA=,472,0.0956008430507223,7.479864131165026,0.3461321287408244,16.0,191.0,0.6910221531286436
junyi,learner_based,0,LX5JBmC+vdiEQxmg1hxbBfGAanwh78vK0LYfaoDJMTM=,2996,0.0590441738278947,9.344346651823916,0.2826029913408554,16.0,1228.0,0.768892149669846
junyi,learner_based,0,LZ/ZUlrBjPGOINJvKHRijqW+RIVb5QgOmkc74aK/8IY=,3480,0.0836102052361586,9.51480581246231,0.3396518660569405,19.0,1293.0,0.4188518511242301
junyi,learner_based,0,LcAN7TMK1vKQDUSPxjKDIARJeOwJX98jW9S6vZylVKs=,1436,0.08290188045119,8.32020459757888,0.2372716199756395,20.0,482.0,0.4221453287197231
junyi,learner_based,0,LeuXSh3STu/nWMAZErkg2yygA7NPJjux0zmz6eutQZM=,4828,0.0727406508171993,9.868067607304868,0.2089830596280371,20.0,1875.0,0.4111969111969112
junyi,learner_based,0,Lgvpn5xUu0sbll2/53oFiSmVdcNM99MCNRPNcpyw1yI=,3202,0.0935022739890141,9.40079542866686,0.1614449863602546,18.0,1446.0,0.3881278538812785
junyi,learner_based,0,Lhd00PvCdq23PNggSHEbszeZ68vTRWdg6MmaBD1kEZ8=,7733,0.0924763836821192,10.214715238562922,0.4302406505256217,16.0,2066.0,0.5313653136531366
junyi,learner_based,0,LkGxmLWesEPJgooW03RGU1eRXKGzJKoyurxRYeh0KOI=,1186,0.0946120777470491,8.412943170042439,0.3767761989342806,18.0,526.0,0.6145185645031682
junyi,learner_based,0,LpZS/GFsDGjF3rEt7YLZd8IYdScjZ5Z+5bJuJ/c2BZs=,5242,0.0897003533239577,9.734003244543665,0.344529352526509,47.0,1409.0,0.333021515434986
junyi,learner_based,0,LrwnPq9m+L8jrO/2MgLsR7Yno06Qevd9IkZhsoY7DfY=,1184,0.0703542300144437,8.051659556841953,0.6666666666666667,20.0,183.0,0.8974714113218268
junyi,learner_based,0,Lvy3d56mLmoLgxzNCF8tmLRCNBaq0S/ZQXkG5viaWX4=,789,0.0742139959346658,7.773173680482536,0.3334736842105263,18.0,237.0,0.5348917153661051
junyi,learner_based,0,M+UxJPgRIW57a0YS3eik8A9YDj+AwaMpTa5yWYn/kAw=,1361,0.0734839774011295,8.520587424484253,0.5289074960127591,21.0,471.0,0.8784511209471715
junyi,learner_based,0,M4lv3w3T20+Z1YcnIEUe/CKdA/ROAHdY/dmcaJTg0hA=,1370,0.1003828509717527,8.223627175805483,0.3090957874966461,16.0,498.0,0.4810126582278481
junyi,learner_based,0,M57I/0GVGuAMT7/cRvngV0AJF7YUWoBgB2+jdIZbSLo=,806,0.0931481880808327,7.918264686095274,0.3889293517844137,33.0,303.0,0.5784810126582278
junyi,learner_based,0,M8Lfw5taHmpTdDkfSEoNpd9/xmXC2wRXO6O0Bs4qOIw=,1341,0.0860944495805157,8.509362612301048,0.2290322580645161,16.0,834.0,0.5107277980175275
junyi,learner_based,0,MI2RiivkQ8/bMsM+kVBZJpnZHfd2EWxrnY4/dl/VBKA=,910,0.0844133950688026,8.19478163844336,0.4302678818006076,12.0,288.0,0.7928897586431833
junyi,learner_based,0,MLd1zG5xQjPdScBoMFYa9Hj+Y3upNMhxFLidC8v2AmM=,619,0.0852795139328247,7.876638460975463,0.3944570994684889,37.0,306.0,0.9202350589370648
junyi,learner_based,0,MOPXEiz/NLBJOOXxlMiH+uc18WdVV6TmghrIbK0e56w=,213,0.1581468766843769,6.840546529288687,0.5438972162740899,20.0,75.0,0.6255572700011129
junyi,learner_based,0,MT7C8JLJuKRBwbHC7sjLfteRuwqBae+IlGh/2pBtUX4=,5178,0.0978750856805487,9.724301076237646,0.2416557004426367,41.0,1858.0,0.2951600312256049
junyi,learner_based,0,MUbqU/Il0Jtq/WAby1VtcO+pS/tc7QnNE3TI/GuzuMM=,5147,0.055018547754637,9.694924684536948,0.4807810767524948,16.0,1321.0,0.3775767339262423
junyi,learner_based,0,MefOHEpHMbpSlIglmM0dFv9PLECXPNiRwF5qFmNSncA=,2292,0.0953736925890984,8.82864061741828,0.2357163785525929,24.0,813.0,0.4552919456923218
junyi,learner_based,0,Mg4qERZHTwwC2gbKK5PK1x83LmW5lgPUKB6xEdFM6Ys=,3973,0.0664219714489266,9.72184576464693,0.0657192540624812,24.0,1885.0,0.4426229508196721
junyi,learner_based,0,MjiiiChVSuiaHesBEPm6QmA0eZIz8dgF9wOzXR9La48=,3973,0.0700910958840509,9.377802065863111,0.3522246658771781,56.0,1071.0,0.3174530716723549
junyi,learner_based,0,Mp4dXv8p6ukOHl3zEXKwRT/DJ1jn+U/fHT3Km+vjH6g=,710,0.0948698316713874,7.845024417241484,0.625,20.0,212.0,0.6079922923116614
junyi,learner_based,0,Mujc7fhlpiAZ/8+VvJTuahAOrjvNECvtA4YBD6fP02Y=,3109,0.0617487881237975,9.26036786557583,0.2579908675799086,17.0,1264.0,0.8058065095351794
junyi,learner_based,0,N3wO0fC439PgPDMPRDVu0qGXZj+cYL49zF/sgQZAlww=,2939,0.0732776665741304,9.26416545867109,0.1466072782410917,16.0,1366.0,0.4778679848662283
junyi,learner_based,0,N4oVXBKRiHKEYw6SebJh6pDSMFh9W1VBDaYMNp7HZjQ=,888,0.067726315796241,7.96311205897929,0.221100278551532,16.0,380.0,0.6226385219806272
junyi,learner_based,0,N7RI6heSDN83dU42Jm5Q5/NhgGiBHJV/siihpGG9+YY=,261,0.1282317978811675,6.508769136971682,0.6343283582089552,18.0,50.0,0.8645833333333334
junyi,learner_based,0,NA/6rJli13WahqXIJO8Gc7iLmI2qc048XZuDwrQ3zlg=,3837,0.0782626804113893,9.4511666581427,0.3196038358748624,20.0,1176.0,0.411105175836289
junyi,learner_based,0,NBTrqZQukYoF9YwDkIjYlsqwaqpMVimSFrDmMuOXQRs=,636,0.1044800783648103,7.311886164077165,0.676686706746827,20.0,87.0,0.7129629629629629
junyi,learner_based,0,NLhQTo2U/eLlj+b97VT0UnW05Kshl68Axud4WJDoqwY=,3802,0.1021425162737445,9.463275708098127,0.2208588957055214,17.0,1701.0,0.3209486166007905
junyi,learner_based,0,NNDeofPcfsq3nkylBjexLeCKrf/SETj91zj7YGiS0FE=,4956,0.089973333453319,9.689365683192376,0.2097993062438057,20.0,1851.0,0.4901480309003305
junyi,learner_based,0,NPkrCjbLK35wefMCv6y6XMO5eYO/gthS6LGwrdjG2OQ=,2636,0.0683486353950815,9.048644632975885,0.173877263108394,16.0,1000.0,0.6336075865715041
junyi,learner_based,0,NQq7QTnOTWDz3NSogiu6NV/2SjYWtPZoUc7Ijv1UI/k=,479,0.1352869789884085,7.414572881350589,0.4279686558167571,16.0,177.0,0.3205619412515964
junyi,learner_based,0,NS6OkBviulEOoEuZxo/1C7WYE0TBn7Asw/DwVo28lW8=,2331,0.0684397131706424,8.900003608959596,0.4145409903151003,17.0,586.0,0.649706457925636
junyi,learner_based,0,NUYjCvs6zBkoCO90jnqqPYhJ04GkmopjXV6JhCOLkOw=,1685,0.0598710838567122,8.6328406149422,0.3957590876692801,40.0,625.0,0.5500194957109437
junyi,learner_based,0,NX/cV2Wm/e+Ky0eV3a9fb4uti9Fl/VPgmuajzfa8wtU=,1811,0.0907875369002087,8.595819511871428,0.542344674556213,23.0,367.0,0.6518406524334521
junyi,learner_based,0,NX6O5HSHAPuk5+88sOGUAz1W2bEmTv/p2N9DrrWfZiM=,1469,0.0969592223262161,8.516392871245468,0.2892892892892893,27.0,636.0,0.6892744479495269
junyi,learner_based,0,NbBubQKT4fanKTDFR8SmEerTmNXGgdkwtP8ovb9/AHg=,370,0.0875149633030633,7.195187320178709,0.4474474474474474,16.0,128.0,0.4141213545162974
junyi,learner_based,0,NbzNnWabooJ8J/09unhbUwFiH6Jr9Vv3VQwYF8cT2IY=,2318,0.076907417166422,9.089189170412032,0.2371867238654323,19.0,1088.0,0.6058300052694345
junyi,learner_based,0,NcWaNtErOZNSS3qaqbqUhMRUU3/LUYwHj+5/vw601SU=,223,0.1699795916743342,5.940171252720432,0.6358839050131926,19.0,32.0,0.8173076923076923
junyi,learner_based,0,Ng8Iw8PYfUoT3Pv0dKtEs6DvpuenM9W6STSDlwcc2f0=,3200,0.0906213602842763,9.43188264192342,0.2410449555252825,18.0,1363.0,0.7446808510638298
junyi,learner_based,0,NoSFhTWBKqUGlYjm2smtD46bykxeTrKtsQuV3y6aJQ0=,227,0.1291951542711993,6.807934943699926,0.286504424778761,20.0,111.0,0.5977932311591629
junyi,learner_based,0,NoiGICCqJdvFmvy6LlcPw0m5SH7C7FO4TMbJHCdlRz4=,5329,0.0990808601044628,9.76457025334946,0.296523987359954,48.0,1650.0,0.302112676056338
junyi,learner_based,0,NoskBq4Br1/gsHaS0Pkuhdx67DlKfRiCcj2jMAWpRS8=,2004,0.09482506626544,8.979164648964709,0.2641461877756773,33.0,940.0,0.5514195583596214
junyi,learner_based,0,O+qdSyYcmKAzs4PPZikdBQWMw5MMHcW5ROV8s8sFljc=,475,0.1070737950895962,7.351799869057777,0.4127086007702182,19.0,133.0,0.6637364978382017
junyi,learner_based,0,O/KjGB9rr8dvio3EBiuDvoL1cg/22EZaZV1FxmkURKc=,9583,0.0709122627245447,10.370737393585244,0.1534580552160697,16.0,3366.0,0.5544041450777202
junyi,learner_based,0,O4+yF1QVhTb7fUbQdI18S9zwfASI9wJ0mHVIPa6h3sw=,3310,0.0954142576117305,9.35010231435134,0.5324810853117663,18.0,992.0,0.6007782101167315
junyi,learner_based,0,O5REHVmAHn7gqbV004+NYosaXTrsEuiqcIORcWSdXXY=,999,0.1190190547834839,8.112227958349724,0.3077384523095381,21.0,347.0,0.1955704478587773
junyi,learner_based,0,O7yKpGNIFze/B/+ivo0JTHDVQ3EpuTLWwbjz2ouVChw=,2917,0.0908933607787966,9.26955223160803,0.263361297011971,26.0,1360.0,0.4200913242009132
junyi,learner_based,0,O8HMQ+uWFY7AqdCEYgIDBl6+KBNIau8wuCUGPTVSrXA=,2382,0.0821897914644102,9.144307401371744,0.4434829059829059,28.0,973.0,0.5109232571919139
junyi,learner_based,0,OByIaYY/56y05bpjY1K3Dg+OS32Y/fB3yVjKfBqFIIY=,1946,0.0569621253479176,8.84505705350085,0.5202478743334775,20.0,494.0,0.3858736059479554
junyi,learner_based,0,OCtZCw4vxbL9tULywAqVeistrWqbKBWqJ2ldN66om0U=,441,0.0988551851133911,7.406103381237015,0.3276595744680851,16.0,253.0,0.5447247706422018
junyi,learner_based,0,OD4zys90IZxFbg56o3znJLB7qoczUi+8mFZdpUbiTSI=,1043,0.0819217517886271,8.15248607578024,0.3471622010947853,21.0,437.0,0.4648562300319488
junyi,learner_based,0,ODEv/zQe85ashn/pvTconu7UT/KCBkxkZokBH6H8OxI=,648,0.065377888235229,7.716460800176355,0.4491978609625668,23.0,193.0,0.3333333333333333
junyi,learner_based,0,OFviqNusL3qUCiAp+zDob+G8I7rsTkSPGFNa+xzA8sE=,620,0.1236511087585841,7.329749689041512,0.3786089238845144,16.0,197.0,0.6539753383201747
junyi,learner_based,0,OHomudEcAveCjx9XUsIVoEyEVSJMBK9qnG3ExQydOI0=,1067,0.0705359771135485,7.997326822998097,0.5148048452220727,20.0,218.0,0.8862330385101357
junyi,learner_based,0,OJdwYcjEXluq9EWCqnDzp2Yvu/ALGh5DD9nPegq+pgQ=,5093,0.0688000539419764,9.816021526754852,0.2468347522375027,16.0,1753.0,0.459714159692846
junyi,learner_based,0,OJioXoiZxIzRBhycCjmphl4dI2Dt8J+exC1qFpvek/8=,2447,0.0894459768593871,9.024974184996005,0.2515950403274347,21.0,1095.0,0.4198659354052407
junyi,learner_based,0,OKTWoAXQB4dzLEFSDU2mSMMKG6VxaLq5vqLpTTVFgeo=,2182,0.0924928322157845,9.024131268455037,0.1825301204819277,16.0,1013.0,0.6857971555359779
junyi,learner_based,0,OTW/dDCx+GEYDj+DqmvyLkxuab8epUX6tuGXQbN2wls=,246,0.1214689446719196,6.338594078203183,0.3256637168141593,16.0,93.0,0.3623188405797101
junyi,learner_based,0,OUnkRX0qK0fXq4JbhUkqNk/Pm5YTwahvlT0CQeC21Zg=,6021,0.0778129153899332,10.091874013892332,0.4389314557879478,16.0,1658.0,0.5015384615384615
junyi,learner_based,0,OVGQBBcCHSOyJ89uwY+z15n2iuZYrv8Tajf37jiGzqc=,14453,0.0767004649052836,10.811625137653897,0.0928961748633879,18.0,5839.0,0.4773869346733668
junyi,learner_based,0,OVwmRGTNCS+hBkvFYDawSwdperfo46ooCVV/tBEfd84=,6477,0.0797707835841859,10.062071249151874,0.2256357740228708,22.0,2503.0,0.4968420492773279
junyi,learner_based,0,OYK+8MJAblYDOgh2ohzoG1xT40feTLYvk/fAvdTktkI=,493,0.1235101218458121,7.651595573857601,0.3575844032334759,28.0,206.0,0.5975182946229717
junyi,learner_based,0,OeaYHhfKV2vXQKqvs8/5Yx7sQiFDFEmf2r6cWd3apKE=,1182,0.0646192384862093,8.347827345782498,0.283649289099526,16.0,443.0,0.5124753321139777
junyi,learner_based,0,OjIombrPy9hCBI5SbBeZHRWfcXoVRZAN8p6p28nQDfQ=,2873,0.0936748434721728,9.260748274520028,0.3698174210726512,26.0,1101.0,0.5141448227583609
junyi,learner_based,0,OkMUi9/AtQ/YxPVmMj4Jx9WVHcjuXS9/fhcreFEB9Bg=,817,0.0828089633844838,7.882314918980268,0.4722536806342016,20.0,237.0,0.8252747252747252
junyi,learner_based,0,OkgyFAFUhVF5xeu+iDV16+5dlnfzfYQJxXIidJx7dzE=,965,0.0964418585204707,8.101374671228582,0.367495451788963,16.0,452.0,0.463370340248041
junyi,learner_based,0,Olr8azZ7638vOtR5V+KNF9jlhraDLCahnsxqV67PZ0c=,2336,0.0824208058837852,9.005405040310642,0.162902037809968,20.0,1167.0,0.3333333333333333
junyi,learner_based,0,OmUsbt7RaK3Gs9LwcpEYshJl6rIzzZF5DjRp230rTNI=,5508,0.0716050365789588,9.702227794721924,0.2090136366415947,20.0,1853.0,0.4003887269193392
junyi,learner_based,0,OmVUm+97EqL1PSeEy318gszce7gJjIMnEjDMFU9e+qA=,3647,0.0944031892829041,9.372544251851036,0.2414965986394558,30.0,1460.0,0.4447482562438363
junyi,learner_based,0,OnOsto+ftuylNECIWNGMBEpa8RoJ39dz4+95nFUtmE4=,2996,0.0793023514325105,9.25244154799482,0.5187458049669191,30.0,762.0,0.4804417855499309
junyi,learner_based,0,OnztoLe/KRAGCzT1fhys2SSvoBd4VIDTcFpP5fMpU68=,2931,0.0900525220910342,9.128913373280454,0.2379299121189106,21.0,1101.0,0.3285340314136126
junyi,learner_based,0,OowZ5vdDfwOEL1LD/3yxHdHmT5fHqZUl1obUtKekJlU=,1158,0.06870791566637,8.051022208190679,0.3494897959183674,26.0,315.0,0.4912537477884076
junyi,learner_based,0,OpP2FCplZ1a3UCUD9+tmw0Az+FrTdUOy8QtzWTO3BbM=,1031,0.1125121967556274,8.399085102935908,0.4065736154885186,16.0,500.0,0.7508399035380662
junyi,learner_based,0,OqlJtwFg1Ekkrx2SQ894pDPGH28c7bfHfJsLy16Y8QI=,3230,0.1086428326465212,9.37906997525067,0.2620596434907494,16.0,1415.0,0.5171779141104295
junyi,learner_based,0,P02YQOS0HnUM+0FJcT2Hpa5X0gjJ/eIaL/Quc8Kj5u0=,5057,0.0638873737451998,9.61326893243235,0.3317291624891384,22.0,1261.0,0.4058721934369603
junyi,learner_based,0,P1aW4NWkbjTAgrdvKdb/WsQZOI7wEV81FWNrD8IkT0Q=,2857,0.0980782699156754,9.232884336411075,0.4088197907499755,22.0,1157.0,0.7752442996742671
junyi,learner_based,0,P7BbN3XtNfmNgFUznGo0EKF0EO8JfiDgw/XJD1h/Crs=,2680,0.0924574103348874,9.09952053687094,0.5140782122905028,17.0,889.0,0.5720479912811455
junyi,learner_based,0,P7ylAtyaUeaapiNAor3BY5fi3JH6Swz5Azu48jtbZps=,3728,0.1003610759867603,9.404508151053818,0.3156811069016636,16.0,1266.0,0.4924863387978142
junyi,learner_based,0,P9MBH2y9lTr+ueuFDr6VDrx3GSS1/MvPLRyklqdSyVM=,1287,0.1372491379576737,8.337827262447915,0.4399234083293442,16.0,538.0,0.6427877947295424
junyi,learner_based,0,PB+tEauJ6Cu8clF5IHjouv5FqEgH9UDWxbOqE+SBa50=,4297,0.1064337893413656,9.666878750268348,0.2762749445676274,13.0,1542.0,0.4569868001820664
junyi,learner_based,0,PB2mQE/E3slXrHhnDVHSNhb5Ei8QIwQB6DipI2jRkOU=,3866,0.1199211088267906,9.421897054038473,0.3422905706191825,27.0,1131.0,0.3333333333333333
junyi,learner_based,0,PDjFRBgq4c5rzxS6wQrkOkhNs3qKPZ35htxUocnuNEw=,4107,0.1172471033966625,9.567874946326796,0.3318878086311814,17.0,1457.0,0.3214285714285714
junyi,learner_based,0,PGbCr6wCmzlyPoKCBQv8aOM0NW8HVk4PW+IU4iR6GRI=,6365,0.077571527408809,9.997842731017274,0.323004823004823,37.0,1781.0,0.2926829268292683
junyi,learner_based,0,PIoM9UkR72BGOOCJwBMgzPXrR5EHZiv8SzfvVFsNlxk=,2025,0.0611597679132297,8.760766624241956,0.1177485105048604,16.0,908.0,0.42988539772487
junyi,learner_based,0,PL/9zJXG7zguwqO/MqHkdLaEWAXCT0AIMUNY1gqRrNQ=,190,0.1132317333237121,6.960347729101308,0.308641975308642,18.0,116.0,0.4129353233830846
junyi,learner_based,0,POe1GpZCs0XAkf8qMngYc903fO7YAI7ijydnbX3l+/U=,2306,0.0806570049918095,8.915700818956903,0.2960923861957835,16.0,930.0,0.5006711409395973
junyi,learner_based,0,PSHqjHPywyyXi0y2Xgl+jLfJn4P5u6EHMd5/3/hvPlg=,306,0.1627501079057848,6.792344427470809,0.503370786516854,16.0,100.0,0.2796621786280004
junyi,learner_based,0,PSneyMRyz91kF3BethZIYuhHg8W9mV383mS+3rQguUQ=,4871,0.0924808555818961,9.727108305197802,0.2619743513271697,16.0,1671.0,0.3910447761194029
junyi,learner_based,0,PTyaFYWmIg+5PNX4LsFQGDFZlntPfkud08tNGBXnw+Y=,1202,0.1009992926238963,8.15708378502887,0.64181244622885,33.0,256.0,0.3571428571428571
junyi,learner_based,0,PYkuZLd5EpFjzAeC8E2gVnGIXBLSlrBXRPhZNaQtdqo=,2317,0.1128861714390829,9.001346243766392,0.3284851472944656,16.0,933.0,0.4727272727272727
junyi,learner_based,0,PZiMEThYIWDp5LXaqdNHdOfMunTBCS2DXk0x9ctcOzk=,2346,0.0740703186695126,9.10320049641828,0.3624624290326171,16.0,928.0,0.5230125523012552
junyi,learner_based,0,PbVYI1CRNaSeyeEyzq2xT68tf/hq17mof2B8FYiM+io=,3683,0.084408514723566,9.612399686949514,0.1655739898314155,20.0,1954.0,0.3805603732564672
junyi,learner_based,0,Pj38dvOZ+H6eylMm22y2HUPJ/2MqKuSTsaOIkGFdExM=,281,0.097380423620078,6.408528791059498,0.5247524752475248,21.0,50.0,0.5885937606314213
junyi,learner_based,0,PlMIYvc3fCsZ4pYDuAJK1ADA8SMuWLshZIh1bvsDgaY=,5341,0.1075103701885871,9.83097062169695,0.374247311827957,24.0,1969.0,0.3771166654378333
junyi,learner_based,0,PlktFXkKNWBnU1+LuxWAGiP34j8SskGL2K20E3qCpSw=,987,0.0685255992119677,7.980707820869669,0.5586725966472802,20.0,203.0,0.8268398268398268
junyi,learner_based,0,Pm4ZYd3FPx3Chch18Er/uNkCsIZCSvPv19sFZFtZyTA=,1048,0.0851026909667572,7.964155718840937,0.3718260869565217,20.0,266.0,0.6502732240437158
junyi,learner_based,0,Pno/CGBMlrCkP6v7Qig/GV1dlecJ5lEnZSJ6jZbpmZE=,2515,0.0708124033118011,9.068085324395312,0.4862216072869826,16.0,694.0,0.5597920277296361
junyi,learner_based,0,PpW+++sV2g8ZfNiSrJBx4aUY2yL+BPpbafTDwscbOow=,4308,0.0875714141218304,9.584108393341092,0.2743100956575597,23.0,1406.0,0.3947368421052631
junyi,learner_based,0,PqQyQvOjvvozBCtlR/0pL8uxhe0K63IPiKYCi1tDG1o=,20970,0.0700597538995171,11.215650864312943,0.0914744961835144,20.0,8521.0,0.3957219251336898
junyi,learner_based,0,Ps4dfShfpeMF3VG030HqZ2bsbD7PaVxvJYFTtroeSzQ=,4711,0.09637079137997,9.787571522938784,0.4248175182481751,16.0,1674.0,0.2374685929648241
junyi,learner_based,0,PsNJe5XMT7olF29RVFBkcVUKbBQorktzCVlg3h5/UXI=,194,0.1583322731336366,6.302618975744905,0.5412844036697247,21.0,33.0,0.6924564796905223
junyi,learner_based,0,Pt16yAWeWMgPGXsQUWEZ8q4oNKD30uoUwMljaOi24sI=,4449,0.0948150243696389,9.588023099071895,0.218809980806142,18.0,1717.0,0.389859600645592
junyi,learner_based,0,PvpLwkJhsaSFDgYgP2BUVWxNx+0ur7BufMi+rTxJHYM=,3171,0.0757088373150548,9.366745651140318,0.0874957235716729,19.0,1568.0,0.5017092994061972
junyi,learner_based,0,PwTmz5OGXktdjZBR5o3T6W/9xOtuu2dJeIwi/xwom1s=,1682,0.0950267509851875,8.621733370690162,0.2203603603603603,16.0,747.0,0.6275931072091555
junyi,learner_based,0,Q/SwuYH/ZNpYQVLmg+bpFVSLyN+QjWW4+Q6FJBsepeA=,3691,0.1370269692884175,9.47669665771321,0.2894031108727301,16.0,1347.0,0.3848878394332939
junyi,learner_based,0,Q/taLV1XMrDmLpqWe+wVqvUU/JenxdWwwA8am9xppWU=,1712,0.0784841889741821,8.584103896698863,0.2187090739008419,16.0,701.0,0.5838416531806299
junyi,learner_based,0,Q0mRkMzFoFAkNaLsyPYFJoBmC4JdqV9riasp/YCRf/M=,2970,0.0845808985307561,9.227197489042606,0.3076015340741469,17.0,1102.0,0.5948275862068966
junyi,learner_based,0,Q4rlu4p4omxZhIwjIFvGGUuC7wPUkgP+m0owUS+PTtY=,1668,0.0791686239654569,8.788898309344878,0.25625,23.0,746.0,0.6169783802333562
junyi,learner_based,0,Q6oyQv4evP1EzfiPfaiyLQUS1mHQgoz+d7J7zk+zxbs=,1078,0.1020291989568987,7.951207156472972,0.5380549682875264,21.0,203.0,0.6976502711824302
junyi,learner_based,0,QEjs/Y0qxKqphtX3HPy3o5NLK3ln/f5PNCKLAhhvKJM=,1130,0.0691543735827492,7.494430215031565,0.4674457429048414,20.0,162.0,0.6195696305318718
junyi,learner_based,0,QItWSsqV6XwvWHO63v1Q3q0cS8HtbGkBWTkRtJ62BDw=,2594,0.1102963664792277,9.103089181229208,0.2392562903584947,22.0,1181.0,0.2101003825654775
junyi,learner_based,0,QKs+1aEPk0x80IIx0aKNLHlmX1JIOry1/wb3Lhq4sFg=,3381,0.0919688209247849,9.351145248567205,0.1422986708365911,33.0,1432.0,0.3506787330316742
junyi,learner_based,0,QLZ1wKDTHboEYAyw3gx/ZFqOkxwu4cMUHZrenzwD9sY=,327,0.1523492755282909,6.846943139585379,0.5936170212765958,16.0,66.0,0.6415307204584941
junyi,learner_based,0,QMSnwGbK7tYBNz9p869x0lrxHkB6Yd1EQcOqjCuLujU=,485,0.0645464071447087,7.636269603379373,0.601158860453887,26.0,169.0,0.634046052631579
junyi,learner_based,0,QZ6LopqYP/r9aU9mfJaX3+scQfAlYe19eeaj7TW+zww=,5940,0.1075739838324035,9.99296255896373,0.2985231585204151,18.0,2174.0,0.6606555030771433
junyi,learner_based,0,QZYEX3iUClUnuqodly/8KADAcMRs+hjzmHD61g1apGg=,613,0.0903700628176598,7.638198244285779,0.2308433734939758,24.0,303.0,0.4622425629290618
junyi,learner_based,0,Qfkdu0xMDo7ZKO14VkT7AmpqH0GnAvcprI5Fj+rC1u0=,724,0.1170911673271195,7.706612913964197,0.3051305130513051,16.0,347.0,0.665259765289119
junyi,learner_based,0,QjpkOpuGWH0UnITA2wpaRypYPOTnkGJFcYezuYGtYuM=,1002,0.0468573110836173,8.399984990510696,0.6174089068825911,16.0,335.0,0.5283104359200144
junyi,learner_based,0,QkM4hin94znSQ6Dj6MkPpYBAjcEKA0u+2HbJyCWol3I=,563,0.1274895541912497,7.326465613840322,0.5766951942067149,20.0,99.0,0.6649214659685864
junyi,learner_based,0,QlU/0uOUSWj8W8vTMUywLl+Uev53aISqtS8jMi2JnDE=,1892,0.0917962737594107,8.664578178329295,0.2449508026929052,16.0,688.0,0.7053726169844021
junyi,learner_based,0,QlgE9ktDNbyezcCDHWTZkmzRM8/8FOcwEHpwzA+Zib8=,1791,0.0586637397869248,8.62245370207373,0.5392509902772776,15.0,449.0,0.7936669658523963
junyi,learner_based,0,QmVklaXAga6VIQ+lpYkCclWpaUrgeJABVDnm+XFhXB0=,438,0.1117853603610709,7.069023426578259,0.2947189097103918,16.0,156.0,0.468585817340411
junyi,learner_based,0,Qo3teiynihSpD4R1XtUH9HqLDtvdWpneGpSfDR1fSto=,899,0.0888370040460211,8.020270472819238,0.287734297928313,16.0,328.0,0.8668831168831169
junyi,learner_based,0,Qx6mwirYKln7CTvOXad5Do5OkVKmypYSQfFs0MB6Cvs=,3220,0.110473703102842,9.407796816354407,0.22656378263011,18.0,1524.0,0.1669532593654284
junyi,learner_based,0,R+PA0n0gNtg8uHV6dQ5TLW+3WEt2Bac2ak0mDoaL9f0=,601,0.058847807992417,7.965892735084528,0.6673611111111111,20.0,140.0,0.7636952044719035
junyi,learner_based,0,R5pBjwxHhlwD8Iv1qdtR9VtjKwfWBVuh5P0UM3eQg7Y=,195,0.1559501394056356,5.8805329864007,0.5518207282913166,21.0,27.0,0.419047619047619
junyi,learner_based,0,R6QefDBKjMm/uoG5bP/sWm4HxgqX8fZQ9wriQsEbLhU=,592,0.1350341370656482,7.676473646389156,0.4294990723562152,16.0,273.0,0.5972958504165252
junyi,learner_based,0,R8DtELOi6cThZOCqTX6c+wNDtTcGGuaAufw4vCdQPsw=,1953,0.0924934212354913,8.87024156729927,0.6021641371557054,12.0,553.0,0.6045613073704448
junyi,learner_based,0,R9Uc/YSWli57zmUYbFm1LrpLpQSpiV8XlzGUDkoUIn8=,2175,0.1192040824650347,8.898638793680181,0.3050129763693484,15.0,934.0,0.7378068739770868
junyi,learner_based,0,RC6q7zijbSkLeANRrhUHoLSa+HC/PGtbFSSBlsaFrag=,474,0.1327444412843776,7.580699752224563,0.2424706482899438,5.0,295.0,0.4453917986195696
junyi,learner_based,0,RHcmN3mTXkmYbY1GZpG9Rrtjg8Jahs0zXkFyLBy/ekc=,823,0.0941916194744125,8.012018239159062,0.5179045092838197,37.0,357.0,0.5872644737761017
junyi,learner_based,0,RKkxBe+3Z33I75tZfZ8EY7LtVnN5QEfE8O0y6bPFCeo=,7143,0.0835819293098621,10.044379291233607,0.4927252985884908,23.0,1353.0,0.2880613362541073
junyi,learner_based,0,RLVg2oNL54gAjL5WK5vK9JDSj1xUds0tDwVqAAfDTxg=,220,0.134291782873598,5.883322388488279,0.5502793296089385,20.0,32.0,0.3571089379579533
junyi,learner_based,0,ROy2LJr08ctjmiuRc4SXFKrmk91KPBxZU6hZPJ7JIu8=,5814,0.0727142221555447,10.082512013210788,0.5263377926421404,20.0,1417.0,0.4581189204509814
junyi,learner_based,0,Rcsy5m8O7pQ3np5tv3eeCgGc7Vn9vqmoMEYbz1pB8pw=,5250,0.0891053777851519,9.755451473708725,0.3172145880442976,15.0,1422.0,0.4905263157894737
junyi,learner_based,0,RlHAktJl64ZiBd7sf7MkpXdvIKiGtmUYYctdc2AjNSE=,434,0.1293383546598461,7.148345743900068,0.4453186467348544,18.0,158.0,0.3725728155339806
junyi,learner_based,0,Ro29/9OFIon5Y4nq4ptN7g7LWevKCWual3GGUaKeYYw=,1020,0.0886454461471123,8.117610746466228,0.462708830548926,22.0,271.0,0.6700389251075473
junyi,learner_based,0,RqWJRTdyiEJkrfUuO1BNxb3KXHD+idu3CvWpdu9lgHM=,4548,0.0756636318085566,9.736192529758796,0.2933561886747843,16.0,1782.0,0.5885101240634893
junyi,learner_based,0,RtjkuNmuzBI2VhWYRk43wMkzhzIQD6YstXG1ZsypAZU=,873,0.0837288130702022,7.81156848934518,0.3565640194489465,18.0,268.0,0.5857079423091702
junyi,learner_based,0,RyHgPcXfEn/CVHtbJsSpZTh3Ri3giA5M6sf1VGayr7c=,6366,0.1228048205586338,10.02605910492431,0.4381386296279913,20.0,1829.0,0.421923474663909
junyi,learner_based,0,RySWVPM4vpcQHdMukD+i/MhP3/lK4Vwj5TAl48A6LKk=,1694,0.0653739231842028,8.554103545436334,0.1661846925004819,16.0,829.0,0.3761792452830189
junyi,learner_based,0,S0VFEY+TX4JInp2RbHDsOeNIjLRKCfs1ywbzFrcTDWM=,2871,0.0727668205290404,9.214830277249035,0.1397849462365591,16.0,1401.0,0.5539013275475584
junyi,learner_based,0,S3hqMF0e5To6kPDkpp0xZ7dpZx7GRQgLjAs14iM6rfE=,2995,0.1050084398770223,9.353747835270912,0.2868035698812927,22.0,1379.0,0.4459459459459459
junyi,learner_based,0,S9X2EjiG3ZyYzP5GckQ0s4bkH4Sz1X3NSre3vniBFw8=,1550,0.067329588859312,8.682029433869172,0.4547921967769296,26.0,437.0,0.5401301518438177
junyi,learner_based,0,S9xsg6+N3hh24WpN7bJxFXVB9XYH/d6cXpuqOsiFADg=,2431,0.0860247643463733,8.90761234131913,0.4663598213077027,14.0,718.0,0.453427065026362
junyi,learner_based,0,SBKtN+xP0yIQrTRObRW2C5D7oO34pRf8QAnjfMjnqcY=,1296,0.093713996992274,8.446126742982377,0.4048539518900343,19.0,596.0,0.6272252138105796
junyi,learner_based,0,SJ3oFp7EryIlYanhtkVHYkcAHmEcCaQdGR6MmCR0mzs=,3287,0.105318784703545,9.284055409798464,0.1678743961352656,20.0,1474.0,0.3074334906828678
junyi,learner_based,0,SJTFghEQOed1hZMCrR3hHBJLS2VNyHCmi8/CHDDmy44=,312,0.2213617011677855,7.01571242048723,0.4321653189577717,20.0,133.0,0.3924050632911392
junyi,learner_based,0,SM7B2SxOLiOmbjVKes5evyxllrNCQTFzEKpHtl117BI=,3212,0.0767056289072998,9.264354960282422,0.2744930831912071,20.0,1281.0,0.3292991868955026
junyi,learner_based,0,SNny3SIxP6zv/dhk4ZU0EH0mmajwjgeHGzeEZpTbzvs=,1836,0.0670348224356924,8.552367266423891,0.6245654692931634,22.0,388.0,0.6546680186270092
junyi,learner_based,0,SPmFV4RvUZLm41Gfgt8kBm8u6VzSl1tNcT5BsAQvMls=,511,0.069420590209401,7.545918151209323,0.3604651162790697,19.0,215.0,0.4652467396467591
junyi,learner_based,0,SQMgGY6bpDnpHTx2hEwNomSPUK2IpSvmaAXUKpx7+pI=,733,0.0813091225479951,8.020270472819238,0.538638605721802,24.0,233.0,0.8675298804780877
junyi,learner_based,0,SSDMxAE5L1x25IfMEbpXrmr8mQIqZzu40Nb6QyxBDKw=,3016,0.0995264385276614,9.198874893866904,0.3025796661608497,17.0,1065.0,0.4052419354838709
junyi,learner_based,0,STKIh4mc96nCMWCChSWcToyncYSNayuOyy4k9dSAgS0=,5251,0.1040050218350386,9.757015648635871,0.1766238277179576,39.0,1976.0,0.2700093109869646
junyi,learner_based,0,SVxqhYXrH6SfIgcbLQ9Z+95ZeN14VIMuO/gr6OWgXBU=,2510,0.0692165659837039,8.989070065043654,0.5116046917893686,16.0,766.0,0.7666855417138543
junyi,learner_based,0,Sb3aon2FSNNX4wgPRFi3hwJKcQgo8dM+4M26k2TF4wY=,540,0.0773897195027934,7.561121589530238,0.1717855283706403,16.0,269.0,0.5509259259259259
junyi,learner_based,0,SeczIB1AchCyU+2ERN9UZfwNxpPR+iEWdTKdKVAOplQ=,2193,0.0899398013765932,8.928242677818302,0.2979710913671927,16.0,976.0,0.5863052781740371
junyi,learner_based,0,SkN/5zphtv5ctUPsh3QRmLCj0yp23MT9pzr5EDFZe/8=,635,0.0644091226453856,7.914252278742441,0.3473491773308957,20.0,261.0,0.4388435878428465
junyi,learner_based,0,SoyS9lUIh/q7oCg6XQeMqOtoiMT+GZVjes485aXEbKU=,1710,0.0683304729648152,8.663887570567042,0.272067714631197,16.0,743.0,0.6262626262626263
junyi,learner_based,0,Sscg9vquPUuOL9DKkSbs9NTSxfCV/DYuMnsLRUZs6eA=,1003,0.1084044752213063,8.074960359115858,0.475093399750934,16.0,393.0,0.2848806366047745
junyi,learner_based,0,Sz/KKL9ywpxyPJ7heAWEqkt/tf/nbDP5b4f1m7EbBVk=,2866,0.0737085877865714,9.36657459400682,0.2179640718562874,20.0,1433.0,0.3872820659392391
junyi,learner_based,0,T+TdpKTtcckj1sM4MAUOU/taROWhuq1ZIiOoJbasmhg=,748,0.0853487545833549,7.7306140660637395,0.3655536028119508,18.0,223.0,0.5606692124622756
junyi,learner_based,0,T+rWMKiJgE6rmRdVUFc0WOeDY0RVPhl0EYU/hS4dlSc=,6330,0.0857290701672882,10.11484188327536,0.2919533716506112,22.0,2325.0,0.3886815660609436
junyi,learner_based,0,T0aJ7xmDPBaqhhLPpZP5EPK0XfPj9a1vqdKuvOmoHCI=,710,0.1181792262994067,7.566828479208331,0.4585921325051759,19.0,188.0,0.8781187779990045
junyi,learner_based,0,T2hI5mqqogezvse00UeJHgHc3DDK1vrGyyn7Z6IIpsM=,1853,0.0736510943605313,8.982435503560263,0.4761964577314408,20.0,751.0,0.5099806825499034
junyi,learner_based,0,T4SE4EgcHfMeg58rrWKRWuXd7tw0mVCfHJvBhy6TC78=,4633,0.0589051370716219,9.691716587516886,0.132183908045977,21.0,1960.0,0.72971520290033
junyi,learner_based,0,T4SwgJk2xgBpvWW0/NYmhl9u5jm63dwg1Q39k1pLrWw=,2853,0.0868823920963204,9.192176401348512,0.1921784295753131,16.0,1302.0,0.3050847457627119
junyi,learner_based,0,T4f/arzfSalcvrX0iElU649bu8yFkRYxheJCrrNEkLQ=,1703,0.0757271914780621,8.691482576512929,0.3886741724079986,16.0,745.0,0.8709677419354839
junyi,learner_based,0,T7V7D8OgJF2BeuK/agj56BY9ibTmoqRbGdtwrt8a1SQ=,20858,0.062312972806812,11.18601734601761,0.0681698421943034,16.0,8157.0,0.4131914412213897
junyi,learner_based,0,TDEUV/kZMRHVLtJ1Tzk9Ne7zqUrXe4lwJ/AhDn6AKcc=,1728,0.0751022853224572,8.71028982137815,0.2435686015831134,32.0,795.0,0.4647917744045265
junyi,learner_based,0,TH+9EqnFdeRqXgd+9frMdewrp3rP654euGJZm++hRT4=,486,0.0805111204277831,7.300472814267799,0.3405405405405405,17.0,163.0,0.859278450834428
junyi,learner_based,0,TIFqzAEaJ9dzg/KCrFFPRw7C0KKV+dPmxhnS9zS0w+E=,1098,0.0932093767927643,8.050065422915965,0.3179061602298116,17.0,502.0,0.4012345679012346
junyi,learner_based,0,TKDAjftSYyI2PNmAkXdInD39P5BcPNa6a+qx0fxm4RA=,2375,0.08079449855497,9.18993356219852,0.2593651117689088,25.0,1138.0,0.5217391304347826
junyi,learner_based,0,TNultEGnWJ9JPQ+o/+IyosqUKfeH2pvHu1EqogDrBPw=,682,0.0814875570314327,7.75190533307861,0.4868817204301076,13.0,265.0,0.6576923076923077
junyi,learner_based,0,TOdFpZ3Xqdh28DnIte6gehxDLIIUkzWMwfqed8sEJwE=,3936,0.1007727261995177,9.548881894718772,0.3130881094952951,20.0,1657.0,0.7586206896551724
junyi,learner_based,0,TWogEjXZZBCw1gGUayarBvTA2viDN2Ly0/KsRLsP0rg=,1728,0.0903370274393603,8.748463629942055,0.4726984126984127,16.0,628.0,0.6120988658275885
junyi,learner_based,0,TXBvUiNlr5jhR8zA+8xXAAvhjwKoxhJgVCFi6g3MkXE=,1454,0.0860786805418736,8.467582690862903,0.3886903510615934,17.0,405.0,0.721978021978022
junyi,learner_based,0,Td40Heh6rp61Aa5Pd6cd46sOEZ65dgSfsT9oTDoFl+c=,2810,0.0842308664525398,9.138844370271112,0.4767429369427436,18.0,875.0,0.507910529187125
junyi,learner_based,0,TdtpNDJrqro4BdaY6fxtkvlHeS44Vpq/0YsW3JRx79E=,645,0.0844888070410535,7.796057974316123,0.2267489711934156,11.0,327.0,0.5886518614934373
junyi,learner_based,0,TdvU/GNCYUygMo4pGEGXRSCZb9aI1CNNc3QR3WHsRuU=,2375,0.1018005807195839,8.959311617172437,0.3747268286412135,24.0,807.0,0.4787644787644787
junyi,learner_based,0,Teuwxr3okYRSPI2Y7Nou4wqGcA78ekLDx+wonvRGsOE=,2797,0.0908251103535021,9.2093398716426,0.3141455601161277,16.0,1211.0,0.4043321299638989
junyi,learner_based,0,Th3OVzxgS2ilcKpcQLrQzAG30fdrg7VHZmV5f4PjJb8=,3830,0.1292436271472457,9.55463904484686,0.417960167269119,23.0,1410.0,0.3189655172413793
junyi,learner_based,0,TlMkJfs9LQfBpKdSmKCSAk0EJ0GodXR+6hD9KpqZd1g=,2738,0.095683011242683,9.222268942841456,0.3363968771617749,25.0,1342.0,0.5303030303030303
junyi,learner_based,0,TsR3rTKaWulf/k3TmhqbWrKGAO0mgb9lEwUqW1qoDK8=,2530,0.0945606707348654,9.205026277152411,0.2005831490046249,22.0,1347.0,0.5521152862985685
junyi,learner_based,0,Tv3/IjfXLL+U2dQgk/cOyfc1mgU2vm2D/yM43RtFshA=,2695,0.0700021154604893,9.056722883310584,0.4854810495626822,18.0,920.0,0.5568482284505553
junyi,learner_based,0,TvBq4rNq8Bfuxgn+XZqr6qR9rSetLyfNd6vwdxaOk28=,5231,0.0879948683805184,9.824877151954215,0.1763942229674906,20.0,2177.0,0.3832635983263598
junyi,learner_based,0,TwWIHt3X4PpZYPEyrUAz/c+T7Wq73JD/n+6I2DKtKAw=,1433,0.0850383561606267,8.602636673233706,0.1669421487603305,35.0,736.0,0.6772616136919315
junyi,learner_based,0,TwyqyV1uJYlDAX8wX/PtTCVZEBo/APIVfTzzleGkNCQ=,24640,0.0971165268663233,11.376544301317043,0.1913123209169054,21.0,8972.0,0.4066911611815764
junyi,learner_based,0,TxLf722uDU7ltT6N5kFlFl2wr9XwFTbcNCG3r5P1Hkk=,1768,0.1126989790657746,8.783855896643942,0.400030641948828,31.0,668.0,0.5468975468975469
junyi,learner_based,0,TyoVFxBv3mKmQSTdiIfM1t4wORIIFZNjz4BKyM0ed+c=,2366,0.1266403160375225,8.985695694535705,0.2967321898084387,29.0,949.0,0.3129318854886476
junyi,learner_based,0,TzA/XRKLzDMD8yElX2FvbMVJ3BTJ+9aqbOcCCMM/TuI=,2881,0.0908139126762587,9.183585634667365,0.2010272213662044,16.0,1279.0,0.5849820143884892
junyi,learner_based,0,U0mwINNikgvZ0ftlUeNE7EDUElvPx/tTWfJtl20gC6g=,2885,0.0896971446176283,9.211140052146748,0.5024482861996602,18.0,876.0,0.8013737836290784
junyi,learner_based,0,U2kVmFcvfYHpuYGFYE9P/5A//cmtFnXpxBQYS9yWaiw=,3164,0.0781715962583701,9.329988334242078,0.2460514640638864,19.0,1502.0,0.3678051733459228
junyi,learner_based,0,U4IDn4MUqbVq2R5M08n344XMXc052OsQtinVwrNNkSk=,3423,0.078954051716431,9.31641063570325,0.2779276848354021,20.0,1304.0,0.3319895525777878
junyi,learner_based,0,U6uPrXsMf01kkpbyFTf6NgLBFfypQFIdHmXH8GYZPyw=,2703,0.1097056144351278,8.976135873302548,0.3302995828593098,39.0,889.0,0.3940660259089009
junyi,learner_based,0,U7WkGZRG7Ap28BleazYLuVCBEN3TdSTYP43SOFuOb54=,852,0.08799828795996,8.12296471523406,0.5513353115727002,17.0,322.0,0.6087162136472386
junyi,learner_based,0,UA8j7lklVtKV7XvO/QUqpJSwzYGBY2bKSg73/EDGa0I=,2240,0.0830643052588649,8.845777255188445,0.4216589861751152,19.0,736.0,0.4767726712198824
junyi,learner_based,0,UJx6vGY4lwuup0V3VTTKZmE76AogRe5ecQHc+Yly1YM=,2530,0.0992799490824591,9.120743838164426,0.3463137169109603,37.0,1107.0,0.5967802208399633
junyi,learner_based,0,UV/JR6UaacYCmtRkgf+fISD6dzm7gIQwTfyFEd5m490=,1503,0.0554958629810405,8.476579508530941,0.5010416666666666,20.0,288.0,0.8387485864452955
junyi,learner_based,0,Ul0YfLD+DkexICyzGisAES41BpTca5rUI/BNolWJpio=,3292,0.0606179629703746,9.470471375340674,0.5589822667694679,19.0,820.0,0.3944412071605708
junyi,learner_based,0,Um/VucrWT3ytfnYCAhdIJf58cjByGJkSIPJrsdq3Z18=,783,0.0891733943921243,7.848543482456679,0.155017571261226,16.0,469.0,0.4541062801932367
junyi,learner_based,0,Uq/TS8KieZduAKrYzEVKNL2Mm4txq9AR3VFY5cZO9rs=,1445,0.0738840969917477,8.427924723658055,0.2060367454068241,19.0,656.0,0.374312879107452
junyi,learner_based,0,Uq0Jd5CXS1nkLOvMSauJ2/DL+7ZrSiFIXAs+Y0LWrjA=,486,0.0996418958031591,7.261225091971921,0.4202389318341532,23.0,215.0,0.6342592592592593
junyi,learner_based,0,UqfpH7HCLC3Ct5Qj8lQ5MA9fzVPZBoROdRbVJpqQRs8=,451,0.0772889229384335,7.425953657077541,0.4153754469606674,20.0,144.0,0.3571839907860639
junyi,learner_based,0,UukST5Jm3oHVK7g3ktel5joKNlCYBQJIX/A+GOGyjG4=,3341,0.0869564355435493,9.49408972140025,0.3621987951807228,16.0,1492.0,0.6975090057080606
junyi,learner_based,0,UvC6kSISYOndybh30jYllToowJOirq81gPZsMmHnsNo=,3479,0.090648731138888,9.49416501410066,0.3605150214592274,19.0,1291.0,0.3921021140805744
junyi,learner_based,0,UyK3WAcVbatfJU5yTyBAdSFG/eXv67JhWvL3rRZGCvs=,286,0.09538169955457,6.894670039433482,0.3275862068965517,16.0,147.0,0.6907797081676592
junyi,learner_based,0,V+g9Veh447rxTQ4761Lvccc9KGxXM6jr5uQP8TTpYBA=,4321,0.0669145571950325,9.74443320268052,0.1258646969164029,15.0,2078.0,0.4
junyi,learner_based,0,V00R/cPz9t+/NMeNSgfvISuDZkhuHZZh3/hADlbJmW4=,1204,0.0850586775764575,8.371704884667631,0.2748727440999537,16.0,641.0,0.5171859415192399
junyi,learner_based,0,V2RVC5jgSEbmKRDBgXNFrA6t5vqFslxPIkcmjHuVXYY=,1374,0.0814958298592414,8.34283980427146,0.2810192903072159,27.0,555.0,0.5748898678414097
junyi,learner_based,0,V6gzmLaxDq9lLc3HQUpSf2CJ+PcXNduJro29Nx9Z3aM=,1500,0.1095647897974898,8.413387022690648,0.1460275188637372,16.0,721.0,0.3333333333333333
junyi,learner_based,0,VFSfDdE2vLsyVfGCGYLnxYih+n8+IpUbRoiUpDJ4hc4=,2185,0.0682404034240363,9.089979015305,0.1291596164692611,21.0,1231.0,0.5222929936305732
junyi,learner_based,0,VHoFq7xrb39aeNkDFggnyfmKTpBVFGdo7R0jTwhDKng=,306,0.1336708729173622,6.548219102762372,0.3199426111908178,7.0,69.0,0.303030303030303
junyi,learner_based,0,VLG8jzZDi3OzlWsTunU487LkKuMt8oRCf6DBpBjv/pc=,3020,0.0951717961175577,9.254165851516213,0.2639035129702307,34.0,1069.0,0.4855072463768116
junyi,learner_based,0,VN+hlrC3u3EiecxSo+9icATbCs/7B1UlrxrPfAEWf+k=,660,0.1185457167695417,8.068402958569699,0.3478533375117518,22.0,357.0,0.2702479338842975
junyi,learner_based,0,VXrPlBOiCgJ5r2VB+WDJn4TuHK2oRH9ffhgulsCm+Dw=,2623,0.1132002562139605,9.135724578595394,0.2814655172413793,18.0,1095.0,0.2463731144631765
junyi,learner_based,0,VY6aXT7f64ny+uy4pszHVNSy3WHyoFPuhwToxBhB3wM=,2040,0.0836208749133363,8.872767529910936,0.4664984580880291,29.0,576.0,0.4657092080001083
junyi,learner_based,0,VdDGn0d64C/s9UWPNmugh8Upm4696fFybvSQxW5ghuU=,767,0.0880333601729033,7.902487437162855,0.3211246762856086,15.0,265.0,0.6231654105513685
junyi,learner_based,0,ViIxd7sl/Dp2C0nC24swu3Cm5o8UkaEMgyMuUp7pq0g=,5331,0.0938421966463657,9.888323152016357,0.4333942532236775,25.0,2025.0,0.8032691463577549
junyi,learner_based,0,Vj19/FOJ9nuzsw/E4T14ddKY6iiZGnG+3fxiJSvbiD4=,184,0.1682421353888576,6.093569770045136,0.3710407239819004,20.0,52.0,0.6468400522405486
junyi,learner_based,0,VkDMjjCaJsUcJWn56ZVLtKz6ohgWVycmo0nh3ieP7Oo=,2486,0.0763449207553677,9.082847851460906,0.4492160872528971,21.0,839.0,0.8455623429014283
junyi,learner_based,0,VkqQZJ473iP+Q3cuRr/ss9TxWBXBIsPwC0fwGbVIgjU=,3592,0.1092331094992967,9.31874624581997,0.2192211055276381,20.0,1527.0,0.3566969624491748
junyi,learner_based,0,VmJb1VGYXyZxQg1h4pXkCw5h+qFQQoC7T9iez9RkbKI=,641,0.1190766978735763,7.511524648390866,0.5098468271334793,16.0,141.0,0.6186003844137691
junyi,learner_based,0,Vn2WlxhITzyDS52K3WRs5UvCCc0HanXrRlJpqfT6QwQ=,846,0.088219274405663,7.65491704784832,0.662085308056872,16.0,173.0,0.4957409525957913
junyi,learner_based,0,VoHrX2UnJ3IU2DdxSNj+Bbm9zCM0xLPSoYevLWFeGD8=,110,0.1864010202613744,6.3578422665081,0.3819444444444444,10.0,43.0,0.4124676072559746
junyi,learner_based,0,VoUEV5MkNaFrGENiLqm3zykytS3WV6a2u96d8kgEAN0=,1456,0.0848225724037767,8.61104776688786,0.4398105991622655,6.0,438.0,0.4702842377260982
junyi,learner_based,0,VyJAFv77nIaZWzFAcZrlwtNbqZ9GtG8gXWS/QeH8dBY=,843,0.0960301203589139,7.8399193600125825,0.6136274123670736,20.0,168.0,0.7728215767634855
junyi,learner_based,0,W4l0TIo0YQXLT/c8/Uy7OLtElmNuNWPODI7HkJ0NaI0=,3244,0.0603556375575634,9.371182897093012,0.5514305177111717,41.0,793.0,0.6642039258451472
junyi,learner_based,0,W77JRmtNTVD+rfntgQ/ysIvIOujqt1Pn7VCHzntIaNM=,1450,0.0900132073346397,8.540519016719735,0.5571623998436583,16.0,489.0,0.3606789250353607
junyi,learner_based,0,WGpUu6x+7d7oYF2u7prVYC5D1GvAybVW7PvZT6my2Ns=,1188,0.0683237571760805,8.313852267398207,0.5479284138269184,47.0,361.0,0.6346666666666667
junyi,learner_based,0,WIVV2NtKYatcEnMpVQbIYkGSMd8Q9Xt74y5a+V5bXs0=,2870,0.0583787157153223,9.252249775053391,0.50330871775199,39.0,884.0,0.6412280701754386
junyi,learner_based,0,WIX8cNygX1SJ0qs+f36JttnScd1lBN+e2c7/KEYlysI=,3745,0.081182726155295,9.496646498248031,0.2670121676430824,20.0,1533.0,0.6584212794609579
junyi,learner_based,0,WMgUXcGDQCwsVgpqW00m0nL9vzTUYdkN6Cbdtg8M29k=,2905,0.0773692025887986,9.048762176320128,0.1826730927471493,16.0,1035.0,0.509090909090909
junyi,learner_based,0,WR85TYAmgzldheol7nA1RzEqixyhrnrQsG8iD/RhpHU=,972,0.088483924797349,8.078067881815437,0.3808193668528864,18.0,322.0,0.5472430172172924
junyi,learner_based,0,WS6WWNekaOD2ftvFW2KFOR67cYFe7KHl0DfZjhjhbRU=,3264,0.084775888717416,9.37220408686774,0.3217080639673358,17.0,1398.0,0.3118213595121225
junyi,learner_based,0,WS8jP1BdHW+Hr6HKToZja5W0UH0gsE78z7CxYLHJgcU=,2135,0.0664693978442799,9.05122740031911,0.4303470919324578,15.0,823.0,0.8182890222984562
junyi,learner_based,0,WVgEr0cn4ZJnAjSpBIua9uheGClv4buPcj2zQE2Yp50=,1880,0.1041733532391013,8.723068501163928,0.4195701725822207,19.0,548.0,0.5893642647674906
junyi,learner_based,0,WW5taWjwvqMRopp4FSxyhhnCJvKHzed+c3PuWh5gifI=,2786,0.0772680287574981,9.175645402179295,0.2438393042037688,16.0,1095.0,0.4383677276616738
junyi,learner_based,0,WeWipB8F4WKb1kJjUzDzzeqmt5Lb4mPAJy8sJKmYoAM=,6469,0.1004919275815065,10.098848722837886,0.244509336184914,21.0,2292.0,0.4607161012726923
junyi,learner_based,0,WfTXipC1a2n1v6FzNC711Jzm2ikIDAAPKcOP6AEaR1Y=,1843,0.1100143229076461,8.769351707798972,0.4414736514845329,18.0,741.0,0.6417525773195877
junyi,learner_based,0,Wk1PobqnhB1FsjjiU84gVNe9j4O6SLWWYfvGb/l6MR4=,5343,0.0883095147591569,9.845805472195044,0.1551541476851361,41.0,2320.0,0.3049619601700604
junyi,learner_based,0,WkBETrljVP4CWMKsouy8P5j94DMpD1mdMxCCZ7ftnN0=,1237,0.0804096058684137,8.326516830239528,0.1387073347857661,16.0,773.0,0.5502958579881657
junyi,learner_based,0,WkiJbEtcQ/6K9mzb+6b/b9MvUag94v5b3NTx6TRIcn8=,1334,0.1154070387062417,8.319473692442186,0.4744027303754266,34.0,329.0,0.6407503404647894
junyi,learner_based,0,WloCXEmnD+f/vvG/m5NptiLPqazIZr+l8yqpaTAtMfg=,1147,0.081911936330868,8.235890725928495,0.3848396501457726,18.0,397.0,0.8001727613014684
junyi,learner_based,0,WnROIwtQSSRuDI+N9zspe70i0h/BVJUxoil4KIbnP6M=,3152,0.0788373713698332,9.436359784035856,0.2126047068209015,18.0,1339.0,0.5561850802644004
junyi,learner_based,0,WwGpcpKdAF1kvKHFVZOLDv9609c0Rs+eGWAu1Ub/k9c=,193,0.0872645431000334,6.668228248417403,0.1870229007633588,20.0,102.0,0.5944825099170573
junyi,learner_based,0,WzvugOYA7I7EAC0ty8LiMKIA+9T/CYrBJx5dG+/QcMw=,5820,0.0776829031502501,9.987920608510958,0.3362437387987684,19.0,2124.0,0.4042553191489361
junyi,learner_based,0,X0cKvLgZxul/9WFXcTzJ//4b19Uf+pNMQ2NRT0fs3ws=,1042,0.0940563858785235,8.32239411311117,0.4550315994166262,19.0,308.0,0.3672750790457028
junyi,learner_based,0,X1afKm2XO2cxQD9qw6cTUXRW2hrgPrfOGaduO3zsrqM=,769,0.1089257982090813,7.944137491114112,0.4066713981547196,20.0,351.0,0.5143996195742908
junyi,learner_based,0,X3kjMLe+TWKd9Bm5TfIaJZzzngni5Yb5nJxHI3WWvO0=,2775,0.0994308479667246,9.21433239324572,0.2331905568283693,12.0,1264.0,0.7366071428571429
junyi,learner_based,0,XABiqjiym+yxP9IxWjibmAF+Ccqqu+GF+oujfq0IbWY=,3862,0.0689836258386034,9.62970838525334,0.3294759681767374,17.0,1240.0,0.5115887062789718
junyi,learner_based,0,XG1pV3YZ4tnQkmvmVbwNYnm01m9sRhZovPW1qTPIGYI=,6786,0.1052070163775563,10.12763060418342,0.1994884910485933,22.0,2673.0,0.3478260869565217
junyi,learner_based,0,XGAA22+obUN8IuJrlW3W+g3lh+u3VHufuQK521z+R0U=,647,0.0633838385389614,7.691656822810547,0.6934673366834171,16.0,115.0,0.6282051282051282
junyi,learner_based,0,XGFZ7IrZsoBhRl8og2T59raf/eHUTP3NRcwHW+GLxmQ=,1848,0.0882690532286187,8.889170455363413,0.4573910645339216,17.0,682.0,0.8529283087004262
junyi,learner_based,0,XO9+ucYiWTUi8SwVantzYmJrR1nuQBhpI0dy9yPYNrU=,6286,0.082318753583669,10.07044163219896,0.3180721871958701,21.0,2152.0,0.3733333333333333
junyi,learner_based,0,XPjtEuV2qgexNe8re/JecZlBLnzABLhXY2kd8BFHlRg=,2608,0.0651893856609526,9.1018638956401,0.1569501727789544,20.0,1177.0,0.3634674922600619
junyi,learner_based,0,XPxKzkvjDB7yK2AQPahFqPB7cnoHs5/dy4T498HoX5M=,2228,0.1012264647141945,8.913281137711804,0.4236101763359806,20.0,883.0,0.5970737197523917
junyi,learner_based,0,XQ+eEPmNGFKHnvblrA6eVyXOZ7z/e2GtSZIcf+MZeBg=,835,0.0721036163721969,7.80994708647679,0.4439935064935064,9.0,248.0,0.8442868361637381
junyi,learner_based,0,XQuz0Vc87NUlA8og1jI8f37Vznop6r8vbYxTAhHk0c8=,3290,0.0714172244343714,9.30428598481871,0.3061726147123088,16.0,1168.0,0.3875471619884738
junyi,learner_based,0,XUTQRoPefsFTFUaUGzdJFj7HtMAyenBL2dvo5BZusKI=,719,0.1006796599646851,7.906915488678587,0.4224677716390423,23.0,290.0,0.6553191489361702
junyi,learner_based,0,XbcpTfT1RFwmsRn98oMDsQeWhCEAh7GOGSxllLaYMLg=,5490,0.0966672136809656,9.908823292125648,0.4006266786034019,23.0,1891.0,0.3216938743254532
junyi,learner_based,0,XfTWhuL8KHud7ThpvXxV7BfPsuMNJNrNzIXLUA987GQ=,2110,0.1019643168993541,8.937743936942443,0.348351504006305,17.0,710.0,0.4626582278481013
junyi,learner_based,0,Xon2nhjAvMcy7wYUdVvTMH3poFnamhJUQElLk1ijsb0=,4281,0.0936881232675172,9.684584995479172,0.3052218833634157,16.0,1649.0,0.4074626865671641
junyi,learner_based,0,Xt9R4E9f2za5+yOINEKCRJbnm/ML+pyrsUJb6rs1XTk=,5899,0.0973031806233328,9.868999622077457,0.1565653951658816,18.0,2324.0,0.3452380952380952
junyi,learner_based,0,Y+91ladMQTxor3mEVlnYFcmpwmJFyT1HMG+DNySbVZ4=,804,0.0855635535435297,8.078998258685154,0.4533333333333333,34.0,251.0,0.6607373034287187
junyi,learner_based,0,Y/3Ni8Hqpn0fTKF+ZASK6Bpn/wyoF0isUcBEeF5fPiU=,1822,0.0844505405039184,8.827028068509152,0.2126192223037417,25.0,860.0,0.5813148788927336
junyi,learner_based,0,Y1TLugWpKI2hhakWAmmKYPUh8jdVGnOpm/XMQLKx1Kg=,3172,0.083857262611018,9.413689295962213,0.5119960829117023,16.0,900.0,0.5144742679680567
junyi,learner_based,0,Y1xbm2qyB1ORPl4XEuHig7PZekscar6DdRCT24qu3HA=,2916,0.0698444408282192,9.103868127465669,0.2281677605962843,19.0,1247.0,0.4690444145356662
junyi,learner_based,0,Y8CHlvc/Mc/Xo2I636Dh6J5Vc+IxbLcCC4Wiuvd67oY=,804,0.1026960555834705,8.023879992734878,0.3181520314547837,16.0,305.0,0.8795484637582753
junyi,learner_based,0,Y8wMuwT4XAOV0oJ6FnQLaEEOIi5GxbVxfLaXLdbchfg=,355,0.1299664192636248,7.084226422097916,0.3263422818791947,16.0,172.0,0.7119444167414647
junyi,learner_based,0,YCBDRftfzwiEL3TgdJIBFRRVKPJU3ZdlRy3jNdXYO3w=,1337,0.0978517086595497,8.38160253710989,0.3365406643757159,28.0,434.0,0.3743842364532019
junyi,learner_based,0,YCkF1MtpY1fSQe4HekhmGm9bt7ErYLpnaL45TlEtrbo=,3858,0.1097381946231499,9.54824016058858,0.3069405806405593,18.0,1602.0,0.5295155912924103
junyi,learner_based,0,YDMrFIf6Xald2go/hpaWsU2D05toJULMFD982lohHw0=,1093,0.0824534923983405,8.035278911144667,0.3514739229024943,36.0,261.0,0.775893397940642
junyi,learner_based,0,YHd/e3w70NYiywYoX7X1Iv07iYY6CT1jAd9BayAdg7o=,4293,0.0612531121863165,9.666815400992093,0.1759376583882412,17.0,1620.0,0.4293856426657446
junyi,learner_based,0,YI7fG8ZfmnBhOzqkTJkMej3ejuPH6JNyVD+CM15mYIo=,2087,0.0751805038909393,8.85352256068954,0.3169476993426693,16.0,868.0,0.4866658851419119
junyi,learner_based,0,YK8k7vXBGE+Uz9zSJyxXp6OC214bTKKGGTqalD/Zf5I=,3125,0.1095329710316658,9.397317740306333,0.2169224388220655,16.0,1340.0,0.4722222222222222
junyi,learner_based,0,YLh3gboNapAss7XRv0CyfwoP2GZHxHZxeBNoWI2+Pk0=,1540,0.117079198469299,8.40737832540903,0.2630051350747935,21.0,633.0,0.383739837398374
junyi,learner_based,0,YORLcxgiHpb03U15diML90XnAXNqfG/QtxNo1PrCGVk=,2873,0.0703475410752439,9.268797941547753,0.4915574002452598,19.0,1058.0,0.6517967781908303
junyi,learner_based,0,YRZkayzEaq6umqAo3NH1MiLW1oqHFPHDmlEIrn/EWb0=,2702,0.0979548618321525,9.126088819528592,0.3748231966053748,20.0,891.0,0.5433526011560693
junyi,learner_based,0,YRgtGEd826lr/TTeqzRiSg74GgvqIjPn4GiFofbYGoA=,1850,0.0566902534965727,8.768885326134862,0.6259720062208398,20.0,436.0,0.7157847608236123
junyi,learner_based,0,YTAheEdtfsl96LQz5pfT/e2iTo3mXMMzNkjHpOCNHCw=,1052,0.0825046185163264,8.001689978099135,0.5189279731993299,15.0,260.0,0.8309859154929577
junyi,learner_based,0,YVNOK+AhFjUEHxCvwUmqSSiYmGqD98ZGZrp5l+7UAFg=,276,0.1140544297362583,7.156176637480615,0.4004683840749414,16.0,134.0,0.5163346613545817
junyi,learner_based,0,YXMFRXPpfMq0dR1ji3gtHLMvc080j2c2AF52HbRm7O4=,369,0.1081258034167008,6.255750041753367,0.7596153846153846,20.0,38.0,0.3919245647969052
junyi,learner_based,0,Ybd/zfRZPKlB4rPFPmqgjUOxkC9KP7WFThltU3wWFOo=,956,0.0826043354339554,8.10892415597534,0.4649413180860667,30.0,335.0,0.4131054131054131
junyi,learner_based,0,Yg+sVKaVUURclcpez8GQE2MOKwxr958SB3sI6NhKmIE=,842,0.0762564697415698,7.936660155225426,0.3135502323918484,16.0,335.0,0.3735239279055314
junyi,learner_based,0,YkHODfSVaCIiF+woaqNHli0DqOr4KOxt4DKcsOdLMr8=,2095,0.0962345977262694,8.89041055197428,0.5657622916953587,18.0,715.0,0.5963687150837989
junyi,learner_based,0,Yld92kacYxRSUfN9lQovMp24sfx19G3veIT3XSsHuQY=,1443,0.1110641056218662,8.655214489313613,0.2793169541732009,16.0,731.0,0.7139208173690932
junyi,learner_based,0,Ym0eyAFdpBdYOyWEgTUn+a/muxXKbk5ahnGiGgmJ4BE=,79,0.1246617549582373,6.343880434126331,0.403169014084507,10.0,44.0,0.3610336432049579
junyi,learner_based,0,Yn2HRzsEDaARisznJY9n3wALZ45h7G/l8o4AhZT613I=,2724,0.1007534758811447,9.09963224999176,0.3501284772651101,19.0,1012.0,0.3654618473895582
junyi,learner_based,0,YnI7n8GUBMZqWulnBVfUXzZLgJVDs7v0mGRfjKqao2k=,1600,0.0967677625082433,8.781094735202615,0.3121831310493163,26.0,800.0,0.6120218579234973
junyi,learner_based,0,Yp1BxxjeCigA5sXXXV9seEAdOYA8MchGwafHWyUm7qQ=,4494,0.0732186499168216,9.669851648501432,0.3111419909044972,16.0,1323.0,0.4995602166918247
junyi,learner_based,0,YpGyZePfYXyA1sM+Syxc0sKhL5GiFcPSv0GpDs5VEoA=,125,0.1251318979859352,5.978885764901122,0.3045685279187817,10.0,64.0,0.3374255952380952
junyi,learner_based,0,YuGOmB+frbM8rfAa0RJE882R+IoMf9N89OiVqLbAHBw=,5020,0.0891402976906513,9.64930472862475,0.2134107027724049,16.0,1778.0,0.3067601246105919
junyi,learner_based,0,YvQPbwjYS29kj/MLwNYQQZEeHg3g0EltbLRfuPywjqE=,3335,0.0896710449201368,9.343909263897595,0.4846867343367168,16.0,881.0,0.7758806721114266
junyi,learner_based,0,Z3Dy7GKG+3wjN6aJw7KVQxD+9q+PgN6WynGJfScaDXE=,365,0.1122181689526171,7.221835825288449,0.3793859649122807,20.0,183.0,0.5842597764672733
junyi,learner_based,0,Z3dSEIJzUCdIKWEO4/I7voT/RlkFDuMuU57dI6kGzcs=,2034,0.1086182590704979,8.639764743804419,0.2863210051318351,31.0,656.0,0.5757734661772418
junyi,learner_based,0,Z5JB3D/LstCk46Bi7qFkVXd18rYRFy7qFCpd5rEMAZw=,119,0.1078730944324942,6.173786103901937,0.3799582463465553,20.0,64.0,0.4639718804920913
junyi,learner_based,0,ZDQe2EAf9O/FBmCJpXM2GZK7E3bfQfT6M8rHZ21H5Uc=,1619,0.0758409991163192,8.73568594451502,0.1988745980707396,27.0,797.0,0.6771456980756858
junyi,learner_based,0,ZGnaehUOvrRIwrXHqEnz72BTVo/xzUr85yaqAjY5FN0=,2141,0.1342810874422929,8.865876285425417,0.2955539872971066,16.0,870.0,0.4834285714285714
junyi,learner_based,0,ZJ92WK8KhstnwtpIXZzFwFo9tWV1FxW9wGbwBT+JaMk=,1912,0.0853238579209224,8.785692444451245,0.2752714482336749,18.0,783.0,0.7381404174573055
junyi,learner_based,0,ZOO50WfENqtWGe4uBkJcqW4nppgtuJKCAoqx34z8eOw=,5268,0.0956074333599087,9.73890767721833,0.2906743692525347,17.0,1817.0,0.6239402985074627
junyi,learner_based,0,ZS2aKTrfYoSFzhm+weF3amIGgUrNaR6urAPzgLNqWdY=,6750,0.0863814198126395,10.103280590242088,0.244615510605192,25.0,2268.0,0.4888623072833599
junyi,learner_based,0,ZTrivKluBU7pmaSFNu6x4a8QnBgW4kdz9KN9RcGKzn4=,1635,0.0932827691510547,8.728749873478527,0.140683179536992,25.0,816.0,0.52
junyi,learner_based,0,Za+UP8i5RYOzsfA98cUkUzKWLYcmHOg7TpQTWUNg1is=,2447,0.0766742483152873,9.09504174761272,0.3300785634118968,21.0,863.0,0.7979486939736592
junyi,learner_based,0,ZcwX8fZUrnZDOsvBOPux3Oaf1viIG83MNe5frh0jnQw=,1709,0.0986470894995943,8.739216115061744,0.2055430951618071,30.0,820.0,0.6634793165102199
junyi,learner_based,0,ZeqalmMEbu4L2j3EXlTLYacpBIa8eomjRPajfWZZD18=,3165,0.0895435162071038,9.36134324551271,0.4601427465818213,15.0,1006.0,0.4036697247706422
junyi,learner_based,0,ZfOvxkOK32fpHT6LuZQ7Iy1BUbJm78JuTpNnvl/t5HE=,160,0.1021831446327269,6.579251212010101,0.6634214186369958,28.0,66.0,0.686046511627907
junyi,learner_based,0,ZfijBfJmW6aiU5BUvf9fG0QF1XKo3pbEYQ8mYC94hT8=,1330,0.0862486620454635,8.307212626628308,0.3072556762092794,16.0,559.0,0.4571063207891852
junyi,learner_based,0,ZiB8YudXZGaYEDJxnFGFKxDYg7p21KMyv2iISc6REEQ=,1238,0.0528868818866248,8.316300249036848,0.5561261922230374,21.0,330.0,0.7155963302752294
junyi,learner_based,0,ZilXWSbduOENN7B3A3JpDKyx61nNdU+D7av0CVJeIL0=,3543,0.0566025151351465,9.551373619924956,0.0850458650359098,20.0,1725.0,0.427807486631016
junyi,learner_based,0,ZlHr1zKJsK/9HFeradx6cAyqADDSSyihZ9XHBS1PfyU=,115,0.190903831694437,5.8944028342648505,0.3535911602209944,20.0,37.0,0.5904363431932191
junyi,learner_based,0,Zo5OH3GyWGn52CiWFk1qCg8zwtyTw2CzekYXwgDtx0Y=,1517,0.1256174925560022,8.722417141427496,0.3255131964809384,28.0,684.0,0.5509929770692479
junyi,learner_based,0,a3YtCNan74n5yr33mRTziRBk7zjFI9XrLXC0Wtp8kWU=,2176,0.0823891051376823,8.950273466557375,0.1648722272668309,16.0,1149.0,0.6724267468069121
junyi,learner_based,0,a3dIrvVFRsNUndL0o6tSC2evd4XhhCObHWe0OO0WemU=,1805,0.0735012407571985,8.79920924224139,0.3963488231744115,35.0,566.0,0.4987792409206043
junyi,learner_based,0,a8gAVDPDmrxf2poDVj1SEcQl7lX57osmdVFS1+Z+4K0=,2362,0.0918043696873164,9.101417964751995,0.4764135162261625,16.0,747.0,0.5732647814910026
junyi,learner_based,0,a9UEy8sIwRzT8QudLWkrjcWrb+ZKuiVhcEiPQih1o38=,1485,0.0927844689023815,8.722254235179681,0.2119928303731465,15.0,813.0,0.6598639455782312
junyi,learner_based,0,aAZFwEYHULAK1AbQLXDXQjqU9JfJoEu1QZ5bv/EYlVs=,2099,0.0701308297530249,8.822911626354117,0.3369677324296449,16.0,737.0,0.7054032039098561
junyi,learner_based,0,aMxsQs5rzVMmcHNmhMRVuUQ33IDNVp8fYkEdofpRbQI=,1316,0.1011025582958227,8.300528606199737,0.4146583850931676,16.0,470.0,0.4533152909336941
junyi,learner_based,0,aMy+V/IgYkfzzxp0JhGeJIW3f3X4rBOZf/UgsI2IX/4=,2611,0.110282519963516,9.015541293671117,0.4272694130514035,20.0,724.0,0.3141592920353982
junyi,learner_based,0,aQtj+vhFKWn0qz527tbi3q254EkieQ0rqf8dS5yw+m0=,2639,0.1110844628291797,9.1801903950253,0.2555143269428983,16.0,1120.0,0.4434239888423988
junyi,learner_based,0,aQys6A/5FjGwd7dQ0KQ4h/5zmPrM7lbkwj2ZkuhMepo=,5561,0.07267820072948,9.933580192843298,0.1152353226589034,20.0,2465.0,0.353140510055833
junyi,learner_based,0,aUZfbM1yIpHJBCb6q2Ibl75Ix+02UZ4ihUKYjUtEhkA=,1067,0.0717526862760892,8.369388996647842,0.4213821892393321,14.0,330.0,0.786649528706084
junyi,learner_based,0,aWIZnPhyDCMR9yuVS0hy2iEHURPnHdsUNDkz0hzDL3o=,623,0.0907441912896118,6.983789965258135,0.4424860853432282,7.0,107.0,0.6399616480712895
junyi,learner_based,0,aaltH7YODgrsZuZYKu16qokv/Z+TofzVxU6Ai/dDhl8=,3695,0.0737123297061141,9.384965722135666,0.3187200806248426,22.0,1407.0,0.5
junyi,learner_based,0,aaqqTl3AwAAh2Zu0fBTrKYA+Jgnh5Xcn3VznWez5WJU=,1347,0.083712011406996,8.42639282708974,0.4668127053669222,20.0,374.0,0.6357786357786358
junyi,learner_based,0,abZeR/hnIssN0A8N+KhGYvmhrlPuBAPZSPOCXwLIQd0=,456,0.0943322610436824,7.340835554123275,0.3024010382868267,16.0,220.0,0.6481481481481481
junyi,learner_based,0,ad/P0gKMpXTOaZ/ShZQX2Y5m7BBidPE5CT858fakoAo=,5198,0.0893096744980327,9.772068213669291,0.3056569343065693,27.0,1857.0,0.4262610465812477
junyi,learner_based,0,afFEQbum8M2N2a175IzVSs8+P894DSA/3Y10COWsVeA=,1055,0.0753322965399278,8.20903626577507,0.6221072692621835,20.0,234.0,0.8848314606741573
junyi,learner_based,0,aiQx7FTmtkEzQOA5cGnbKrlqzKkK4IAgGnwNsgrBuC4=,2844,0.0730357562635833,9.284241179815718,0.2272896154560654,16.0,1253.0,0.5804803631560342
junyi,learner_based,0,aidk3wnxk2e9xbBQTP0plmVgHqsXqGF9OT93vKcIMdE=,2822,0.1096800789025808,9.12923877053914,0.3540130151843818,26.0,889.0,0.3511782284930432
junyi,learner_based,0,ap9wOXDnXVFePVnnpscqo0DFNvaLEzP+JC5FyWOxYI8=,100,0.1858600809425115,4.890349128221754,0.5606060606060606,20.0,13.0,0.6273306048203728
junyi,learner_based,0,apFEy2v1Cp11xrY8+93ALiMxibD9kdla4EDA1KJdSm0=,1556,0.1269822641447004,8.445267451844648,0.188091143594153,16.0,742.0,0.4657683294275192
junyi,learner_based,0,arhLfqJ8pA8XhguBiyIZKbrXTISqxBnAQeYVkKBtcWQ=,9006,0.0404057309226727,10.341677965256997,0.0528115624092654,17.0,2596.0,0.496257155438133
junyi,learner_based,0,awqH6F/TgV0QhF46PtnHP7eSsTSHSXMKIO4KqJaMn04=,1538,0.0808124064488435,8.587092318795905,0.3185972766274948,16.0,691.0,0.6387096774193548
junyi,learner_based,0,ayCRiWa4X48etGB2T5tDIRCcIozUEOmIWHNctm20hns=,2163,0.0833379306619055,9.025696119812585,0.3012149645134127,19.0,966.0,0.5358130183463181
junyi,learner_based,0,b/krXJBZm0PjanxrV1ad3wJ+cirOA0/+gywkvvJRQ9U=,1346,0.0957078811277346,8.47782846789396,0.3252184769038702,25.0,675.0,0.4963068274667451
junyi,learner_based,0,b1IGwey9JYxxOGjLTGRvkWIsfmIlerNqghEc8OtDB8o=,1692,0.08985127643605,8.709630081951286,0.4166666666666666,22.0,662.0,0.6174061226875042
junyi,learner_based,0,b6cw1Qxc9pcHLkL8JmxW99AJEkZtsztt9ZvSboO7usA=,3253,0.0985266789267182,9.160519676992228,0.2184379270471985,20.0,1336.0,0.411651420317766
junyi,learner_based,0,b7WGHdUuPzaL2tTyUSSu5MoQ7LGDoLlHwTV8M3SDbvo=,2880,0.0769967289641499,9.002454823050954,0.3557005663629647,16.0,966.0,0.5247423732272217
junyi,learner_based,0,b9R/xne951+T/j1JI1MBUYj5GedaqnaVkFFXo7wZ+qo=,1715,0.0779025783387634,8.580355766373877,0.3215023474178403,16.0,600.0,0.5920265780730897
junyi,learner_based,0,bGhEHzDDpgeN/wftiCCViepN+b6lTXEnxj1/8DxWeZ4=,205,0.1377429968881898,5.8664680569332965,0.5965909090909092,20.0,32.0,0.4354838709677419
junyi,learner_based,0,bL9LCeyWY9s37YHGGaajw9y6AvwkTvCxHwEL9prznXk=,2920,0.100110024123848,9.2237500588861,0.3096506808762581,17.0,1329.0,0.7081935123042506
junyi,learner_based,0,bPD7y6gQ2IeTfXrQunq8OXXx5LY2zIsQ8wfSBApCHTc=,2157,0.0951731764073718,8.823353485113792,0.5067746686303387,23.0,522.0,0.3589496731421355
junyi,learner_based,0,bSU4MMcM8YSzI9yAlKY0lW+EtDZDkSak/+wCG1Ncz4I=,3345,0.0738885993036331,9.411728991487363,0.1278822567457073,17.0,1580.0,0.3612426472876661
junyi,learner_based,0,bUte1ZRGCV1S/2YX8o4VgvRd3uaJ383rAiQfhpHmtos=,1455,0.1085986876220176,8.296546520300614,0.2080319281616363,18.0,652.0,0.382032667876588
junyi,learner_based,0,bY13RsIM2Xlj/qRBujFNedeCeDFFNKV1YUp+1kTLfAA=,2202,0.1027941769572629,8.888618807300878,0.2087472406181015,18.0,1098.0,0.5374464078986837
junyi,learner_based,0,bZml5gkJWB1WJFn9WFcAJB4dwFXSFI3h0uK0BwtBHzg=,3025,0.0918582645575862,9.254261559034113,0.3147970903522205,16.0,1114.0,0.6
junyi,learner_based,0,bcVaSTFMr4RK9JPKGqEq+y6uMvBtTET8i7vhnwCQTpA=,4289,0.12787922679697,9.595738817934032,0.2443371199238146,41.0,1647.0,0.3028798411122145
junyi,learner_based,0,bd5nps07t0OtRxZxiwM39yi9o6qmxUkuW5g46/PKjeo=,1380,0.0581127789694869,8.660254034256889,0.5532246879334257,22.0,417.0,0.5665313212522017
junyi,learner_based,0,bdWR70qmnAJIvbK4o/p60bDY5QbnX2vaRkVdg1s1DZk=,2724,0.1065028240109647,9.19573421958682,0.3038360056829714,18.0,1000.0,0.4067934437487946
junyi,learner_based,0,bhUhhAGCaQV/N1qvnzhpjaD7P2mfdt3aqOl/ctA5Ozg=,4235,0.0938398401700718,9.518633568332074,0.3578986039676708,16.0,1539.0,0.2489478756421639
junyi,learner_based,0,bhl5niycEORGZd9uw9vrbmuxJKvPUJT7TabweC0W77M=,906,0.0698100166029356,8.034631032923107,0.3179902755267423,38.0,360.0,0.6057233704292527
junyi,learner_based,0,biaxP2zII7NP2ksFgn8KMiJxA30RhydZ7oiHmr4Lh5Y=,1184,0.1074212704583801,8.37216741936598,0.517113783533765,25.0,285.0,0.3526654153802975
junyi,learner_based,0,bjqNyUe/0l0x5+ie8inJrNliiPty2kvg7F/29KIioKA=,1123,0.0929107021105841,8.154212694914229,0.2516537244751222,18.0,419.0,0.7
junyi,learner_based,0,blcaSZRDQfHg6i4RKYRvO7/D6wVIL6rGsyTJtdOElCg=,2820,0.07639884536967,9.038483865029992,0.4223277909738717,16.0,575.0,0.5185715801761647
junyi,learner_based,0,bm+PA9RRRt5EzYn5/rlVo0Sg77oozAjc+46VbJhE7YU=,426,0.1050411561807888,7.519692404116539,0.4747693977211069,18.0,175.0,0.5010238907849829
junyi,learner_based,0,btutOdU/ny9Ykgd+Tc9xiiMu9JaIcbX/87A/I7MsM2g=,3180,0.102165982436459,9.32892308780313,0.268520163439332,18.0,1287.0,0.6680674494570495
junyi,learner_based,0,bvkyLDFZEq5/4jgDQtgO6S3rJ/DK7yhcVrja6HVlNh8=,949,0.0757958307934412,8.351610750626559,0.5455618508026441,34.0,346.0,0.6415105192656213
junyi,learner_based,0,bx+6BdRWpHzjw2lzHZq06pywvvL/Q1TL+gEZL5lhy7Y=,565,0.1192352070613245,7.444248649496705,0.3469865418373318,20.0,177.0,0.5986316989737742
junyi,learner_based,0,byiS/4MopQNKQw1o5SVSsCfg28hMqNPubipGt4A19bo=,2571,0.0806335306605769,9.064389316491878,0.1865524823515797,16.0,1213.0,0.8252267106347898
junyi,learner_based,0,c0t5AkrKR7NWKeq1VVONr8Y04yJwdRPn/Qil5esGVUQ=,896,0.0846110011085069,7.960672608388117,0.4712041884816754,26.0,203.0,0.5027777777777778
junyi,learner_based,0,c7CnB6hlM9deJD6GjunUMpgXQlPcGIKfVuzCTGSGiQ0=,6811,0.0783998439354556,10.130463749870517,0.1284319585574815,18.0,2583.0,0.3146382501402131
junyi,learner_based,0,cBtlUtwXdy5gGdRnRrsdXfZKfxJcjOb/Y+VJG/VOzVg=,3082,0.0846050988487224,9.261318616740812,0.4488690363048849,19.0,1124.0,0.3816150728284725
junyi,learner_based,0,cINypIteJpgvnBnuBcPhQ0QhSdf0LxpMPHuxN3Ibuyw=,3442,0.0748496567067419,9.448569560708432,0.2618015604066515,16.0,1344.0,0.3967391304347826
junyi,learner_based,0,cNDFZsIE6ShplieFXQVimwas6pEjjQ6TXTMZSV/ROT8=,1556,0.1107106203318676,8.5956346177228,0.3046051414832624,15.0,701.0,0.5658682634730539
junyi,learner_based,0,cWGivrZDSwN5LiL2G27HYCmyOuUeAhMIchLIraXiV8Q=,2260,0.0940109346078428,9.06681636189014,0.1744400831216809,16.0,1331.0,0.3865422965757678
junyi,learner_based,0,cYcQzu2bjsSMNeaAw4lWpDUGdH8SsNow/a+k3vVor3E=,544,0.1022457902196466,7.750614732770409,0.4151593453919036,6.0,233.0,0.5160914581535807
junyi,learner_based,0,cYgMGBbf7LdGQPgpluIyEfy/nofh1pO0STOjHrLThpc=,2692,0.0876676172701666,9.122928914965213,0.3954376773630211,18.0,1001.0,0.5358312467916146
junyi,learner_based,0,cdFXA6IT4q2KUZxKXFD21+IYBmdKr9+64dIZOPfosfI=,2099,0.0829584212649148,8.796338932845732,0.2160689968225148,17.0,953.0,0.6330049261083743
junyi,learner_based,0,ceoIhM1kD63Q6PhxJlFTGX+RwSnXuJ3WTOTYhESoQ1k=,372,0.0946198264437337,6.993932975223189,0.4003673094582185,16.0,154.0,0.6653696498054474
junyi,learner_based,0,clP2+ai8jg0m7J92YX2RrRzXyBa4jLyja5WruzDuOZ0=,3605,0.1077710373133379,9.405578154036684,0.3422459893048128,34.0,1150.0,0.38
junyi,learner_based,0,cqTW0IXOg+J6y+Yk63csOn2IHYY4+Nqos2a87VHy6SI=,3388,0.0900538920368801,9.311722986264783,0.3696005783480932,16.0,1006.0,0.3381526627990353
junyi,learner_based,0,csvTOQUIhu2MK2FXPlq40vS4Zt3CTRXxG7dBI/MqOck=,854,0.1280110615896676,7.830425617820331,0.4019880715705766,28.0,311.0,0.2950819672131147
junyi,learner_based,0,culKseV+Zke/kfH2elK1UcG13PktwOLaw0bde5RD89Y=,2082,0.0961096562359278,8.820551743253025,0.229951262738148,22.0,887.0,0.4892395982783357
junyi,learner_based,0,cv9POISG2CRsF6NgWLZALS9+KTAB25ASQhvveqRLYtM=,1969,0.062244841393789,8.661120360222881,0.3618569201455049,33.0,584.0,0.5338289962825279
junyi,learner_based,0,cvjFCVBHPMRGgHN646n278rct/tKIPgmtYIu9XsyGe0=,4907,0.1010025712445648,9.696586376767783,0.4302933398929955,27.0,1347.0,0.4524838012958963
junyi,learner_based,0,cvnGl+iUiKphfjbPcE0G7/HRE/Q51L3w0x0WhVLy1cs=,6599,0.073699161586463,10.154479706670076,0.1065551449134409,18.0,2847.0,0.3739130434782609
junyi,learner_based,0,cvrpe2HqRWypDZTWd3ry5QCy4XdRg67y3MIeZlRYaes=,3468,0.0741720425293726,9.492356422801336,0.3144753715018481,19.0,1319.0,0.5818639798488665
junyi,learner_based,0,czwYNtatxXTkGd58zAmjHhwFS0+fjoCGpWJdrG2FPJ0=,436,0.109744649995631,7.660585461703256,0.358152686145146,27.0,203.0,0.8663648445362742
junyi,learner_based,0,d0epea1fc69jCEDP+o1Ko8TO9UcNtQ4nH4RpOz+toyc=,2341,0.0898840241120242,8.936824154997302,0.4209834341309493,26.0,721.0,0.3070866141732283
junyi,learner_based,0,d78kpes0fgN20aS/f8XWcwktKDL/e+vtWguyMOrdHbw=,161,0.1181001187018726,6.09807428216624,0.5427927927927928,20.0,49.0,0.6865986808600495
junyi,learner_based,0,d7EhDMIrDeTrwHOcqUhYpiwc4yQMwmZ/8RjcPpojXzc=,4091,0.0919106976654762,9.54072267395999,0.360859565904844,16.0,1228.0,0.3919136878814298
junyi,learner_based,0,d96gb3CJNJAs06rSg/7oI0q50Y7vxIOB8A4ubdHQADU=,3418,0.1113672878979032,9.198166571044474,0.3282040898967402,44.0,969.0,0.4048030977096721
junyi,learner_based,0,dAipsKstQKUN4VipBEuqm9rBlREJoKyays23NuZ4B/A=,1866,0.1000442385557731,8.927844826211702,0.4599363226319979,20.0,643.0,0.2894535342951559
junyi,learner_based,0,dEdTB/d9fVuyj1/b7hO9H4lL6XcWJW155+5nwHCyE7w=,1165,0.0806823495695519,8.315321775377567,0.3850673194614443,19.0,375.0,0.6911764705882353
junyi,learner_based,0,dGA1T79oC75XYzF8EiB4E1U7CLpCVSbLgAFnglV2nBE=,2450,0.0890738261369418,8.98054977794018,0.320286936823559,16.0,884.0,0.632571362962882
junyi,learner_based,0,dIoqlJEhZ/uEUpnudTQ+Ve8Uw1oiqSMobNqXb2YQfcs=,4948,0.116934871653783,9.646787217693076,0.2784564669381423,16.0,1875.0,0.3817405232247731
junyi,learner_based,0,dL+vpyv8mp2L14ZNIt1k9tpwdFydZoov6EvnXSW4Dt4=,1904,0.079636066808647,8.913550280493675,0.4144798815771767,31.0,752.0,0.5361663652802894
junyi,learner_based,0,dLeQgciAmkIfymykUY3PBW2cDqWQVx64R7tMT+FpJP0=,2271,0.1238946162536576,8.922391597295857,0.324796585300787,25.0,1014.0,0.3172804532577903
junyi,learner_based,0,dU4LbugoGp4U2bvHZqTvZ0EcB6yr4pC96uqyprkEapY=,2562,0.0682869774349772,9.068776807654396,0.1079617467450166,16.0,1184.0,0.4357366771159874
junyi,learner_based,0,dU4bHGG5iITHkO+/yRQ8EBgimx3ScCs8/Ibrz7QE52c=,1535,0.0601903489557268,8.46884293047519,0.2744068864161243,16.0,594.0,0.6666666666666666
junyi,learner_based,0,dVKfHzCsi1dOBhd343bsUNF4dowsiANnvRBkWqToitg=,10041,0.0448624823031322,10.451608961045816,0.0719963004711118,15.0,3610.0,0.5176151761517616
junyi,learner_based,0,dXvYZmfaKMbF66x3mpE4pJ0jkJN4QiDScmpt91rwZ24=,575,0.0886709196023319,7.672292455628756,0.5542617605961807,11.0,195.0,0.5696051057040287
junyi,learner_based,0,daGwNLwnh35rFVqjg4maa1tVsx+wdDt7V9HggGCDZXI=,2522,0.1060303259444475,9.079092085366227,0.4203443950279393,18.0,937.0,0.76
junyi,learner_based,0,dbfungJHCNq5u7rIZjs2wCd9hgFrRs2MXbTqu1obyVY=,3320,0.0853015559444944,9.376193736062833,0.1652122341777514,16.0,1488.0,0.49800796812749
junyi,learner_based,0,dfeeBaa8zDhWS6nu7zeXKwLyi4zqEajI3tJM9/fSBPM=,1701,0.0897448526617076,8.758412389457677,0.3622505107653623,16.0,810.0,0.7594260927594261
junyi,learner_based,0,dp0m1kS6Bygoksx9S/gkBqTcWPoglbf1HT3Ma3U3N8U=,12888,0.0379807922066353,10.686932371076852,0.0482194659539961,19.0,5436.0,0.487012987012987
junyi,learner_based,0,dp78n2nBF0mjm5oRY8h60W1V3QuUhYHp7Q+b48XB8e0=,3202,0.1028654275447197,9.313528529772352,0.5132599675266101,16.0,1000.0,0.6431101598387843
junyi,learner_based,0,e/+cIBGmDAZDgbD/6i/zllBplAiM5B1squ96zM4BIj4=,2650,0.0703661589718089,9.005527777346696,0.0932858721001596,34.0,1101.0,0.3519736842105263
junyi,learner_based,0,e/HgpRlVCZ9F+F9KuwVWxa3jJn/JuKPnbZbr77xwptM=,3055,0.1053254121237734,9.251482315307358,0.3155773106824071,16.0,1155.0,0.2889554794520548
junyi,learner_based,0,e0+hFijqTJTOfBIL9insE6M7fh8UL201r+EDBi9M2Vw=,3524,0.0857111469364939,9.45977525724446,0.3389962593516209,35.0,1513.0,0.474342634524644
junyi,learner_based,0,e1sAMu3IIfTozHcol7SwsRlLOnca0S9V3KN3/RFthmE=,515,0.1016097712520401,7.461640392208575,0.2599194939620471,7.0,183.0,0.3939393939393939
junyi,learner_based,0,e306CwdsI1GgMiiFdPRKSbcLGcEFSciChFTFXHPyGrk=,4801,0.0726188853923506,9.541512875502493,0.3199281867145421,18.0,1295.0,0.4586894586894587
junyi,learner_based,0,e85vrrhrWUiVrvUMsLtqjwCVVgejgRneTUUL2gr0GJ0=,1222,0.0550658566276687,8.264620829411216,0.1297965490600051,12.0,566.0,0.6023166023166023
junyi,learner_based,0,eCi043NcnwGh9pN73yoZOB0rftEOHoYCpIkcigyKXhA=,4200,0.0671842994683954,9.660396363412222,0.4669387234585219,17.0,1224.0,0.4583753784056508
junyi,learner_based,0,eHoVband54HgDCiLdmwxL2LOmHeZyfACsh/KtEbRFUU=,3266,0.0887217601269041,9.365890072717148,0.3216914911830166,14.0,1367.0,0.4371407180755834
junyi,learner_based,0,eIXu+dbL2Ej0/ZO+/PYSUzo1dTaTEqy1S2TGCSUlLAA=,911,0.0775036178815508,7.881182202227102,0.4867724867724867,21.0,221.0,0.6895780051150895
junyi,learner_based,0,eJs/Pql/Xui+9mjL0q4CwHI/r+w6Bn3tTCt0i6r4xrg=,4744,0.0869755168420083,9.705524299752216,0.6226001097092704,22.0,1193.0,0.3928571428571428
junyi,learner_based,0,eLblaDUmtz3c7uZgJ8pgtSnq7nnc+tke1g8HqUw1F5E=,1450,0.1018294150876844,8.313607139317558,0.4389406571848946,20.0,370.0,0.5962644757704838
junyi,learner_based,0,eRdS2Lfw8wCLAeMb0UNbMsFEJ7BUXHLFDmkwPctkCOM=,3705,0.0874089349848036,9.3888212293842,0.388354388019744,17.0,1182.0,0.5904872389791184
junyi,learner_based,0,eTxJnM9Mi8xeXIVDEEXgbm2AcOlh2CKQJVDx80DnkoQ=,4471,0.1002441832589102,9.744784861340808,0.1840717299578058,20.0,1872.0,0.4062972054380664
junyi,learner_based,0,eVnUwCnYPCD+UvlFn/2t7HsPe+up0G0F8cznv/+R/a4=,268,0.1004756506977241,6.093569770045136,0.6244343891402715,16.0,41.0,0.338150289017341
junyi,learner_based,0,eWpRAHAhJCaRg5/Ef0tTx92nWIJcHJaMTwQqvukQeoI=,2532,0.1110192517816908,9.009691898489343,0.4715804913824716,16.0,764.0,0.3904382470119522
junyi,learner_based,0,eckDRfpc73OUXcSW4vV+4Y6JZaIfSERP9bUZIrNtLyM=,8121,0.0872120819362003,10.285137995878252,0.2520738743044413,20.0,2548.0,0.3895131086142322
junyi,learner_based,0,eclQFpzMm/3m7MGgQaYOOPnvun/s4IcQzDok5QphMys=,1732,0.0847726924130886,8.715059959545654,0.4447726899720992,16.0,676.0,0.5534495830174374
junyi,learner_based,0,eddO7Y62aSxN4O6q6+UZ1oFT7Ev3tJqJn8H7Lz664kk=,4302,0.0753778696678464,9.735483016336966,0.4017508576836626,21.0,1258.0,0.3398736318242757
junyi,learner_based,0,eeZVLiOU7OQMzmiBBpfdNeiopHtz9V4xk1B4/c7f4ok=,3956,0.0686903431761117,9.554213724077709,0.186981493299298,21.0,1575.0,0.3672230652503793
junyi,learner_based,0,eem9dUXJyUw0k1eqjFlnFp52CjkEsGsRMN5hIg7AxIg=,3721,0.093760081070048,9.456966047437597,0.3301813066583307,19.0,1257.0,0.4037587253808028
junyi,learner_based,0,eikXAycSEzx70lQOTATgR6AnubI9JwebkOTZkdgOJFY=,1248,0.1107154637007997,8.576405051048084,0.3648190045248869,20.0,609.0,0.6984717035521818
junyi,learner_based,0,endJFI8hIB5+/JKX/XXr4VxWd1uNY3g1YPqPBExHwik=,1081,0.1114837043607653,8.167919362957816,0.3004255319148936,9.0,356.0,0.4535315985130111
junyi,learner_based,0,evRRGINVvP8D982nKYCUr6xI3QP2Mx+Fvu2ZIrKNajM=,2513,0.0901692637236447,9.001592700945706,0.188909426987061,16.0,1061.0,0.6401673640167364
junyi,learner_based,0,evnrvQPPTPutwKufIKh7K4UMK3E+lB2zHUzaKFdprEw=,2071,0.0733668992807616,8.835064935031076,0.3331877729257642,16.0,726.0,0.617090306646827
junyi,learner_based,0,f0wLgPqiGPfmX/CF5qxgNmuoQj/9Z6CKss1Oi6P61I0=,2613,0.0722140664234044,9.165343006045449,0.507793702270112,16.0,685.0,0.8157539789587267
junyi,learner_based,0,f50Nnagzc0knPQZr++FGzNdqmAk4E7Gw0ePgQ75hs5U=,515,0.075925483786076,7.334981878871814,0.4960835509138381,18.0,109.0,0.6002431118314424
junyi,learner_based,0,f7095rj+E71WXpZHXMkEExF0RcHXLX3GBHaoIK6/1GM=,651,0.0843281541506083,7.775695749915245,0.5157496850062999,20.0,212.0,0.2937062937062937
junyi,learner_based,0,fBA/dR3/vn5rjFVbPKC9asCyTQ2ieY/iBYb1sqWO2oc=,1008,0.0939700207248004,7.982757702011113,0.304540798907477,17.0,456.0,0.5217391304347826
junyi,learner_based,0,fC9kCqQqWNfROUPdgfDgMz44LI9SzI6Ka00bolSA2/I=,137,0.1255120552369277,6.0473721790462776,0.4928909952606635,30.0,48.0,0.6161713624083365
junyi,learner_based,0,fD8zM1ZR2ONSCf1qFOxRewRZWPyivWHdZKlbbOaK+tY=,1972,0.0852086446748604,8.790725628263576,0.3285149117468046,26.0,658.0,0.62
junyi,learner_based,0,fE04LEEwnBo+HjQx10Ikc5iW8dGBbjfZuxqEt31yeaA=,1935,0.0770664377383483,8.707317560273212,0.5358914985114125,20.0,384.0,0.8608840283774564
junyi,learner_based,0,fIGjoMn51hw+f/+MS3QOlQbp677TV1G/gVDzckNAxoo=,847,0.0905328951380188,8.058643712215618,0.2867088607594936,7.0,346.0,0.3839235156123605
junyi,learner_based,0,fJV+/6UaR4fnZLzM81X+1r4Ma1REep5Q0Rj30zM6z+Y=,1531,0.0702771286143733,8.446985296372741,0.1967811158798282,21.0,650.0,0.4528676718914516
junyi,learner_based,0,fO1unC+JwTokAOIH14ps0gxCtaiEW5C6RtdsHir5PQM=,5253,0.0972841737812107,9.85665796517933,0.1904736952420875,16.0,2459.0,0.2756610599129425
junyi,learner_based,0,fQhyLDlrnXbdAwvY10TcCRGj/lBUTeJdB3hXeJPOUVg=,748,0.0971617716200211,7.680637427560936,0.2166281755196305,16.0,349.0,0.5608695652173913
junyi,learner_based,0,fQzyhskPyJuzy8T0ZlA3yA5RZmMkumMtkKG/vC1KStg=,1522,0.0594628680786228,8.756682421266532,0.1095717884130982,24.0,1035.0,0.5921007256807005
junyi,learner_based,0,fS8PvECka4NC8sJQey0IIfKeZ2dwZQsrj2/lhKun3tE=,2388,0.0881523492506594,9.038958755220564,0.4730531813865147,17.0,780.0,0.8526418480118492
junyi,learner_based,0,fbuOkTzKc7bABIGPJvp/bTmmesQeECfkMWrERS9NDEo=,5947,0.0976490524392471,9.903637541287251,0.3256174382561744,20.0,2160.0,0.2820949113692439
junyi,learner_based,0,fdLm1viqYUbXjdbyioDM4zseCsyOlX3y5HIHd8fPJXM=,1801,0.0845175954259348,8.712430973476739,0.2358071416817508,17.0,890.0,0.5154130702836005
junyi,learner_based,0,fggka57OX3QL3I441EmW3Bn5qGYLMEDYYAJ0whO/BoY=,2655,0.0833102363693175,9.121399862679535,0.2975513773502405,22.0,937.0,0.3484202075544702
junyi,learner_based,0,finh11g4fr3tjeY0F7m5HvkDtQGrF8e5Q6ZNMX1YLo4=,2195,0.1026735365450178,9.035034150076132,0.2875700154927899,17.0,984.0,0.3875077688004972
junyi,learner_based,0,fjWWAOup4/22H9FJ4JGCOoAlKuzlTKJEBvhYtRhNkEQ=,2610,0.0754670689674629,9.201299627324032,0.3480674134625088,16.0,1039.0,0.7415254237288136
junyi,learner_based,0,fkYHSXvk0VmYunyFLG74H16A4P9WX6Cx2MMKpQcvVNQ=,780,0.1119674617675348,7.844240718141811,0.4227450980392156,20.0,224.0,0.5305569132307238
junyi,learner_based,0,flzEj3Mnu3HFWNtkqEhaKk3L6u5aBJRuGGTTmNC1DR4=,777,0.0900335940562351,7.801391320291485,0.2165370446172738,17.0,416.0,0.4937419076391886
junyi,learner_based,0,foBtKUAK/HUSjhHco0WST9c68Or3TrbKMN75i6FJUZ0=,3703,0.0777752735515462,9.498447354141044,0.1751387014544909,17.0,1637.0,0.4565341597988314
junyi,learner_based,0,fpz98Db0LX6xbMc9XXMAqpnq17WoOxhJwylsP0dj24c=,700,0.0731394836200135,7.59337419312129,0.4934475806451612,20.0,157.0,0.8735318263915495
junyi,learner_based,0,fr4VFr4dtAr75FBvGg+x8bts4takOr5RoTMItlyF9Os=,2311,0.0637716094184262,9.115040192121858,0.3585258525852585,16.0,737.0,0.4831920903954802
junyi,learner_based,0,fuM14IacAZTrOR0wL7pjHs3d+dmNJ7EMH4s6iLNNg7A=,2347,0.0840967424471021,9.021115038865434,0.1832024169184289,16.0,1047.0,0.6903409090909091
junyi,learner_based,0,fuX7RkEntlLtpkaxdMcV4FEBp/WuIaHudOHBjIQN/p0=,4168,0.0940967157430367,9.5682245844549,0.1766186547336037,26.0,1874.0,0.4551474825485189
junyi,learner_based,0,fvFMso7Q63rng+f8fs9HliWNJ06dvmCvI89pP3g8AZI=,3428,0.0770673723532758,9.383957488139991,0.3187894073139975,18.0,1080.0,0.4760479041916167
junyi,learner_based,0,fvlbr1+0Yu4YTF5vqxIlsxlVUtlAFE/LxIaxKOaLs7g=,487,0.0759839815577302,7.488293515159428,0.4115341545352743,20.0,194.0,0.6840778097982709
junyi,learner_based,0,fw1/GoseFhHX1yH+qmBYplRxoAishYQPUm39HhXVIgg=,1539,0.0977712554410535,8.38662882139512,0.4485981308411215,38.0,468.0,0.4367816091954023
junyi,learner_based,0,fwR0w0LLlf3OriHwW2vIK3RiKD8gRLRfHC1T6kQhG0g=,5308,0.0726811528976476,9.869672204041397,0.0909278990379641,16.0,2202.0,0.481999716338418
junyi,learner_based,0,fyie57S6DAxJ8etfXPWAJOuVbzuyyPpqcr9iLyfgd9Q=,862,0.0995534398266721,7.914617709040679,0.5292397660818713,20.0,231.0,0.9000892925544817
junyi,learner_based,0,g+QrAwIOrKpsjGfixPcsV8mYJ11PnKrFOt+JL386CZk=,112,0.1326369006585862,6.173786103901937,0.4175365344467641,16.0,45.0,0.4715189873417721
junyi,learner_based,0,g0WmMRm3uq6z030S8hInLOY7xb091Cos25Bu/Slg38c=,3063,0.0953474639946247,9.232982102457008,0.2911615174032068,22.0,1369.0,0.3718470441550133
junyi,learner_based,0,gBWgPAdRB7ghGaR1wXxs0jogZW6obH9cO2hmBu/pUx8=,2513,0.1120089161347996,8.960596138864794,0.3258441391706252,23.0,825.0,0.3515981735159817
junyi,learner_based,0,gCO8NpEiiKGbe1pbysbDipvP7hdI2LxjDVnbMOCvG5c=,261,0.1610130944299972,6.588926477533519,0.6336088154269972,20.0,40.0,0.6241438101194199
junyi,learner_based,0,gKJglt665bOi+yhFGI4R+H8qLidcbQP+hBH8wGvpE5U=,1790,0.0565644425303576,8.676757761087575,0.3746589358799455,16.0,688.0,0.7619899480364596
junyi,learner_based,0,gLNrtr7TN1errHKhgFmRSO60rwODerk6A7qT19Ickjk=,1663,0.0681158335508708,8.497194544909547,0.4942857142857143,20.0,323.0,0.9025897293058353
junyi,learner_based,0,gNyTSOhVPx7BtUSsEdgCgV4rbwDOKngaJWFrYB0EinM=,5306,0.0887690635868079,9.820649274227124,0.3228855451138031,18.0,1883.0,0.5259259259259259
junyi,learner_based,0,gOX2LgERQWRqT9yOkaWwpJsbIezSaFgRg27NSNXzrjs=,932,0.1008975239862316,7.920446505142607,0.2743459302325581,21.0,303.0,0.493787085250666
junyi,learner_based,0,gQVxGCahF6+39K3glaRceVrND6A90VnDLSaj2NrTuis=,1243,0.0847285116947018,8.639233817325263,0.55842776203966,15.0,317.0,0.5472997970223276
junyi,learner_based,0,gSDtDzDGj+MoqbXAwGHHzEBublk819NIIfipz6BUSYU=,1552,0.0781867636617311,8.685753832960154,0.1762717593375021,18.0,853.0,0.486810551558753
junyi,learner_based,0,gSZ5U+vksIZG+pfqEZn3wjseV96vuSRacNjODO1cDzg=,1267,0.08075286695791,8.488176242345745,0.4575782537067545,10.0,419.0,0.5225069360017457
junyi,learner_based,0,gTX47i+8MQYHcDkBirEicZc7nqG0hNf/20GgU2oQK0o=,3135,0.0805218812969455,9.321076413570848,0.4492390331244404,16.0,1011.0,0.75
junyi,learner_based,0,gcjxOprL7KFz1ynxk5l082bo6LLo4evKHqo2m2BFC1M=,1906,0.0643765921826627,8.90136656405678,0.2205421604686009,25.0,921.0,0.5652968036529681
junyi,learner_based,0,gpzB0k8E8rfNWqMLhPK2MTqX0O3neWD2M7U3NuU1SJ8=,3469,0.11654116361893,9.589187682180055,0.243889079082506,20.0,1779.0,0.38860103626943
junyi,learner_based,0,gr4NKrj+oJ0DWsF5eptZqQQ7ksEfY5k4NLv8FQdDDk4=,1903,0.0990840169477325,8.758569510991506,0.2207730986800754,16.0,767.0,0.4747474747474747
junyi,learner_based,0,gvez7GFXUbuQl27U5+p/4QwFZZyXP2QFYQdoor8ZkeE=,3884,0.0765029770165324,9.501142571764207,0.5779123672797966,16.0,848.0,0.6730164489598451
junyi,learner_based,0,gwyAKrDd3r/aPElAq/97BWk1H4+bsSURhZI+O3WDwFY=,6357,0.0843506248417901,10.076810408866384,0.1599394550958627,16.0,2670.0,0.375
junyi,learner_based,0,gxF+eTDkLaixhj4c0E7naTGKsyFVNl3v7wtMLMdGzmk=,4773,0.0766908734468651,9.706803344906335,0.3270026783540297,17.0,1348.0,0.4153542007164909
junyi,learner_based,0,gzgoMDT5Pa6CgqZlMw9xlIcFUgfnwEJrNt4xbeDbolg=,715,0.1005776344427279,7.692569648067906,0.4399817434961205,20.0,218.0,0.2672292545710267
junyi,learner_based,0,h+NYyIV/YL/gV0WjaGT5tfnqaubKmWS6ytdWBeSLFjc=,1338,0.0740927304955608,8.481773246184977,0.5537823834196891,39.0,357.0,0.7262569832402235
junyi,learner_based,0,h3/qpdMuhf5rZwqcHX//oZtCPV6xOKgXZyeHSGnWAsA=,2232,0.0806380277048916,8.909640602443098,0.4169143474736557,18.0,741.0,0.56873087398488
junyi,learner_based,0,h327f3+M2F6lvbXTOgg35VC4pac6YD68c7hjS2DPPiA=,3108,0.0890180765911265,9.257223957875032,0.284569138276553,18.0,1059.0,0.483640081799591
junyi,learner_based,0,h6xIB8Vz3g7+BOulVtddhzDp6mlqvqglH70sh8SfyOA=,2252,0.1060141873799039,8.893572718629306,0.1982427237781439,16.0,1032.0,0.4606523752811963
junyi,learner_based,0,h8yV7uoM6hu2grzOG5Weh+0M055I9znunaEikiEHXjo=,170,0.1317364725558197,6.192362489474872,0.3073770491803278,10.0,71.0,0.3877060439560439
junyi,learner_based,0,hJYgCgsL44C0NlZ4PZX9Lr7Q8Kn9Nm/Dpy8IrP+4NLg=,467,0.1372081857549557,7.198931240688173,0.5527299925205684,16.0,102.0,0.2989690721649484
junyi,learner_based,0,hLFiBikqhFsQw0px/iUFWmJ/TvnIlZpv95bRtR7baZM=,2282,0.0711561544446517,8.88447171813916,0.3588251593239124,16.0,692.0,0.5457213411935995
junyi,learner_based,0,hM/DzgBix1bzNDgmr/jYhmedDNVA5asQwkdEK+kkGhM=,2055,0.0761965080225554,8.857372832825773,0.4076868327402135,17.0,588.0,0.6755695208169678
junyi,learner_based,0,hORfMtOHyiNudQ4hjk2xrUaL/uU+G9Tn6ElVFNXh3Cc=,1196,0.1030518202797157,8.516593011344206,0.5420336269015212,34.0,440.0,0.5712896866393098
junyi,learner_based,0,hRDwfL0PL5rN6c4l8N3LjeJYcHhYCuoF4aRrclMweXQ=,196,0.1095509757192767,6.361302477572996,0.5397923875432526,20.0,39.0,0.6649633591452847
junyi,learner_based,0,hScxSa3r/rGqY02BOToHgUyoK0KVvHibLaeNeTgQjSo=,2462,0.0776179901601869,9.015419779605711,0.1720952843947496,19.0,1129.0,0.5991658319229043
junyi,learner_based,0,hT3lzAgSbDmKyrgoiN9ijCKlXj0jcr8pmOTmiJ5sNw0=,2154,0.0715838144762491,8.904222737368716,0.2224938875305623,21.0,907.0,0.6810260476415413
junyi,learner_based,0,hUzEsTi50WTbf2tmbhGIyPzIujolDgn1RHd2PkkB1Z4=,4517,0.0645394435876418,9.657970572245024,0.2625119846596356,16.0,1779.0,0.3842482100238663
junyi,learner_based,0,hVo+IVNVaOniJLhdg54xFL60xgc41GXeHG1PKtkgsVQ=,1128,0.0849925229418362,8.254008590564844,0.1944299843831337,22.0,491.0,0.3121639784946236
junyi,learner_based,0,hWfAiJgEzK9NSh1jxPBGRiCGV+lYwQ/qoXFxJbFyoWM=,9892,0.0661268062050519,10.448076718454924,0.1015749630188241,20.0,3661.0,0.3355542095699576
junyi,learner_based,0,hXLFyKcgM/LJH6GBAg7frMZ28ciYsmqvCYcIYJySago=,4630,0.1216633331111066,9.748236267264836,0.2694037259825965,16.0,1871.0,0.4967320261437908
junyi,learner_based,0,hc6X3OiDLxt7O0VfZXJN1yzHnMLWAZSp1TefeEUe4WE=,306,0.1400382629979182,6.9930151229329605,0.4494485294117647,16.0,132.0,0.4338383838383838
junyi,learner_based,0,hcs3eyiRWQEO5Wybd6BiQ6pRx7ervvVydr76Z320vPI=,4856,0.0352794921172927,9.726989009044962,0.1551035017598282,16.0,1621.0,0.4348452123830094
junyi,learner_based,0,hv7kHCAIdj7thZUmlqz553leG5bFNYgzXmLfB5m4Xvw=,24763,0.0710028810481879,11.37169594623149,0.0722693140461602,18.0,9783.0,0.3837837837837838
junyi,learner_based,0,hxF+GCZ2kFjuoHOUVj0a6Jn9NbRfydExscjLa0cvxuw=,1725,0.0796679610851477,8.536211197252,0.5242394504416095,16.0,495.0,0.4409171075837742
junyi,learner_based,0,i+WBqYjpHnnT036NunBEGVrujLPLey7WKD8K0OXapNM=,462,0.1412041415641834,7.089243155027514,0.4257095158597662,14.0,102.0,0.5105633802816901
junyi,learner_based,0,i0Z53FafHddw11FFfQ85WbBa2vs7zK8iD9q9iYEPjJk=,714,0.1060486112249081,7.649692623711514,0.2739399714149595,16.0,310.0,0.5401662049861495
junyi,learner_based,0,i2BVfTp485wM+aQN1OTMKJr+SQDTDi5fuNDk9dp360g=,4621,0.0737059417917753,9.77588142793098,0.3627222632505823,21.0,1613.0,0.547402249598286
junyi,learner_based,0,i5SUcTqeYRtx49V8b84jSxOrV47WyyCXa+/7pE6/6Gg=,1306,0.0834349329365135,8.509161019718974,0.4825569671304698,10.0,371.0,0.5782057303898543
junyi,learner_based,0,i63OzZpTkqfe5ND+D9DAeVXqzKrB/7OasjU2PnkdHfs=,2571,0.0790158124863,9.250810304529896,0.5184402612370342,16.0,897.0,0.4576194845947934
junyi,learner_based,0,iAFFh5WxTvC6zEJUtsSsegEoTFnYeh2RUigKn9BT1Gk=,1606,0.0705970507080331,8.4767877767812,0.3228494063736721,17.0,537.0,0.5789473684210527
junyi,learner_based,0,iCI6VPG9JvYhgJi7cBepbWJUtUoFgOO/HrhSwkumLO8=,2757,0.0783166249657957,9.194820560318146,0.5364144235652615,26.0,766.0,0.5467667436489607
junyi,learner_based,0,iEdGYWnwFWEsG4gsq/lsZjkmGc8datVNwuwSAAe7H34=,1067,0.0748093070160342,8.295548516225763,0.4474406991260924,24.0,337.0,0.2682926829268293
junyi,learner_based,0,iFMkY4C4t4FONMCI2C5VBOIfCIFNLYTG+TmcgGayb4o=,2568,0.1087463801092761,9.071308163280625,0.2593954717848523,23.0,985.0,0.2926829268292683
junyi,learner_based,0,iIqjl5Plm+22qIYnLpUSTdXHOLdlpgnHEQmBHrjOlg4=,5105,0.0943285506317185,9.844745532512365,0.1291759465478842,17.0,2240.0,0.4
junyi,learner_based,0,iJ+Rpf5Qnw63bObvZLfXRBU4Hmi06Io+lXRGV9hsFgg=,8492,0.0914540290455252,10.353607301184724,0.2134272689598011,18.0,2863.0,0.3807053941908713
junyi,learner_based,0,iKBGBnqxGTmSoOTXh8qB9HAkv4qV2ARDqyViICmf4+0=,192,0.0930962475637594,6.317164686747284,0.5985533453887883,28.0,46.0,0.6111111111111112
junyi,learner_based,0,iKqRsPP+BOjViedwcscCuCE15B3XONt/be89lKXW16o=,3774,0.0941101224943955,9.543736453508645,0.3989681857265692,17.0,1207.0,0.6003835122812178
junyi,learner_based,0,iO9aRlOBQNV0rwx+0/2SRlANvc87xhKd9Yff43mfDzk=,2064,0.1097391713726471,9.068892008391808,0.3526497695852534,25.0,999.0,0.487237656475406
junyi,learner_based,0,iPMbi8I6lhB14oTgTNaTq8Fg7KeXWxFb5P1reKC9UXA=,3867,0.0681866893374038,9.55591392284374,0.1138245912083244,20.0,1777.0,0.3671497584541063
junyi,learner_based,0,iTEZw73MY3n+LoNon1FUuwEW5jHj4CQXGnFo5CaVYEM=,1996,0.0825292230275775,8.923591197573002,0.2748467892352785,17.0,955.0,0.5392160030878743
junyi,learner_based,0,iWYmMDS9CSVGUTFmETeO+1hSj89Z4w5RGwP5H9Zv3SQ=,5584,0.0840360302258587,9.89998141320684,0.1760750664860254,16.0,2398.0,0.5387491502379333
junyi,learner_based,0,iXwCZxKEZeb4dyC2NYB/rHZE/rYeCXcZ3kTdfe7CQBo=,108,0.1735988537332526,6.274762021241939,0.6905660377358491,20.0,38.0,0.8425871234494979
junyi,learner_based,0,ierVgp9Aw3orfAmQMe77mB+wYdaV6fK6Vy3vmvs6Ods=,2790,0.0733711272184353,9.2393164802127,0.3371223161371806,14.0,912.0,0.7044817927170869
junyi,learner_based,0,igyppz1W8cwmEp4KYuI4wd36zojXrAzg1FjgEb9oaW0=,474,0.0842009136131041,6.937314081223682,0.4878522837706511,20.0,93.0,0.8024439918533605
junyi,learner_based,0,iifaTxiiTf4efLofMvQKfjMIGBdh4KuZsWv1TYIQd90=,2197,0.0721779691261435,8.985445287623167,0.2473387601753287,18.0,1107.0,0.6166666666666667
junyi,learner_based,0,ijROzdzfwoCAQ7dUtgyeqG2vgtGgvKQWu/6tpajqTSE=,2158,0.0854844733713621,8.906799883589944,0.1915729575938219,21.0,969.0,0.3573959255978742
junyi,learner_based,0,ilh8SwN/N/lynhTK/mWSvb3nDr7ZGvWV7rsU0BaOkCI=,3280,0.0923914197768459,9.497397249034046,0.4489642749924947,16.0,1155.0,0.5601219421656334
junyi,learner_based,0,ip5uBacJ1fPhAi+v1Uymms6Ie5bRJCPNau3ZoyRwiKo=,1662,0.1086026348204998,8.713746330456916,0.2366474938373048,20.0,650.0,0.2855345911949685
junyi,learner_based,0,ipXsIHrPnClNy40wiQznLM085tMhWMAbi1z/IrBVUTY=,637,0.102213244750698,7.3938782901077555,0.435076923076923,19.0,150.0,0.44
junyi,learner_based,0,ivLOrT65HjJtF7QBiRvIhYtKFl/heB3qqODrXEZytx4=,4337,0.0950187283452339,9.679280936368654,0.4433112251282692,16.0,1405.0,0.4886178560852828
junyi,learner_based,0,ivMwj8BftiUhzy+S92MtpdbXyuTfab9H8lSFFi2azt4=,1106,0.0747326236794185,8.480321716640333,0.4844333748443338,17.0,488.0,0.6044226229901715
junyi,learner_based,0,j2uSJf7xN0mQaRzYSSw2m4wLtSoEwxf4iDdQ9Vc/uMo=,3783,0.0993849918233467,9.468078568054892,0.2596800370971481,16.0,1680.0,0.3
junyi,learner_based,0,j4rGpwpqhLE9foelXD2yjokS0u3QR+ULhNqLGeF/4sk=,3381,0.097152499107964,9.311903687385623,0.241778099024214,16.0,1164.0,0.6271456133435678
junyi,learner_based,0,j8b2h08zIbWHp6sKBsI0qaQuiA3vUGMjaYZFFE/gQ3I=,4556,0.0679697632077015,9.642187721358466,0.5078571428571428,16.0,1212.0,0.6491803970902568
junyi,learner_based,0,jE1Pn6eb/odIa2Xtuki0YOh7gk0BCjq9q2oE+AJb1QQ=,138,0.127313505831188,5.886104031450156,0.4206128133704735,6.0,42.0,0.4465909090909091
junyi,learner_based,0,jImuGvSym6odgRoYw7vgkq4HUbmJ1tDW9fq6bo/yN5s=,14685,0.0536664383439617,10.815770263012745,0.1010662864716158,23.0,5742.0,0.4852941176470588
junyi,learner_based,0,jR9KA6+gQp1chfbQvsqofqZLlOO69LPd3Xq3L4LQ67g=,3118,0.111036708826382,9.160834952072344,0.3303909205548549,21.0,983.0,0.3361256964206982
junyi,learner_based,0,jXZ8uCJJ9uMd1vX/0Uyac0KK34c6zOc1OVgU0mDONk8=,2507,0.0775529339056615,9.090430075303626,0.0817454053444581,16.0,1183.0,0.2842105263157894
junyi,learner_based,0,jYvdVag77CDUNkiDwDLBvSrc4nd+nxa7z/rWC6Iomhs=,2987,0.1050038335612277,9.21453157659465,0.405736480430236,16.0,1119.0,0.5563823697767601
junyi,learner_based,0,jZvYpEa6VB/WrlKKmQHnfbv/xJ4OypBzq0epVcn500Q=,1653,0.096679862099601,8.865170419651774,0.2977401129943503,17.0,868.0,0.8209843366093366
junyi,learner_based,0,jfGwrPbDKlpdxGG+g8gs5jmPWCFHmc2bC6ZxGBvFsSQ=,1382,0.0765160322378021,8.39638057119949,0.5390519187358916,31.0,356.0,0.3213568559954102
junyi,learner_based,0,jkqCQc81VUibgQkhHl//+5PRaSA68Wd3CxUPvlOv+Yo=,4692,0.0955346869288896,9.677652883410428,0.3942090749561293,44.0,1403.0,0.3074884718966907
junyi,learner_based,0,jm3AQrDCqr+tJAABNEyhQdSZUH7EWmfIZxEkfBTU9cs=,2481,0.0835785485063827,9.022322622637349,0.2467109233554616,19.0,1194.0,0.7
junyi,learner_based,0,jpb1rgDXjbe7vvSvZzIoPtn6mVIKPxauQ1QVTvzkAdw=,4269,0.084931253998578,9.587886000086211,0.4688057040998217,16.0,1084.0,0.8005321869352868
junyi,learner_based,0,jvSzlPLRjqqstMszjfw2Y1+0IOmVTo8P8l/rpJzPgNU=,6737,0.0952438943152198,10.116297899710544,0.1286072265782879,20.0,2901.0,0.3387670614634476
junyi,learner_based,0,jw8OL6LfnyWsdxIIZhy1YgMUrD3jub8kSMulJZffG6U=,1558,0.1125363602252308,8.695004592732307,0.2710984594775619,23.0,797.0,0.7980925270140926
junyi,learner_based,0,jyV3TtfAbZjDOzo8nkyM/0J0ZhwbB6Q2w53P4VyYpRw=,507,0.0961822754091765,7.179307969504034,0.2951945080091533,17.0,211.0,0.6816976127320955
junyi,learner_based,0,jyf7N5ZnreskNIwFO3N9eFFPPK78T8maCsrCNfiOZB8=,1193,0.0786789670923829,8.479906606630221,0.50062292358804,20.0,306.0,0.7925255669833142
junyi,learner_based,0,jyw4UBYsVqQ8IeYXUywTKN8TEZjJgYNuhb6JBTBoidg=,2700,0.0974123483478885,9.111072370317514,0.2253147779986746,25.0,1210.0,0.3480294511378848
junyi,learner_based,0,jzZTTPgsrcp5fCBd4ZAAgShAZ0EC+8/YuLGSwXDOZQY=,3413,0.0852243173065211,9.156728602527531,0.3858816081038303,18.0,878.0,0.3728813559322034
junyi,learner_based,0,jzyFMCUW6ZcfKY1QjrGkroMDhsSaehgk/yAfsIi7Yqs=,1161,0.0888894309019421,8.35772841676521,0.3641482871891131,38.0,490.0,0.8845360279335519
junyi,learner_based,0,k+LswM25FPuxm5I13Ggn5uKhScLlWro6/Jb5yYOOkr0=,410,0.1270639254007397,6.735780014242327,0.633769322235434,30.0,61.0,0.4724371373307544
junyi,learner_based,0,k/WG4+UUn0rR7m2BM4xFg4shKIzlpibdawNjVqpvgDQ=,1514,0.0721653122823965,8.532278828834277,0.3511330049261083,34.0,722.0,0.5577689243027888
junyi,learner_based,0,k5VfVp+TcBvjO9/385mNNyTz67w310S9kBWAB4uteVY=,1622,0.0987280085545065,8.69483715865908,0.3441634567074192,22.0,667.0,0.6855983772819473
junyi,learner_based,0,k6o2d0xz4rByHpI/HCNDEzH7t4ljNEj+6pzh7K20XGo=,1660,0.0871294104011662,8.814181823188319,0.3587990487514862,16.0,784.0,0.5149815019709709
junyi,learner_based,0,k8mqp+KZGRgdlEg/caQhZBQLHh9jgIXK+aTtrCuSd0s=,3471,0.0849129403145778,9.3492323708428,0.097571590216729,16.0,1646.0,0.3628318584070796
junyi,learner_based,0,kBDWVopBTf1uxLDC3CrtmEvqBhzA5QU7MWkqP8yKrOo=,578,0.1632552673447245,7.554858521040676,0.50130958617077,16.0,221.0,0.5150572831423895
junyi,learner_based,0,kGRuB0J+2WBQOkAU2so3cirN6g3c0kJ9Enwcux8MS6s=,1138,0.0461991518782533,7.884199933676039,0.6492087415222305,13.0,169.0,0.5705532871496077
junyi,learner_based,0,kJ9ialLv458/tGGlXsoE+EFFBTIP9v7uOOmvamStQsc=,2587,0.0848141326826421,8.994916943677111,0.2973576479344995,16.0,838.0,0.3571428571428571
junyi,learner_based,0,kMuoC+eQQa4BoXGIOrWnpGSbT1PXLpzzyQcXgGIK8Us=,3826,0.1216932798741152,9.44943600950432,0.3554330708661417,28.0,1326.0,0.2850354417806673
junyi,learner_based,0,kNUnYkzBPHsIi2kTqCFtR7iMGyx2yZD/KZHuu839hcY=,1488,0.1307974642553236,8.671286726753637,0.5733882030178327,16.0,436.0,0.621199204319409
junyi,learner_based,0,kSGW7jiMb919zyekSOS3O3twBsFg+jh/QoZTlNlm2xU=,2117,0.0850160451554004,8.99230873254815,0.5842039800995025,17.0,618.0,0.8795379537953796
junyi,learner_based,0,kWC7tp+Ms6zrg+kHdqOvEhUdKpT4PZOSEDZvFE9v2sE=,4447,0.0870792027340863,9.72859830755947,0.1610482430017867,17.0,1977.0,0.4124449512425291
junyi,learner_based,0,kX+5omUWpBnZq80iSxuIAlsvxdHI68joYz6itRBOCss=,1001,0.1037168539893049,8.291797105048733,0.4298245614035088,27.0,446.0,0.3536708424601905
junyi,learner_based,0,kaswy5Iwfp5d3/3ST/V5AU2yqxKhaFF+OP11w7VeMK4=,1826,0.0678510563774493,8.684570300824369,0.2971235194585448,16.0,722.0,0.82850562962355
junyi,learner_based,0,khOJBYjD96rDUWMEwdvjKMsGVcKds/Lpjh1KbkxeROY=,624,0.077041513310411,7.586803535162581,0.4023338406900051,34.0,197.0,0.5152354570637119
junyi,learner_based,0,kvCAt3kZ/mwV1jD2HyUqAQX8S4PUPR33jaGc4hW10Mc=,2511,0.0932886597764582,9.028338763993148,0.1490101979604079,20.0,1126.0,0.3728813559322034
junyi,learner_based,0,kwPXscWGwlFEBMGbV9JSoj7leEOLPiJpZS/s3V6oeQU=,2951,0.0848664331319087,9.348710041240954,0.3701994252373073,31.0,1379.0,0.5503067484662577
junyi,learner_based,0,l1rjnoyfJCnZv8AJ4YiaXNG3b/Qrtstg83+T9K4A4pU=,2614,0.068438083028197,9.166283985779264,0.449623745819398,16.0,899.0,0.7656576882845189
junyi,learner_based,0,l2/vcuhsUZHwmURWCt7xK+5y11xqlvCniAXvZvbs7sM=,937,0.0617477702177671,8.339739766019143,0.3349259436215958,16.0,464.0,0.5447524487348614
junyi,learner_based,0,l2qnFsTkIC5rtckJOSRUU9Fa26UjskhobzBBg0ZOQsM=,2352,0.1003489921963932,9.177197153382927,0.2899824253075571,31.0,1207.0,0.548469387755102
junyi,learner_based,0,l7fGttjjxs8ynzph3AhoxlkG4uEEruwjbHkglePaIfs=,4033,0.0888538262406177,9.614804979750764,0.2861051788574479,16.0,1714.0,0.4483584738243123
junyi,learner_based,0,lCiErLu25B5SZD4PvpfL2mNLrI6Vr/iDlsYeTdU8poM=,1111,0.0850752236298097,8.11701408773731,0.4692537313432836,16.0,295.0,0.6039659407237596
junyi,learner_based,0,lFLZ4isn2Tcu3H1DyFd4lxgmyJw8//GeWJHAYAvGHfo=,4354,0.0888834810249129,9.607302767592598,0.5540613232920926,16.0,903.0,0.514118350533729
junyi,learner_based,0,lG8uYsrQADh32pvOcrvytT25qo4UpZUGkrybb4ycFEs=,1628,0.1001773757278846,8.62998601889136,0.3423874195854182,23.0,489.0,0.6295356269975559
junyi,learner_based,0,lGdUXi9NMg3ytnL5if7DOcNgJB6AkWtmNPc+PBbKHi4=,1633,0.0666367245697749,8.70334075304372,0.242444370640983,12.0,778.0,0.6432178657530769
junyi,learner_based,0,lJHhoRHd3ZUe74e2337gW8J09hUfhPdaYcz7qmJYkh8=,1881,0.0880672755744753,8.785692444451245,0.2696130906866493,16.0,775.0,0.6703641456582633
junyi,learner_based,0,lJJFjKGiHUDF22MOGnPT/xBTwl4UiGfkYJkNbbJ3VHk=,2744,0.0780294223283974,9.169830828637972,0.2908769006456988,18.0,1232.0,0.7365683833387789
junyi,learner_based,0,lJa8pFWndfotoKPXOGmjPMwYR4olU7viRy2gAKzJb20=,674,0.0900852828609925,8.024862150286411,0.4572831423895254,30.0,272.0,0.9142532651902328
junyi,learner_based,0,lKGYmPAYQXCknHyHodD2wxXC+5G/OxKIiDH3GgLI+cQ=,538,0.1203190795523305,7.478169694159785,0.5282805429864253,18.0,120.0,0.5922755296599916
junyi,learner_based,0,lNrVQ1xnsnsWvtrLukPSOek8Go6yuhzXiDuwKdSMa58=,3417,0.0504247826796089,9.302372457422676,0.567545379914257,20.0,828.0,0.5101882899148826
junyi,learner_based,0,lPKM8YFzXEcDQuekpp3DK5DdL1KlQ2T0z5lDPWaESgw=,3151,0.0644073660433131,9.249657234353132,0.5635576923076924,20.0,668.0,0.6318177232903643
junyi,learner_based,0,lPqS7vvN6keLg+WxwQ7LhK/W2VR9OLpakcefYcleLn4=,470,0.1172060854495205,7.290974778142981,0.2482946793997271,20.0,203.0,0.5781278163476247
junyi,learner_based,0,lQnOj9Px/nPNqlSWfF0N5CkTn+EMnwvOowom5ryaouI=,2476,0.0936006228462078,8.980172205725008,0.4055142893113433,17.0,881.0,0.5524710568903274
junyi,learner_based,0,lZL4UoNcmffkQ/nM3VYvBC7BAwD1OPmiOb5c3tmIm5s=,1908,0.115877932174799,8.863474306170954,0.3705432937181664,16.0,758.0,0.5882352941176471
junyi,learner_based,0,le4ffPTWLIzeU2EmO67iM9vRZBEaCA8vRvTMP0oxlbc=,660,0.0947969760971538,7.949444420250626,0.4684080480056477,16.0,286.0,0.6930091185410334
junyi,learner_based,0,lfFL8LesAlY1wX0+sveN0vu8YZEg5bKCXUOGCLqRxuM=,3459,0.0811317357869808,9.166910814048848,0.2344892416962607,17.0,1066.0,0.4769008621419739
junyi,learner_based,0,lfxdvwc+7PbngDWWYaBtEc92MvARW6XNfkdoU1e97sU=,2887,0.0886399504694098,9.10719961305667,0.1759618582991462,16.0,1183.0,0.4656011118832522
junyi,learner_based,0,lvobiTtwUsd1ylmrciW7NzJnmmcqFC1J9PmoZ6R8xK0=,15760,0.0781549320500674,10.877820751804151,0.1598882744824202,22.0,5494.0,0.4893617021276595
junyi,learner_based,0,lzRhsRBch0NUNxYhlfhKKF53dO6Eymsb/GPNZG010+w=,2127,0.0700087758796101,8.649448770536708,0.2984577637574482,20.0,528.0,0.4210526315789473
junyi,learner_based,0,lzijoqcCBafidRGCkuAcau0Fyc+z+574LY9rAn0Qnng=,3887,0.0836131678773644,9.370331108285123,0.1718084199761377,24.0,1384.0,0.232404205772352
junyi,learner_based,0,m/JWFlWTObOlrpPo0GSe5ZY8bBRPfH9U/ZsdbbyIa5w=,2261,0.0816442804186152,8.9082888855571,0.3310335497835498,20.0,827.0,0.6751607404787718
junyi,learner_based,0,m05vYiRhzb0tIGStVVCNMqTKMCT4UT7bf0UdiR5d0+4=,1685,0.0977690159301729,8.628018746505122,0.1824529991047448,16.0,817.0,0.6690391459074733
junyi,learner_based,0,m6DnlS38gmb+QFf7102iqmQim9m7dKlTfZ7bPLN+Ato=,1537,0.0813379035456737,8.420682291035394,0.2804582507160167,20.0,538.0,0.4659090909090909
junyi,learner_based,0,m7rxdmifsJ8HxB91x1USFvW7op/ZusrvlAjq/FAmRE8=,2020,0.1205657114207947,8.785845337961213,0.4831804281345565,20.0,765.0,0.4
junyi,learner_based,0,mE6rCLdazwHjJQ+97f8SLUFEAFoZSGD+UnwBvtxU/iQ=,924,0.0909555780648927,7.926241523170962,0.5191473988439306,37.0,207.0,0.6196010467997439
junyi,learner_based,0,mFkhx+OuLeG7T+2eWVBNjiY7HoTkp4O2/nAXxxunQAs=,2224,0.0897720562304175,8.814479000010714,0.2781575037147102,25.0,758.0,0.7475936791236943
junyi,learner_based,0,mGErDb7klind1UmQITMFJDTDg1J+fQPigCXo35M5VOY=,625,0.0910704253643751,7.48605261786314,0.3417508417508418,17.0,283.0,0.5577901430842607
junyi,learner_based,0,mGoRYD5V/cXy8XsqCcXYWPBKSKknFWuZrWhbNZhQmqw=,5116,0.095922096119611,9.769384568012647,0.3546800846246212,24.0,1620.0,0.3157894736842105
junyi,learner_based,0,mHse/SVLKP809e4vXn9ZgxFQrJC336ILZZsA3RoIfTY=,1199,0.0695543914374657,8.502688505213357,0.3541708950679927,16.0,489.0,0.6217228464419475
junyi,learner_based,0,mMl55exzvbIy5f5RyY0tmq7WvK5KPLjw/i63OE+diLU=,6406,0.0853078191318641,10.02309115218196,0.3682342502218279,21.0,2279.0,0.3248607906475926
junyi,learner_based,0,mN1tllkKVTTojQYca9a9pFVaS70PFjtGTTiXHZVFwRg=,5301,0.0901417149414607,9.879194859967084,0.1846406065884522,18.0,2413.0,0.411865864144454
junyi,learner_based,0,mWLymE1Nkn97ABCS6bLlR35/Hk/RnkkXXFmQaVMAFTQ=,3204,0.0606351704691326,9.306559229716726,0.2735034971387047,16.0,1171.0,0.7116751269035533
junyi,learner_based,0,mYFtDundRAjeRWK4Vb1dJh4pkXy95xGx/aLmxgXDmEo=,1281,0.0810924728577673,8.39660622842712,0.2049198826450011,17.0,564.0,0.6157158234660925
junyi,learner_based,0,mbCGZ4XkKUbunQ2A7O9/djzj6vkRQiGHwH6GFZrffFA=,243,0.1440343558175082,6.90875477931522,0.4459999999999999,20.0,101.0,0.6034700689890696
junyi,learner_based,0,mf5PUtZaZKgrMrWPXCK8shRWejWlf18QjoDp60P8GxA=,2988,0.0646518663836111,9.334149657702469,0.3569850667137934,18.0,1063.0,0.6078757626178591
junyi,learner_based,0,mpK6ZQnWafdhjIV2XTI5WAMwImQ0bbZHwxY0A4y+kGc=,625,0.0804993851393461,7.436617265234227,0.4410377358490566,27.0,139.0,0.40728431640092
junyi,learner_based,0,mrG4s2qdh44vRQsx7/T2OnjSJj8UzM23ODdwSHYMNFQ=,115,0.170436518088631,5.187385805840755,0.4438202247191011,9.0,20.0,0.5340575228081026
junyi,learner_based,0,mt2EzJAE8X1OCXSqE0GMxBB8NsLY8xtig4aYFKSmrhQ=,2459,0.08549792642526,9.079434102128385,0.2775877792977655,16.0,930.0,0.5570463279008366
junyi,learner_based,0,mzSnT1CgsdPVx0yFebyrR837l1a+t4MBMugTwpmRQ7g=,1990,0.0607603032385284,8.818482267274236,0.1006363770904247,16.0,1015.0,0.6502135738016137
junyi,learner_based,0,n+b0VzjA7b3kgqw8iXzwX0yTpYwNRczONSV0z2jNGtg=,3555,0.0709098155090242,9.50383054471094,0.2534675615212528,23.0,1452.0,0.722670800766531
junyi,learner_based,0,n/Gg32Tsd7+amD+EE0JzXjRaDJSjJNN6mu0t7j1Pd4E=,52,0.1339604665453617,4.927253685157205,0.2043795620437956,17.0,18.0,0.7788746298124383
junyi,learner_based,0,n0+5yVdX/Q8BcTmvBKZUbUq6T5X8LDLWkAv/FLIuEfg=,877,0.0773429773618364,8.087640287778983,0.1813710421149708,22.0,453.0,0.3548387096774194
junyi,learner_based,0,n2hbC2W/fEWt1TwlS/Wwq8yLpJAllQM79eSfMWQzi3Y=,5162,0.0711226691744488,9.73849497786395,0.1651825204930117,18.0,2135.0,0.3744007670182167
junyi,learner_based,0,n7S5SGJpFgGcbGt//qTyiHxZTrIcQXIl+L/ECKOYAnc=,816,0.1065154188933472,7.847371836159788,0.2451133698201719,23.0,300.0,0.3130558300395257
junyi,learner_based,0,n8ucjLV4S1bWVucNLlgs5dy/AR5sQChHBqJVIzBH6MQ=,251,0.1432508653794151,6.658011045870748,0.3624678663239075,12.0,76.0,0.2517155919372789
junyi,learner_based,0,nBtFGzjZtlpB0wyz3JkA25mI5JiF+hdWJNzJUiMw1V8=,9475,0.0787840676663497,10.347211372761382,0.3804100227790432,36.0,2714.0,0.30495401957876
junyi,learner_based,0,nBwPY4ITPn4irJXI7w5Vv522X8MdSZdwqehjg03kgBE=,619,0.1063862782760082,7.552237287560802,0.5168067226890756,20.0,162.0,0.3362100143116853
junyi,learner_based,0,nDwmEHmpKe7ktc7gphnloA5Qcjt2UFcu89G8HJ/EyoQ=,293,0.0888896843183264,6.582025138892826,0.4687933425797503,20.0,87.0,0.6326253953908721
junyi,learner_based,0,nIRTW5M2QjZ1cODlW4o+MNq2bGC6ItQeSqrFiDwCAOo=,2053,0.098723107643146,8.925853190420922,0.2190615445965705,17.0,848.0,0.5092436974789916
junyi,learner_based,0,nLHQ1qJlj3kW0aZ1DY+O6yD5N474TKSw+L1lDDMnnOA=,320,0.1508643563836813,6.07993319509559,0.3669724770642202,9.0,54.0,0.4126200436984468
junyi,learner_based,0,nPsED61TTD7PvRSGYJUPEHBUKdezjtZUIvu4i8tBFdY=,3467,0.1129284836754808,9.420925394042996,0.2816981284938832,22.0,1461.0,0.3656850961538461
junyi,learner_based,0,nSqkMbcuNaqkzvd89qwGhLvqOM1liLIgDjmIgS4Hgj8=,3051,0.1073198210947418,9.219696466900208,0.3328049142970375,23.0,975.0,0.3564593301435406
junyi,learner_based,0,nXCivRFCQRQbeb8yBFJJjoMht7oLbOOKEknNyNG78BQ=,1189,0.0891457529451864,8.077136638538454,0.4681578129853991,25.0,305.0,0.4210526315789473
junyi,learner_based,0,ncpSV/Tw2uD3d5TPnUjjXA+mqgn81thyxj8FxznUxZY=,1156,0.0400100370521003,8.130647968160584,0.5709658421672557,29.0,270.0,0.7419295254333618
junyi,learner_based,0,nds7oVk2a6yC/6tk1sTPm75v/0ZPkvrJ00WGmYRciOI=,6240,0.0993981310394771,9.948365311314214,0.4085193861452407,20.0,1808.0,0.30859375
junyi,learner_based,0,nfZPn3ykTjw2O2jNya5/2VUvwyQ9m/3VqGzZ0Fg3t7I=,3287,0.1223260209945112,9.386811515091962,0.2836784307150641,16.0,1291.0,0.2053959965187119
junyi,learner_based,0,nqzgl42VGCsfvLZy5eYGwqYuXblo5zIhTfjUMt6Kv7Y=,1116,0.0864446711689767,8.041412909393047,0.3905344494526722,19.0,301.0,0.6088042825820172
junyi,learner_based,0,nuGqWNM24fHhFJ8DYewgXdy+p5eVZB+a+wblwZNPbEg=,373,0.1510774889816068,7.145196134997171,0.4617205998421467,16.0,140.0,0.3068181818181818
junyi,learner_based,0,o/aHMWaMdC0+kGRlcK7UV02bbJaIcaE/j2nbSkgupxw=,5357,0.0846164868760346,9.81961669349898,0.3125611745513866,27.0,1847.0,0.2674418604651162
junyi,learner_based,0,o/g95+OW/vglmMGwH72w/A/K5Gc6TB/BDAHowBQDjGQ=,2990,0.0641658685179458,9.11140362411616,0.1180302528431047,16.0,1271.0,0.4473462510530749
junyi,learner_based,0,o1lc2Mdlj6h+qx5O9IDt1qELkyQ3pKHvHsS6bojkdW4=,2581,0.101506206855403,9.155144736508232,0.2418093426336927,16.0,1236.0,0.5219034296251186
junyi,learner_based,0,o2v8hx0EmFclMvX5SlXFoeynGuxWWbcFjk7H1MUqkjw=,4695,0.0784739185763369,9.697754062731514,0.1781941031941032,16.0,2016.0,0.502186340866506
junyi,learner_based,0,o4eu7F3IQOZHR4xqfRGGCivSLHoG7zs88hxWfdfL40o=,2225,0.0896424380821709,8.717354666338522,0.2475847388243,36.0,722.0,0.3625498007968127
junyi,learner_based,0,oA2Mmn3NImJPql4w+/mtQhYJopaJDLagBcvQ7o7Ej9s=,1659,0.0606143326229669,8.650149418664864,0.4950963222416812,35.0,587.0,0.6794996513325162
junyi,learner_based,0,oAoQyh9NT0lXlshN6sYYNSMTizpgCVqITEKcEthrDZU=,6097,0.0785396135408643,10.012969563153126,0.1439519562586833,38.0,2488.0,0.3235294117647059
junyi,learner_based,0,oNIM1eH6FUaiqw9ZJSkRfnJ3jbGUx8QoWBTNq/mmB5E=,2410,0.0852214840329658,9.135401285311689,0.5316373827746039,46.0,713.0,0.6418070993187522
junyi,learner_based,0,oNW2oJaLDT1nfBVzmLcalNj1Z3lWGmnvRSEytScLsTs=,2091,0.0657000561213162,8.983314293397749,0.2072038152610441,17.0,944.0,0.5873072974704091
junyi,learner_based,0,oPPWA1w9EpOYPS5U8pdx8YhZuOIKVaGZ1BRRHEOr48M=,1371,0.1017744354934266,8.541690663016626,0.4397813780987702,17.0,439.0,0.3415747432483834
junyi,learner_based,0,oVxTuTeb3r2r9kzjJBtC875rvwJ9k4YjqpmptbNVwaI=,1090,0.093579873135057,8.114025442356757,0.4583832335329341,40.0,277.0,0.6366656607209983
junyi,learner_based,0,oWKS08nkkpc5pzxpe0m0RJpXpA6GEKJ/ESJvXoAj8C4=,1067,0.0821835075093969,8.242493153187626,0.3815165876777251,16.0,454.0,0.6348848228403938
junyi,learner_based,0,oX4x/m50Ln6LFrVAAgXT4aeeS7iOsjP5iG3MDVO35is=,659,0.1059356782930212,7.933438387627489,0.494261119081779,17.0,198.0,0.7256608892776182
junyi,learner_based,0,oYKp7Fq1ukhFHHrs/iNZHU4cV3PMvwqg0wFiSqvJ8jg=,2228,0.0620543244595788,8.882252884889363,0.358233823937795,17.0,664.0,0.5638409874302847
junyi,learner_based,0,oZX4t0FNoXmrwFyk77fGdpfqmvX+3PIIn7CYXH/6CY0=,2190,0.0846821059477111,9.028938392241612,0.1767386091127097,16.0,1228.0,0.8201160463886352
junyi,learner_based,0,oaQZ7IRVxNjjdG2iOLuZGC+k6uqpCbfHg7RHgPlR7gI=,863,0.1079566859503126,8.075271546297458,0.3401805166511049,9.0,348.0,0.4022099447513812
junyi,learner_based,0,odIwFdIiecFwVUAEEV40K3MSuCSlIZkbq92Zp9tkZq8=,758,0.0771956143306081,7.980023592310645,0.2865457035261897,20.0,410.0,0.8205980066445183
junyi,learner_based,0,odpQo0xwxNj77x4vDVOFe0SsN91+KI8cS8ytWOMB02Q=,1684,0.0650610928810832,8.60300384782935,0.5423168716724802,16.0,327.0,0.7263017356475301
junyi,learner_based,0,ofj2YfPcmy8LgkDZmnVRSjxKny4tFQmum9uEfub8URE=,1853,0.1094659266139481,8.761393485256058,0.4534628643058602,38.0,575.0,0.5765506588291398
junyi,learner_based,0,oggomtrz9eq2rWMdcZAh+i1WGKGz84PfStIZUsiqfCM=,2788,0.0708515445419174,9.017726025696795,0.6199830241299866,16.0,631.0,0.4620253164556962
junyi,learner_based,0,ojfqcZpAoKASWGHibpbgNTzBg9Dn19Gd7XxOA5TQ8l0=,2858,0.1099926240291209,9.307376334487778,0.2698311853330912,16.0,1436.0,0.5945079067002124
junyi,learner_based,0,olB2B7ueYn8YeM/OoPIbIX+bgetpmV3h25n3vXx9wkY=,3952,0.1035151000811929,9.598184471326944,0.6071792087941915,17.0,999.0,0.759453781512605
junyi,learner_based,0,oujB8OrUofV7wuIygS0fGGodg6zwhEMNdNDLD2bzHhY=,607,0.0727903818100985,8.124743020385568,0.6312203791469194,25.0,203.0,0.7579217493448992
junyi,learner_based,0,oybx9PFfxCN2VikUvZvMK8xe1nKfkPfqy06vVyZsKOQ=,386,0.0737224816117879,7.144407180321139,0.5939968404423381,16.0,55.0,0.7480252682947003
junyi,learner_based,0,p+V3ts2UBQGzYvv9/LDQ9GAAN0r830ex3/6G7l5Drtg=,2178,0.0533897253155325,8.968141414126814,0.4476299694189602,16.0,784.0,0.8360834950733299
junyi,learner_based,0,p3jpMnd9RbFnPh9KuKJwVlRfvp6F0p4ETps4sCI9dmA=,888,0.083129908201528,8.005367067316664,0.4168891855807743,19.0,222.0,0.3664609053497942
junyi,learner_based,0,pAUvW4XKSYhg1jlJZSgI+zcE64Vc1ZTK8rqKzNKk0+Q=,3286,0.0947210263524361,9.30054663986233,0.1878826647171707,23.0,1513.0,0.4082920234339792
junyi,learner_based,0,pCMaU32mbXzBUo97xzQ8N2IV9uQoBgqqdfOz6dcl9RM=,1051,0.0783202368287559,8.159374736775426,0.5155937052932761,39.0,332.0,0.5771305285868392
junyi,learner_based,0,pHm5o9NLjlO2lXB7CH2U80qF20rcHwHgxaIwnQiSd/c=,5639,0.0731229589563995,9.834512538032596,0.1648451730418944,55.0,2121.0,0.2768595041322314
junyi,learner_based,0,pHxumVVyXnSVT3+BWEh9DrffUG1ETbtem3Ea1tiDmt4=,4960,0.1058201722387644,9.71232704707497,0.3353713905200073,23.0,1602.0,0.4745042492917847
junyi,learner_based,0,pQ/2AQfwKgwmw2M2LVFo2N6j9s48R5T0saCeTKoyYm4=,764,0.1080603762944253,7.97522083865341,0.3976608187134502,18.0,319.0,0.6998158379373849
junyi,learner_based,0,pSJuXwvC2oTnrfqrMjAbRaAk0H97orogNflqY6S8fvg=,1405,0.0645846599785882,8.556413904569519,0.1325254856703211,19.0,799.0,0.686167989970748
junyi,learner_based,0,pcvV6WqrDJpbJUdIXVS/AhhfRlw8NPela28C22qPeX4=,1733,0.0875667066211756,8.6278397115033,0.2589541547277937,21.0,711.0,0.3699074836486443
junyi,learner_based,0,pdYh3TvKBK1LgOTy1Vc5GCkzssnNDhK3xSBLdsGpfLA=,2146,0.1117172599991458,8.863191340690854,0.3270591565242003,20.0,910.0,0.405595372653408
junyi,learner_based,0,pgZz2VlENmyB6DeW+lnVjNHeVQZDCenZM2Nc1RllQlI=,377,0.1061784141457365,7.358193752733032,0.399234693877551,16.0,159.0,0.3928312379110251
junyi,learner_based,0,piY6Rtl4scHsQEvP2kKvqjK8pOEnNJuHNijb/bxPCSw=,664,0.0727476715727384,7.804659297056102,0.1611587107303141,12.0,323.0,0.5402298850574713
junyi,learner_based,0,po7dH4OmeU04x3Ji/XOLOur74ArAEobOa+Ras1+UdNM=,4205,0.0869025303239133,9.634954298923107,0.4564065668127411,16.0,1407.0,0.496
junyi,learner_based,0,psOl97Npo5l16YVN2pmzdl20PaJ8JJBhPfoVVdDMiHc=,2640,0.0710631477159701,8.98619632032839,0.5960455512451508,22.0,589.0,0.6548165137614679
junyi,learner_based,0,ptoq0DfX5wthTe3dAIOp8nh+CYffpkOTH0Y5myecBVc=,2854,0.1221573681524251,9.078864009187797,0.282650849777575,16.0,1044.0,0.29973474801061
junyi,learner_based,0,q+qhddeoPj+932QSq5bGBAzgqT4XtW74phrSiM/jfw8=,577,0.0713410170900553,7.525639975041535,0.2313915857605177,25.0,272.0,0.4492891560517151
junyi,learner_based,0,q/zqlSFnHvaaDZQ3T0MieHABIKLc1BwReJRJu5dz5NY=,4322,0.0640308953604451,9.597166175865407,0.1319114250781143,16.0,1807.0,0.610593233488707
junyi,learner_based,0,q19yLKk/sVMh6RTyMr5ukD1q4LIeGdKKIiUsjpZAQL0=,4300,0.1340242348611896,9.667195436466644,0.2709943001899937,35.0,1659.0,0.3319337973977149
junyi,learner_based,0,q4u/j6i3QRAvoheOBrj6QY/8q1aVDXN5t2VqjgaFXq4=,2098,0.0887407769572906,8.867568333206442,0.5186698605044384,23.0,523.0,0.2980225988700565
junyi,learner_based,0,qAtLSVC787ORvbDSF5uaZalBGtpHCkGfy0rXm8xJD/I=,6262,0.1168523487607888,9.947504437952905,0.2530743097755873,16.0,2479.0,0.2344647519582245
junyi,learner_based,0,qAxhX2oiVk/7ZL78L/aygBfw+dbSxNbYUQKRY8byEUo=,789,0.0553561352165026,8.005700678662542,0.4487821154487821,16.0,251.0,0.5650568181818182
junyi,learner_based,0,qER34e/xF0nc6zZmlIGrL3knw6JHjbP6i3jC6rfCS8c=,2483,0.098185118124267,9.026898187513526,0.2201129400456566,16.0,1052.0,0.6343042071197411
junyi,learner_based,0,qFKdCNiWQCeUTbvGJqYeg6lzdzk69fUJmjb6efOtAUU=,344,0.112567038995452,7.1846291527173145,0.3998482549317147,21.0,135.0,0.7387309987365669
junyi,learner_based,0,qFkV0za7uPY3RmryLxsEk7Ein+05CaxcU9fXymqOGxk=,2232,0.0838165744825343,8.742414582525413,0.2820185244330885,18.0,738.0,0.5177504364878649
junyi,learner_based,0,qL32qjAo+JiSXztqNQlcTqRuI0e7ki0ohCVe1gkp4h8=,476,0.1081390859512221,7.22983877815125,0.5380710659898478,38.0,134.0,0.6853099730458221
junyi,learner_based,0,qNy9Nb6Srhtd8sHME31WQothbe0qdQQ7I4xK9F+2Ns0=,4034,0.0931149858045892,9.612198984490236,0.3134827701572432,16.0,1438.0,0.454627949183303
junyi,learner_based,0,qPHR8aBqOhKij9IS/Y8IR8prwWruoDBGU1tVUhXDJkE=,2295,0.0917509523603845,8.978912601074276,0.2894239253750157,23.0,895.0,0.3974137931034482
junyi,learner_based,0,qTFR2TIte0fD2b2N9J1h/QspauQCDlkyzaanvg5SsNc=,2669,0.0687999986300545,9.149740749847252,0.3902879608968228,20.0,1057.0,0.4484042553191489
junyi,learner_based,0,qVt6XIA/cWnMm3kFpC0sZTJ8ad+ZMuYKfkyeLB40vB8=,1821,0.0880974669261073,8.674196940225903,0.2785091468627115,24.0,678.0,0.3786407766990291
junyi,learner_based,0,qXZEcmfOOXDyc3HYJqoJL7PdSiHNmOpELzPkGSsYCHA=,345,0.1687836133915445,6.933423025730715,0.575609756097561,19.0,119.0,0.5
junyi,learner_based,0,qcfEcg7Gqh0+C5nzkKMPSK81u+zNhZqxVHwNdqlD234=,1557,0.0828290566175161,8.428799040653642,0.4578234265734265,16.0,376.0,0.3628389158501141
junyi,learner_based,0,qcohFOwrKFE+fSChJ/RVs1NVaSLbRVERMCuRWDV2qFA=,3272,0.0862073772342097,9.292933670280036,0.277255985267035,16.0,1213.0,0.3823529411764705
junyi,learner_based,0,qcuzdjxW5qVsEjL1f0auqwwjCQ27dwz0g7NpJaBDaIo=,1303,0.1217250678836956,8.386172928977834,0.340478905359179,16.0,438.0,0.6015037593984962
junyi,learner_based,0,qdz1OAuC9qg0p/4BrA4V1fBXexshZHZxt32IjY+UduM=,1388,0.0754936381970513,8.27410200229233,0.299234693877551,20.0,415.0,0.8445522628126667
junyi,learner_based,0,qkyb1eQM8HrW/1r3sz2c+00GK5edqo/fzRXXgF53eTI=,8010,0.113150482533817,10.207768596643277,0.1637282384184125,8.0,3045.0,0.2077178930219929
junyi,learner_based,0,qoREG2KBVgevjuwDNMApauSTJsLjeqqVEyXdOAB0xMc=,4458,0.0735761482655474,9.711721536914174,0.5240172027379005,28.0,1079.0,0.3882526782415958
junyi,learner_based,0,r+zxAQRiz0ZWhEixJ4ZiWlG2jDpl2qTa2mJ5ZnrVXA8=,2586,0.0837568091667975,9.057771773331575,0.369291705498602,16.0,914.0,0.8674535731756882
junyi,learner_based,0,r1jH4OmuwWzBhFJiyLJB86PdGFP0YNRbv30C7gX3qUE=,4737,0.115776639845374,9.740556773534106,0.317737758945386,16.0,1632.0,0.3004294837509314
junyi,learner_based,0,r7ofQ4mqaPd26iV4SuiFWV4Jw8cBhNsXgEHGJLxpZOQ=,762,0.1227466458463283,7.860956364876389,0.3270343231777863,20.0,344.0,0.3209459459459459
junyi,learner_based,0,r9uHkHNbfdzRkBW9Gogqi1vmxUXafa57W8BEsdMqCZs=,721,0.1121328537986612,7.965892735084528,0.4111111111111111,18.0,257.0,0.6467398304339738
junyi,learner_based,0,rBSjOGOOKyFbSw+SyepIiwE7qocz4HhQqfUy1F5HEhM=,722,0.101989106002323,7.600902459542082,0.4132066033016508,23.0,235.0,0.3986013986013986
junyi,learner_based,0,rND+3bhmprW4wpS3cauOBkPcR2VbI2H7RpDMRUVHcCU=,3314,0.0950970427702502,9.354007721788596,0.2118849618849618,22.0,1593.0,0.5813132454488387
junyi,learner_based,0,rQO212wsw18sbrh/TvMPK6d7BsxqTet330Yxso5NhKk=,3698,0.0995211718934389,9.455010553834672,0.2471223866572703,17.0,1423.0,0.7019704433497537
junyi,learner_based,0,rWyTBc21lUbZZOxzXwmYY6yQCzZdvnkrd7TYKnb2mkc=,2402,0.0900347141122878,9.139273923542325,0.3054869537206056,26.0,1155.0,0.5230263157894737
junyi,learner_based,0,raJS0zfRPS5NRtiba9q43gsUyH0PaPvhjSc192V9Rw4=,308,0.1208774632133253,6.814542897259958,0.5560439560439561,20.0,76.0,0.843446743659017
junyi,learner_based,0,raMY2KsWUz4cVl+qdETMESK2+5AfHY2XD1XwN7GugPI=,1450,0.1054365678960136,8.444837529224097,0.2574193548387097,16.0,775.0,0.5793371125070221
junyi,learner_based,0,rgBDC18nMxXbJVgqjaW3ZPSdMNCn8V3qFt6nhx2EolI=,697,0.0773913340383827,7.994294986415977,0.19136010799865,4.0,441.0,0.7548076923076923
junyi,learner_based,0,rp9yfKKSxDxu3W+c66zfqMEOPAFoBxPk/WXvxBAXfUo=,3133,0.0825039325403855,9.311451873344597,0.2531862966645575,16.0,1450.0,0.2968917470525187
junyi,learner_based,0,rrZveAGxgrsKF1qL65AmLVqda8Zbg24xqWyj34qac9c=,7908,0.0652027854457256,10.2993735941973,0.5321912967388012,16.0,1967.0,0.2826568265682657
junyi,learner_based,0,rvGNITIfQzjD82gpFgMVKC4UZHTbpR2iC06+vTx9KaA=,2417,0.0794503181143195,9.052164937010309,0.2428537956888472,18.0,1064.0,0.5997967479674797
junyi,learner_based,0,rwtEkQkEDS3aQkE+XIosHysCXQU9C8iB14xc1kQC/k0=,3701,0.0770951382935619,9.496496280431916,0.3079927884615384,23.0,1463.0,0.3453509040205731
junyi,learner_based,0,rzWpkZfVptJjhCtmA5xHgJIsAZQKyQ0mwHzaE2K/I9Y=,3679,0.0698813082104521,9.38915578944085,0.1513757631512921,19.0,1590.0,0.4230769230769231
junyi,learner_based,0,s3Y4TUK7PUKpvlrFcFIgHdMC8P2mf2hvD3j7fIdmTvg=,126,0.121091162165006,6.214608098422191,0.3807615230460922,6.0,60.0,0.4184397163120567
junyi,learner_based,0,s50m57r2jUJxOLDuXF77hZ35UjzqvVkzPKEWj9xqzxI=,6722,0.1132821895463247,10.066328930041957,0.3235044187627464,16.0,2411.0,0.3515737572046109
junyi,learner_based,0,s6iUzyQUzDGLXdahm0mCWfk5q8rcxE5JGLnSGk5h88M=,3044,0.1101626670431668,9.332911924364364,0.2771830487481199,18.0,1666.0,0.702054794520548
junyi,learner_based,0,s8wFEbIjj7l7GebegKyLlX7a4MHtSXocDaHEJu0soD8=,967,0.0818328902475928,7.958227192322312,0.1808957312806158,20.0,398.0,0.4029313862342961
junyi,learner_based,0,sF5/ooX9Coeoi4ZQqBvtNL1W15RujzkLLPDIHAh3sIA=,1308,0.0716093480447271,8.357024439263416,0.596149330828833,20.0,356.0,0.8824074074074074
junyi,learner_based,0,sSl0A9RyQ3LbuoNIUSeLVfCmVa0Zff2L9FNm8PQsrSI=,163,0.1871628071884253,6.470799503782602,0.5550387596899224,16.0,65.0,0.3686327077747989
junyi,learner_based,0,sXQotCwOU/fcmIsFMqsFT1+jDrgNl3Eetil55blgp1Y=,3031,0.0873789543348033,9.187685681411375,0.1892583120204604,16.0,1043.0,0.738404452690167
junyi,learner_based,0,sZzqvkCEVEK4DRlsw4qO8upL5iffeB996S09fm5pMco=,1134,0.0742058851205902,8.29529885950246,0.2382617382617382,20.0,479.0,0.8563189101995958
junyi,learner_based,0,sabwQYnBMn/T08INMmZflUXyrrd2ltP6YajeNpwGWSU=,268,0.111190202131645,6.359573868672378,0.4662045060658578,21.0,59.0,0.5297297297297298
junyi,learner_based,0,sbRL5aKtZBIUbbb8mbJqn1Zi8nvOprK9WY8NWGHonA0=,1550,0.095161531372146,8.60611940061064,0.2961200585651538,28.0,572.0,0.4290045857052498
junyi,learner_based,0,sbX37mPX7s12nP6ST0kOrlxn3LZ4PhWGqmgvpEIj6ng=,4778,0.1008641438156384,9.722804652410682,0.4095728748577247,17.0,1502.0,0.3162393162393162
junyi,learner_based,0,sd/gIUfo7qpyKxmzyZZwkHqzIqSHblf6c1K/iHrd/FA=,708,0.0920108242256706,8.109525659752872,0.3714285714285714,36.0,505.0,0.5714285714285714
junyi,learner_based,0,sjpx9JKp33xDuwIsWu3bMa7KPQzxwl5Kvg+WoYNlnZY=,2750,0.0780995726720853,9.332380997885208,0.0938302204124988,15.0,1469.0,0.5715467328370554
junyi,learner_based,0,ssoD0v75OrrqwAKQZP0ePSDhxD9qGSJwqCyB5pd+O+4=,3606,0.0723830014632532,9.325274910068282,0.1611839172684318,19.0,1382.0,0.49807045935516
junyi,learner_based,0,suDCkQs0H6kriJ78abNYmrtyOrBj80FflKWAiW3yfD8=,4556,0.0701138768271527,9.666688690398916,0.1508680775567101,17.0,2005.0,0.3780146425495262
junyi,learner_based,0,svTmVFY7kPYUWAdDc4l5Zaim90TY7RGkFLs/eaU4FVc=,17405,0.0530493738341094,11.006755652740432,0.0566698186764876,14.0,7187.0,0.4290220820189274
junyi,learner_based,0,t01hjun7X39jNVm5uQ4Zim5uJ7au2kSCDtgaN5TBBR4=,1600,0.0761113655695226,8.656955133791396,0.4049399895634024,30.0,504.0,0.5220009263547939
junyi,learner_based,0,t0ecyrPtga+CgNqPsmtLQkYiw6JQE9TK0eIlMebASeU=,1060,0.0471778747854086,8.56197533418813,0.4871843917368018,19.0,363.0,0.5685702132628295
junyi,learner_based,0,t9NE+shI32BkAQiBqhqi7Yfxk/GqipntnvKPkuV9fCc=,1759,0.0758456131744843,8.52595469708481,0.5817965496728138,21.0,398.0,0.3578274760383386
junyi,learner_based,0,tAZ0mRV5cECGqeSg0QvaNNVKgKvxJ3r3SLQtJPb5SSY=,2401,0.0899525607879064,8.98632143762602,0.1657907907907908,17.0,1034.0,0.4588269499911296
junyi,learner_based,0,tBZ3hZqed0H7wHFp8jHQT6bij5GrwxB8L32UylQKUrc=,2262,0.066783013028133,9.037176752966994,0.4621239148531335,16.0,553.0,0.6456228956228957
junyi,learner_based,0,tBo6ECyT8IlKAM8UhQHWkqv92PRLcSiwuerfC7vNX+w=,1853,0.0778542871245711,8.888204871455022,0.3792960662525879,53.0,742.0,0.6503953248539017
junyi,learner_based,0,tBr8loWJrEOlzcZDaQL0Q2qMEMUVGJJiWePsXb+7O9U=,2935,0.077061976765614,9.290998274993637,0.2365531875634283,18.0,1312.0,0.4119351100811124
junyi,learner_based,0,tDKyHKjiaYS/9r2OSVnPQ7tSPPSNRYT9jWOZCemk7/8=,694,0.1211642499916491,7.92443418488756,0.3796597900832428,10.0,234.0,0.7981438515081206
junyi,learner_based,0,tF8tMFezQhn36I3yHWsSa2i67yZXerPE5QWgZGCFvFs=,1554,0.1051233741628579,8.638879709672837,0.2176762309599716,19.0,846.0,0.5849364479560288
junyi,learner_based,0,tKPJ+aL8jZdRX7rLqbXvQRirJzPopGK2mxUlBEHW1aA=,4042,0.1094216697603714,9.578242059529382,0.2521113110895749,16.0,1826.0,0.3863710239145577
junyi,learner_based,0,tN8SpZieIVVCovn2b6LL/lY1ljwmZRYbAR3J6V6ScWs=,1887,0.087553606941609,8.881280595070423,0.2979847116052814,25.0,759.0,0.6606683804627249
junyi,learner_based,0,tOR47i7wGbuHkGxkhX9tHItMHHuJtAttsvHDOjDRVOw=,11033,0.0892440699792835,10.629440684821253,0.123121960660973,40.0,4416.0,0.2419825072886297
junyi,learner_based,0,tPAGQq+YU6D1NO1cU3U4fdlaNEm6YSSlRHK6qq/RQfw=,1676,0.0569613474923539,8.703008637464448,0.5511627906976744,21.0,421.0,0.308032312518989
junyi,learner_based,0,tPzc0JSXpr0JmIZKsEwoPNd7HYlbgErDMf2uJUXKJco=,3309,0.0911261573035341,9.487138427825885,0.2331665150136488,10.0,1390.0,0.4516420433021534
junyi,learner_based,0,tTmVu9rH4l3d4gYHn961kutPiXDAPkhWRCWp1GWCwUc=,4899,0.0954592521434524,9.735837835974042,0.2109744560075686,16.0,1938.0,0.3767282574068175
junyi,learner_based,0,tUeUQK4V+TthlYOfXGU45TfMrMvMlcmhUaMf6Sy4WxQ=,2137,0.0934305329383061,8.7879833961978,0.2052181873664937,16.0,864.0,0.4759019811047912
junyi,learner_based,0,tX7NdqantvoBvQvdkD5+zE0t7sWCWqUqRru/FcnRYEY=,275,0.1940015113726258,6.39024066706535,0.7915966386554621,19.0,34.0,0.8747784997046663
junyi,learner_based,0,tXmG1LY2OjXE4bZJtz4tOad6vDfC4L7RdrdbNYUE6aM=,1842,0.1000449157347265,8.626944055375356,0.5848718408316902,19.0,459.0,0.4134556574923547
junyi,learner_based,0,tZf/bEBKSTS+3LVGtBC9SDk0DW861g71Tm+ZVdS2co4=,1442,0.0656790533509937,8.46821300919452,0.1798319327731092,20.0,681.0,0.6845209115778736
junyi,learner_based,0,taHJOb9QH97FhfZ3GgcNGP9N4IOkU1m8ZUle8xGkCz4=,1949,0.0867372741793717,8.871785969150645,0.2737477199382629,19.0,840.0,0.4146685472496474
junyi,learner_based,0,tcefpcahExZLA6gms/r4H1DHPHzmBUwg8h7hfNlV4sc=,4710,0.0799672626876401,9.740850969058572,0.1207271871506736,17.0,2018.0,0.4960463890353189
junyi,learner_based,0,ti7iE7Irnu/h0/BjiZZTK6MopfvXpnfJOccIVSxyA0I=,3001,0.0938532624563766,9.362803915102653,0.249613601236476,21.0,1357.0,0.380446081533038
junyi,learner_based,0,tiIUNJuhqyg5QFheXTdIr63OSY8kp2q1F7ScUUvTPsk=,1063,0.0934633670807557,8.087640287778983,0.3046418690439594,22.0,332.0,0.6052998605299861
junyi,learner_based,0,tiLwNbKNBTH/JttT2Z5fA/wezgf65zakDT1fSS4Onjo=,1787,0.0552215198921086,8.877381954654766,0.4099344216548067,20.0,674.0,0.8616187989556136
junyi,learner_based,0,tnrz/gdH6WgtHgJSpfzyUGtIqz/0OHL5ogbfxCsXR6Y=,201,0.1336476236062856,6.289715570908998,0.433085501858736,20.0,57.0,0.6863418255956604
junyi,learner_based,0,toEj9DQe3d6eCqpUhPzaRUzZjuvoB6uu27TxH+ermwU=,128,0.1568039677222259,5.613128106388071,0.2454212454212454,17.0,44.0,0.7660414610069102
junyi,learner_based,0,tpPS7qXY6cPLmRqFIgY5ryhwHp+BGA5rPeRemY/bJ/Q=,717,0.1386189259886819,7.560601162768557,0.384375,20.0,231.0,0.2699797383605691
junyi,learner_based,0,tqKbTGIV+RDS6qwn6Tp173RrtMV4LeR0UEBqa9etzIA=,1637,0.0938451184675543,8.705662478796427,0.211066931742876,7.0,832.0,0.6559619209973971
junyi,learner_based,0,tsZO34MHUt335zNWrd05l1ILk9vvcWzIR2hEk6dNYc4=,253,0.1335529385819265,6.47543271670409,0.5092592592592593,22.0,46.0,0.6952101220063263
junyi,learner_based,0,ttWja925wzclBgMnR8D0fmHiM9PQ1QV3cwXWu51m31U=,526,0.124530298199802,7.465655310134056,0.4329896907216495,20.0,151.0,0.9021761185384558
junyi,learner_based,0,txKQr1wDyBrIVa1zb9Lvl17prOdzCzFhO+UpqBdTlhE=,4425,0.0728411053264208,9.63834944451924,0.2067661821263281,16.0,1649.0,0.5174794993526112
junyi,learner_based,0,u/LPC06b7BAhroZcvBEYJUUOpby5g4JLLjaI92XikLc=,1191,0.0974807152563689,8.341410211461865,0.1929406153112329,18.0,608.0,0.5047619047619047
junyi,learner_based,0,u2U8EISDcFel7/t+fC2pJWsANLAo2XCOdvqmg2fatRg=,3954,0.096472053636915,9.519955154427514,0.2182271793366598,17.0,1640.0,0.3950182943990993
junyi,learner_based,0,u4qhRZS44vAj0iPcn0h6LtwpEu5xpKwVBOXYhTziua8=,6614,0.0912714602872346,10.053501114853614,0.3023756240316749,16.0,1829.0,0.4361875380445109
junyi,learner_based,0,u5/b2b8+M7T27j8eNr9YzarIg/vTgSGyEzEUix490Es=,2236,0.1157726090995358,8.805824812903607,0.3570143884892086,16.0,886.0,0.5848819974917341
junyi,learner_based,0,u5SYmgbMwMzEurXJkN8SzYMacAqwjR02xCA0/prnVeI=,1315,0.115211754761098,8.509967146324497,0.4007656659278662,18.0,686.0,0.8181818181818182
junyi,learner_based,0,uARLhNTVv+B9sHgK+FR/rGo126mTuK6g9WGLYh9qQZU=,4221,0.1091409982198633,9.642317574624458,0.3596935462926892,17.0,1799.0,0.559165302782324
junyi,learner_based,0,uFCpz18ILNOA86AuPKzKb6a5FpQZu4/+OQ3z40HL+e0=,4246,0.0845591054544523,9.55364634817596,0.2089393401915572,17.0,1667.0,0.4390638615710195
junyi,learner_based,0,uL6KHETQYCoqBED2zQuy+zkxtwJwdoa9myALWa6dHRE=,1759,0.0375882000188518,8.70996000607173,0.0661497855493236,16.0,930.0,0.6966552539126082
junyi,learner_based,0,uNJhNi/pUS9w/pd7eVnHXB9PvBDWWQQdf22l/K+jxW4=,4074,0.0962541580212082,9.498147436616115,0.3200089995500225,16.0,1238.0,0.3631500638931765
junyi,learner_based,0,uO5Sx0OY+EO1m+rKoS0oGmTFX2fe8N8OJhGa+9nP5BE=,1272,0.1353709958493709,8.450198322591959,0.3856684491978609,26.0,425.0,0.3189045936395759
junyi,learner_based,0,uOKltJJ7Lmvu4E6v/qzI3+SAr0/iWghlCX+3ZhwE1+Y=,1432,0.0713343219467381,8.428143374582726,0.1235512792477585,16.0,633.0,0.5876288659793815
junyi,learner_based,0,uPQFTfURBN++Ua40NC/iECWGB8APSlwjR48SMzkr0cQ=,749,0.1228905416458089,8.056743774975313,0.2983512999365885,9.0,344.0,0.4255009160019041
junyi,learner_based,0,uPxHwMXd5UwnfZuCmJPEZXMrFc82OGm2MzwjB6CWP54=,447,0.0821225667711955,7.219642040130735,0.5098901098901099,25.0,144.0,0.611844737895158
junyi,learner_based,0,uT7yFiOpFCZP5NXkxFZg0sUJ1zKo8HYmtUxumXs3khM=,4644,0.0975855021383757,9.635281256585005,0.3488296063815875,17.0,1298.0,0.5714285714285714
junyi,learner_based,0,uX/j5LVl0PCKk2qBUgAktTGQtVdMKcT0MuXKsahNaX0=,4413,0.0737268616922947,9.574775130526357,0.1897054737427063,20.0,1691.0,0.538891129657783
junyi,learner_based,0,utmhbxXhQQSgaC8EVrCmsYgVsNCiRAd7R80icvSkcME=,517,0.1086544856803791,7.134093721192866,0.1859537110933758,16.0,167.0,0.6949152542372882
junyi,learner_based,0,uwQG8/ZoR1/zZTjWe3OIyW1B3Qqs58hnkYXRteZxUxU=,6222,0.1082058909064148,10.048063973643371,0.3064041540458676,20.0,2286.0,0.3928974170229591
junyi,learner_based,0,uwwPPNlPpZxnUbH8c1xmKAUIM1j1izVyGwNcFRDhpGo=,4605,0.1091544090593223,9.667322082870054,0.3053444782168186,18.0,1582.0,0.3684210526315789
junyi,learner_based,0,v0QQMEqKJpDj2celSchjacrZA92MTrfjIWGDYbugu6k=,4125,0.05655465844838,9.508294505698569,0.5066815144766147,16.0,970.0,0.4783531827883701
junyi,learner_based,0,v0TbRc4ZlN2+X5KttQxhQOr4bWfGw70hWriCxujmRTM=,2053,0.0722187454283738,8.815518423966498,0.4518331601603087,13.0,557.0,0.5615848406546081
junyi,learner_based,0,v0kd17IRi6S3Pb5Go3lcsG8G+brOsfhuCLG95fqRhY0=,3220,0.0740538622651781,9.325987795502144,0.1326503340757238,43.0,1613.0,0.5351123595505618
junyi,learner_based,0,v0sbjtQ2OP0XxliWlaM9TYTIuItpb/xj6QRsVVITb9o=,1451,0.0762928075816284,8.457018468380168,0.1559379647333758,15.0,658.0,0.5633802816901409
junyi,learner_based,0,v1Oz7FC54hKUCiGnoQwiclh4/CkfCbxtwHTKE7EJVqw=,520,0.0888297927995713,7.492760300922379,0.4130434782608695,17.0,237.0,0.5588957941899119
junyi,learner_based,0,v7yYzJI0/rHfpfs6AyQ6llqhVygGp+wcpMr8emORMxk=,2169,0.0805842975964327,8.796187635470453,0.386955205811138,21.0,603.0,0.5247763161929292
junyi,learner_based,0,v82Gd4uP/xcTasSq+nvw7cWkEDEigud4yXgwp4hOh2I=,1124,0.0710780402890728,8.169053149927343,0.3015018418815528,10.0,357.0,0.5907244414353419
junyi,learner_based,0,v90baLZYacc3s+oqAusl+90J4O6kJCF7s47aUGFf8gA=,6122,0.0807816179305538,9.901084667919818,0.1852538719863665,16.0,2153.0,0.4029101856497742
junyi,learner_based,0,vANSd42hTmOLeN7SdvJlNigKaY6CjHCx2iVDaWBVKgE=,3353,0.0935252736498402,9.364005219520331,0.5916809605488851,38.0,708.0,0.4642728210417741
junyi,learner_based,0,vIpEeG17kmCO+OLv8EEBw6fjOiDUaH2trdZZzM7XD3o=,1860,0.0764278828577008,8.710619527942297,0.3737223870755027,16.0,569.0,0.7149451881576453
junyi,learner_based,0,vKy7mwWzDQnqrw/yaJ6PB2jW/wheq1QhTZ1+TEFcP8U=,465,0.1391597321827806,7.517520850603031,0.3588907014681892,6.0,186.0,0.5714285714285714
junyi,learner_based,0,vOj4Z8p9VKUkpLIbagpQRE/n8WQ3XrWMBl+kWtdlktI=,2011,0.1020305101652752,8.911799556189527,0.3669452682663791,35.0,804.0,0.3558403871566842
junyi,learner_based,0,vVpSKAMQbTMvtdERR0ksOeRmmaFt0R210t4Z//0RpPA=,2282,0.0828993633596286,9.018332049592685,0.266965584100824,19.0,1014.0,0.4064130574476288
junyi,learner_based,0,vY/EjWpZBxxkshbM63KTTP6JSh+NHfmwSBWQi2XN8so=,361,0.0571627951023321,6.931471805599453,0.4877810361681329,22.0,99.0,0.2956989247311828
junyi,learner_based,0,vY8SyP2MYgZZz//LD03tey6tg5oMmcO2xFzs4CJO+4M=,105,0.1569059499672481,5.739792912179234,0.2870967741935484,20.0,38.0,0.7255035699773611
junyi,learner_based,0,vb599W2257CQW/TGHxuRb4KR46aEykZxjDVpARmgaBs=,693,0.0893251191711115,7.630461261783627,0.4900437105390967,18.0,227.0,0.3
junyi,learner_based,0,vbfF+FocMgYeYyHLA80N4d9gMts+9/pmqj80PmM6wFk=,2769,0.1046052699314639,9.089076284483143,0.372473749576606,16.0,926.0,0.549718574108818
junyi,learner_based,0,vhz7ZImgcFLciakjMFdmn0S/He85wqQkhLiYXRPpu18=,10799,0.0831883022338648,10.573007802464916,0.2896710610520926,14.0,3185.0,0.5294117647058824
junyi,learner_based,0,vj2oAek5lK+ewqbR0hgGrkyAZpWXIxl9Qt3HpVZVBK8=,1256,0.0862711191141776,8.500250470685925,0.3890132248219735,17.0,481.0,0.5967153284671532
junyi,learner_based,0,vlp5gR/PnY3FuaIANmLDZjLT7VR+mhj/8Skk+dfLf0I=,2166,0.0904139808017076,8.953252164609035,0.2453440248318675,29.0,996.0,0.3621540083165264
junyi,learner_based,0,voVpsR3NChso9TsHdzn/OkPeLiymYrV3qu8Xe0PUOHg=,843,0.0941071697728418,7.89655270164304,0.3583922590249349,16.0,383.0,0.4838487972508591
junyi,learner_based,0,voXzLrgpNaTssnERUsWHe8i5qAk+0Mev4EacAigUwIk=,1468,0.0565252496355926,8.727129915243166,0.4407329333549538,21.0,524.0,0.8257477243172952
junyi,learner_based,0,w3a6Wk12CqIrUktZei2Z0W3Rf8xdgEdjIW9QX0MWIf8=,13816,0.0645628439286911,10.755175761224624,0.0871754389707921,20.0,5389.0,0.4906832298136646
junyi,learner_based,0,w4MyAbgZRLh794BPy0qg9fg2PcokubWJcmd13HKCFXM=,2825,0.0581064045960001,9.04746843900354,0.6398305084745763,17.0,783.0,0.5616603244808374
junyi,learner_based,0,w5q27rJT9sra6bvT/I3FOszvNlkLnlapMzE3tgPfiaI=,3004,0.0805247364449159,9.308374112247549,0.3691177803971348,16.0,950.0,0.4258793969849246
junyi,learner_based,0,w74XdHKzME2SVRy/43in0XtQlXuv7VUdjQzVzbOXJMs=,2386,0.1023385412795883,9.131729971394272,0.2352050200151466,16.0,1327.0,0.5349040139616056
junyi,learner_based,0,w8mrAb/M/c9pr/FAngd/vU90ZIlBOtjnjrpToRgWGGA=,3909,0.0882127260263693,9.458215559509576,0.3987667811426787,16.0,1048.0,0.3874355465408958
junyi,learner_based,0,wFY4DytAuE9Kk58ZsRBfWoMUwJakEQKKm7fjCwSK+mA=,1585,0.0938313668552633,8.607582191143917,0.2728435672514619,20.0,625.0,0.6679753132759374
junyi,learner_based,0,wIsDMrI/eBE3OPuBThlLMMwauFehCay2ubzznnf0I2I=,4618,0.0977485761620772,9.518707035620796,0.4238483579457791,18.0,1038.0,0.5357798165137615
junyi,learner_based,0,wK18kWTTyXKCMshFfhwqTEKgqTQSBDhz4A8+ucEUoU8=,1257,0.0914633015723411,8.166216268592143,0.5254333617504974,16.0,332.0,0.2511182108626198
junyi,learner_based,0,wMb6Jrr1SYX+L2nXlRZ8BW8cv6C6F4tPImJpElWri2E=,1954,0.0911850685267084,8.743531633626967,0.2630403573137662,16.0,706.0,0.5587188612099644
junyi,learner_based,0,wNKSSVuLJ6b8OHoVpp8bN/+2S105KC7nrt9SHIBqNSk=,2308,0.0722338743830677,9.036582045842716,0.1976439790575915,16.0,975.0,0.5048399799436802
junyi,learner_based,0,wSCHTaapM4TIsQprXwBv2aKagVhZOWzILa3SKxVO4Mw=,1911,0.0929822980156748,8.670772279344538,0.3302453250986447,16.0,584.0,0.5660377358490566
junyi,learner_based,0,wUssm1kBiL8949UikpoP4M7jA0qR8JoaLthb513afBA=,1042,0.0783685251727214,8.168202930236053,0.2067498581962563,16.0,524.0,0.8543739334814385
junyi,learner_based,0,wWw2CLiK4yqlM5/ZJQgVspMEHVnWTfbbuGHAZs+py9c=,1922,0.1063853648828456,8.913819350857198,0.3633795237454594,17.0,874.0,0.6872231686541738
junyi,learner_based,0,wWxHJ8aDeAVSEp62k6aRXGwVOAzzQz+w7iBA9wZium4=,881,0.0942039165062307,8.025516386489008,0.4906771344455348,16.0,389.0,0.7337901950448076
junyi,learner_based,0,wXoFQMmHnMGZXrHfDmiM9pkDKC69Ma8aLEN5Xn/CVv0=,3290,0.1187315649514321,9.441452092939569,0.3121676323517739,39.0,1443.0,0.4856046065259117
junyi,learner_based,0,wYT6ZsCY6u0j7kHgmCHdHuYUQtZfIJmcghxZrri81Jg=,3305,0.1007561692956739,9.315870873185649,0.2878869690424765,16.0,1388.0,0.4791749327181853
junyi,learner_based,0,wZ49H8xuqS5c5fox/rUaZgS6R/TVKJkjRnvzEjrSOa0=,2950,0.0961076348918979,9.047703788498628,0.3644386914568134,22.0,678.0,0.2572961727147562
junyi,learner_based,0,wZCkmlfJ0G2xyiucQ85Ms+DMGXRSg8yhQ+MiwtSHS30=,540,0.0763037794442088,7.4489161025442,0.2789749563191613,16.0,264.0,0.6603174603174603
junyi,learner_based,0,wfMjYGAyGx53y31nrto5i3wNTb3XBzevOPyNMNAwplA=,3112,0.0570075976588119,9.367087677650709,0.1211525307797537,20.0,1502.0,0.4244742899500624
junyi,learner_based,0,wkd96LaG/2zfF/UXCPKhMm/u+QWPguay/di04trhNlc=,2748,0.0785734595478752,9.078749951588586,0.2752680812229067,16.0,865.0,0.4717424735316733
junyi,learner_based,0,wmSqGTqsAyWkNPvpGkVe/Jb9ezYUQbMHUQmyDPhmRLQ=,4431,0.0809631036820247,9.7818282639088,0.1811045854980799,20.0,1910.0,0.2963096477876579
junyi,learner_based,0,wzK9LGOjC7Om6cUDilMUGE3wYXuPD6EX+6TS832183c=,828,0.0551295848068407,8.001019961323651,0.6845457593027153,39.0,181.0,0.6312684365781711
junyi,learner_based,0,x/98yRhBoFh9AIWvaf4wfapjBYSZJbPeSfSjYlmDyOk=,2197,0.0715043838782355,8.882669291308039,0.17529493407356,17.0,944.0,0.3631284916201117
junyi,learner_based,0,x0Zcc+adPkTZK1q07Cmus67A43gQ4+u6simGbY7U40I=,2223,0.0855591119917673,8.89439598980643,0.1658436213991769,16.0,1091.0,0.5063714916109969
junyi,learner_based,0,x37TFkKPkx7jWPaTY+41UeSFOmMoZB7jw3UiTm8ZMGM=,607,0.1023639141592692,7.541152455136308,0.3420074349442379,20.0,214.0,0.5652173913043478
junyi,learner_based,0,x9oDEpreQSuEiyFzA4syO+1WLv+obKycS0yqA80CQFw=,1356,0.0778660756511102,8.38548870041881,0.5638977635782747,19.0,320.0,0.375
junyi,learner_based,0,xA22xgunLQJJCnGh3+dhU07Djjbd3AufwqqhUQaTNFo=,3173,0.097596842017209,9.28442691532888,0.2669019316493314,17.0,1234.0,0.6130663430420712
junyi,learner_based,0,xCOPGQ151m467iuNwHOaIi4ZTipNvQ4/0wB+zcxGjLQ=,3181,0.0932678873312572,9.25320827220336,0.1744754239724059,16.0,1381.0,0.2463312368972746
junyi,learner_based,0,xQNx//qhkk2bCwEwFdNmcqn+xhyU6AwjhGgmphpgtV8=,5553,0.0605219258634481,9.938758166618047,0.0897330694598639,15.0,2271.0,0.4413265306122449
junyi,learner_based,0,xRoZGzdttZPj1kvoQoPFWXD2LfUawhSL5nCz5NXjhn8=,868,0.0797941290906497,8.038512020976814,0.5017759121730707,17.0,235.0,0.615866388308977
junyi,learner_based,0,xVnGKh1Vrf5JAkpT+RvkYwfQHb46ugd21uvhWHJC0+U=,1415,0.0862012336362982,8.496173824192162,0.6002042900919305,17.0,385.0,0.4278982092365693
junyi,learner_based,0,xVsACcSxP4hrn2o14c9+W92tPVwJpfnfJptf2CExFAM=,2082,0.0958229191476026,8.826000545482966,0.2724735605170387,20.0,875.0,0.3556711850708461
junyi,learner_based,0,xVyrQ6TU4c+yEZR+Fly4rGn3mt9kpDpIAqmrnlVqOsA=,343,0.0992007425744575,7.24850407237061,0.5829181494661921,63.0,120.0,0.5922330097087378
junyi,learner_based,0,xaWHtJt0hf186kbfofLHHt94c0qSZE3L7nvrmIAexws=,2650,0.0846361355792801,9.226115291091546,0.211852726914747,16.0,1376.0,0.8102346846692483
junyi,learner_based,0,xk269k5cel7t7lVVPwniYDSV03nxPEP6B43dF03A7gE=,1314,0.0654510196632899,8.586719254064848,0.2216831498413883,9.0,716.0,0.7006172839506173
junyi,learner_based,0,xlVWFGWcVQ8HiY2o1mGb7xJ9fNjjd/XBRul7GwvTwjc=,4845,0.0811122710786767,9.813070382411665,0.2732348111658457,16.0,1887.0,0.4505014333187263
junyi,learner_based,0,xlm1cA7g3Y3P8DLXvKvOMnzwshnSyIg4BZFF8NJtuXE=,1410,0.0793556528522613,8.40178233990491,0.2887292321508756,16.0,530.0,0.3415525758645025
junyi,learner_based,0,xqUFQGqV26XnOt6wrAeKn6kM6Duc18fKQsh+1YnzaUo=,545,0.084749146062163,7.485491608030754,0.4834362717574396,20.0,179.0,0.6787864752200092
junyi,learner_based,0,xqsA8iAEMS23iTamqyxrcPqpN9mMeybGKfFYVSTBBXI=,755,0.0941632076456451,7.878912912297133,0.490530303030303,29.0,222.0,0.3945212882741382
junyi,learner_based,0,xuhHPeIus65MVkMtd4itXccIpTh/I1+lXwsxGgvVDHg=,2210,0.1112239961139436,8.715224041915372,0.4794880210042664,32.0,671.0,0.3944648302809924
junyi,learner_based,0,y1ky8jXzmdtx660XSqtKvCYTgf7m69k+vVtThncryWU=,2237,0.1270983979383014,8.92439013236916,0.2276357827476038,16.0,997.0,0.3076923076923077
junyi,learner_based,0,y2cIQJI2w9BzUTARUpwIfpZKS7NOEaAdBnn0A7fA7Bk=,811,0.140376912772141,7.953669778649798,0.2931458699472758,19.0,382.0,0.6404255319148936
junyi,learner_based,0,yC0fMjNE4oQ+f9qyqRKdEydTAIscFvSra9wP052SgL4=,161,0.1691945179463914,6.0330862217988015,0.3701923076923077,20.0,48.0,0.6459068133413735
junyi,learner_based,0,yC2VB5lJ5y/sgxAF1VTGmJEeWwn9WiP2T6dEfU6m9jg=,2035,0.0883874923649818,8.889997357284841,0.1490768806833838,16.0,909.0,0.467162500921625
junyi,learner_based,0,yCUFt9uR6EEQokpBPpS4+FXT0ri7GVcI4M1ByCXveIE=,3783,0.0891059487738048,9.45993109330524,0.3922393641888733,20.0,1254.0,0.3829787234042553
junyi,learner_based,0,yHJf0g7o8YLIn0qLcWkybcezKBHdmlj7ih14MWWbzNI=,1610,0.0575084441844721,8.620110725422924,0.5495397942609637,33.0,307.0,0.7118279569892473
junyi,learner_based,0,yHgHyIJ05U7s8Ak1XnUHY08MP++zF14JXnyie5AL5s0=,853,0.0744643309519376,8.118802996980035,0.4541120381406436,16.0,365.0,0.8698006592371684
junyi,learner_based,0,yJ153/JFXN9IF2c3a3ySmTwTPNEGZp3YE11EtpxrgVw=,93,0.1394382814566294,5.981414211254481,0.5594936708860759,20.0,24.0,0.7357310398749023
junyi,learner_based,0,yMjqmd4vaehZlSUXc9AMmPQBdPp+256dayxZ/xS7svg=,767,0.0705632602861527,8.071218539969863,0.4634374999999999,16.0,350.0,0.5977806027184227
junyi,learner_based,0,yNZkf4iG5MD4X39lSv9FyBiCLLRauEz4BYFx+p8XxvQ=,3055,0.058638860299915,9.171599543659752,0.493606403992099,20.0,669.0,0.8051181102362205
junyi,learner_based,0,yQCMHCiSG6RrDzqfXFSue4eu3I7cE9ExTdPUJFwwGQk=,594,0.0665783243416887,7.561121589530238,0.5299323269130661,40.0,175.0,0.6312525010004002
junyi,learner_based,0,yQwYr+IKuFKwlC3oGLHemMwCjRjNIiJUqTzt5A+E4iI=,727,0.0642264731576797,7.572502985020384,0.5599588265568708,16.0,166.0,0.4230382293762575
junyi,learner_based,0,yf0UgImLKDdaX3kKo0G5iCMShvG7/CRgxqj0RC42kN0=,373,0.0665924097723439,7.307202314764738,0.6302013422818792,67.0,77.0,0.705297788631122
junyi,learner_based,0,yyB3Cv5ZNO9vRc2FUExQu3LZs+xZSYKo7W//FZCkg/U=,2145,0.0827134517522958,8.781862489558945,0.3606079214000613,33.0,599.0,0.5555555555555556
junyi,learner_based,0,z+lXIDsSULAbvl0C7jLN2xRImkpzGZWHjhQ88H3C92c=,3890,0.0809241124335437,9.590897844378162,0.1753246753246753,16.0,1917.0,0.4449493959496126
junyi,learner_based,0,z40HWZR+gOnq+/hu58VFytoZlZYp9/VyuyENVRGJ/OU=,4495,0.1102593653390932,9.713355573650196,0.4622036768263183,16.0,1560.0,0.3563218390804598
junyi,learner_based,0,z5YJ7GOEyGfxENlfIjBKbMbTzhp3V5TS6Zp62Y/PKPc=,3408,0.0809462964891383,9.42987742769628,0.3197366308013489,18.0,1600.0,0.8066313870539971
junyi,learner_based,0,z5n5ogbXXcooPCsEo2WcBzoYN1ydqrEI+EKnzZxmIP4=,2649,0.0876852435466969,9.163982247998034,0.5020951183741882,16.0,812.0,0.5420575739183213
junyi,learner_based,0,z63YRJBWfFRlEmNRbbP4dElBqjDwsHUJ4X+mLaRj+pU=,823,0.0765896708741874,7.9748769005588755,0.1968341362697866,16.0,410.0,0.5365484429065743
junyi,learner_based,0,z7j7u9pIZBLTXsNZB7xMkIJ2CB++xDwCfAFzUG8Juco=,3477,0.1080723478265164,9.43946599496794,0.2968029266740893,17.0,1428.0,0.330819933950517
junyi,learner_based,0,z9WEaz3dU4bh7FPuKdAt6UrOgqpVnwWFrb/AL4dkKJs=,2463,0.0959213072758499,9.043931533642278,0.2171037089534608,18.0,1045.0,0.495513734001743
junyi,learner_based,0,zFUHHn64b2GorjfAU6+BVy85oSZxzLhsrqGzKB7JwZc=,2273,0.0851798874530506,8.949494953477961,0.2173179280799688,16.0,1015.0,0.4977034120734908
junyi,learner_based,0,zHDjrBKb5lNSncPDp2hPXdb1zXdHj1Y/iQvzW7DTaIQ=,383,0.1009007210480949,7.415776975415394,0.5701384708007224,18.0,119.0,0.5748709122203098
junyi,learner_based,0,zHqZC5BMQzmA8ZbWd776nwinT6LWg2mxiT0WiW/5YZE=,575,0.1392100562220034,7.546974117516527,0.3257655755015839,20.0,232.0,0.3948028673835125
junyi,learner_based,0,zX5HAUpRYC4F7YPNs5tUeBqVi++rEmPUfsAtHpoZmEQ=,10387,0.0682743520517975,10.393661388571246,0.2621359223300971,17.0,2699.0,0.4611280487804878
junyi,learner_based,0,zcH7Yl/gFwkU2Mej9UzQgaJL66wIdiMucPZwVyeqHxc=,4895,0.0986903180156104,9.776165413960776,0.3512607905497501,25.0,1424.0,0.3350547981110533
junyi,learner_based,0,zh/Ht6E99DfEW1ZtC/mgD6MmKmVQEiH09UOhX+Dz3rI=,2494,0.0666259864693225,9.157572306437528,0.4483921982076964,20.0,760.0,0.846820809248555
junyi,learner_based,0,znVNbyVOWXo/XrF4bWN0DAWkAGmYu/jwUwO5BReUQxY=,201,0.1646801687739975,6.642486801367256,0.2911227154046997,10.0,74.0,0.2615211086045762
junyi,learner_based,0,zpLoCKHOugDScAlFt0XHJJKFwU+r3YZaBlTf5G7qWpE=,7158,0.0954461902360213,10.026854966486413,0.2697016574585635,16.0,2252.0,0.380327868852459
junyi,learner_based,0,zxxjH0rOlRk3Fe7P3H8+00eXPXeazjvuIXf2bdEyhJo=,2027,0.0918964072303836,8.716207971151853,0.2762295081967213,29.0,781.0,0.365462909574068
junyi,temporal,0,+DlgHAr1GtoQgtGqwoen6pt4/ayVRO+rMaCVZ7jGCHE=,206,0.152433814679824,8.733110697638708,0.5912314635718892,27.0,434.0,0.7909279074419573
junyi,temporal,0,+IgBffWedJpxG6Zo/kHbrgIRR4jwwTwa6nV03GLwX5A=,148,0.1906397500786477,6.858565034791365,0.501577287066246,17.0,80.0,0.3823529411764705
junyi,temporal,0,+Lgj0Me9/8gtiruGKq8KxemAD15kU4yCfb6nteNDWjw=,252,0.1534781236319787,6.93828448401696,0.3194174757281554,18.0,172.0,0.5704022883484761
junyi,temporal,0,+N+e7SzcUVowUo7D4udR8rBKRmR1H7yuu5Tleqlhv48=,1082,0.0876720830253299,9.451559570017622,0.3601005735837196,20.0,1273.0,0.3869047619047619
junyi,temporal,0,+ZVl8HEbTM1GOoCTt2wxAfzQswvAWL3L8e5mLuyy1dY=,5648,0.138163715422222,8.977651407818442,0.3687996970844377,18.0,821.0,0.6462395543175488
junyi,temporal,0,+aXi8dpg0URdKkJtkicic7DrTHAWPSnR9bwD+QouANE=,2145,0.1182844031656416,9.405495886750224,0.1471943393121606,19.0,1654.0,0.5751292278635154
junyi,temporal,0,+c+5BQh1a2P75VjWgg/aX+j7kru6tteMWrupq+MMQgw=,1248,0.1197416406353929,9.55044884660634,0.1863345195729537,18.0,2013.0,0.5877021173307442
junyi,temporal,0,+cLbiKkV7+VhNPr7OGG3B3kPpZ8er0mvFvqPbM/gm+E=,2583,0.0707460369567417,9.485089169016064,0.6872578071575108,31.0,1075.0,0.6151291512915129
junyi,temporal,0,+fQqnCkVTMs8GPkdZJWUcApXC/Ea9bVtxNIblqLRie4=,1022,0.0974300082002031,8.343077871169383,0.3376190476190476,14.0,398.0,0.3917513129217233
junyi,temporal,0,+g5YlvjiVYzjFfpMkHEGCty7PGcKRuuCVDY/g8dzoD0=,914,0.1444010551731281,7.355001921105257,0.383237364043506,16.0,172.0,0.728904282115869
junyi,temporal,0,+gP/fH6yBDlDTCmjUykZq+rykF0MopXNzQLSxiEVEYY=,575,0.0905775899083718,7.876258882303226,0.3209266995822256,13.0,352.0,0.3885754583921015
junyi,temporal,0,+kCFtC8nCf9I2/ee1BGgQRlVBoECQV9G/8z4fL7hzp4=,2109,0.0956024099755727,9.660205067381032,0.3590561224489795,25.0,1345.0,0.3881962834893593
junyi,temporal,0,+lmw480dBLSwkBgaKdL9MeVNsUfCgHmD+L4wzqUFX9M=,340,0.1481310086978791,7.635303886259415,0.3238279362010633,16.0,306.0,0.6907378335949764
junyi,temporal,0,+mwsRV33uKTS+1DrZGfM+z+Ccut/FGocokZm/j0OJ/k=,3573,0.0311329114238327,8.875566691990551,0.0448700027956388,16.0,1044.0,0.7308090460264374
junyi,temporal,0,+odAMeNn6DqBHYkdD0fKH59bzQMwJTqsCW9nqJ1etcI=,1123,0.1260635926018736,8.937743936942443,0.3060554314987521,16.0,920.0,0.2847025495750708
junyi,temporal,0,+owQ9eTzitOLHF3SZxKwWN9ZpsHjg3tK4A9fpS7E0oo=,903,0.0832094742945153,6.598509028614515,0.096862210095498,7.0,144.0,0.6612903225806451
junyi,temporal,0,+tVk3DLjXUKiZ3/hK6CJAl3Z8sfp093/2DwLqCsFgMA=,3324,0.0946742241739023,9.276970454273943,0.1189184131736527,45.0,1357.0,0.3235294117647059
junyi,temporal,0,+tX4n52MmDdJGGzRnY7I7jEoynqRl6k1jAnonznfs7Q=,297,0.1304124374583878,7.993619994827744,0.4434312732185073,25.0,314.0,0.6431556948798328
junyi,temporal,0,+xN/geZI+rXD8yB7YBDvLwAXgXO6aORg9eOFv6AfGHM=,3752,0.1249942896698516,8.551208070003515,0.4675174013921114,14.0,400.0,0.687157081893924
junyi,temporal,0,+zUL0wWCfsBXNoDj5KsvASLlqd26KU9+nSN1zZ7GsQI=,2365,0.1346674388957537,8.334711621820917,0.1961584633853541,16.0,624.0,0.6635514018691588
junyi,temporal,0,/0Y1OFJkQGPagfYO9uI6mM0Z9KK7vcmT/QPVos+v7Ec=,798,0.1422040388291528,6.844815479208263,0.5415778251599147,24.0,88.0,0.7227086145444421
junyi,temporal,0,/4h6DuvZuZzr028oR886m6kpiLYuUSmpr9v3ITNTgiY=,12422,0.0808639613885231,8.621012520055235,0.1501983411467724,18.0,714.0,0.5932717779892492
junyi,temporal,0,/7bwpUc6iDiE/m0Qj8CJo8qYMkAC51PHzIxTMmkE0nA=,826,0.1690131748691607,7.052721049232323,0.2658008658008658,16.0,169.0,0.6196032672112018
junyi,temporal,0,/OENQOL30zwAXAy3IN1FbzZFfjfOLaynYaW3w6bk2gw=,248,0.1830295497596624,8.164225652265827,0.6053530751708428,22.0,292.0,0.8217117083160579
junyi,temporal,0,/SsQisa91ErcEufKW7SNb4xZ6DASvJZ4Ml5/0BluyAA=,1634,0.1274219539714407,8.878636747430072,0.3338907469342251,31.0,710.0,0.2108922969675845
junyi,temporal,0,/Sw5cJFSX/oGzBxxguGO4BkFKPZmhFXSpCCJVhOtffU=,1508,0.16528681409607,8.875566691990551,0.3090578697232318,15.0,745.0,0.8741572779512239
junyi,temporal,0,/ZG3Gxrc7wG0FWxYWExavs4ATbc0nu47cDYJAuQYVvc=,149,0.0889516448533324,7.763871287820222,0.545686357841054,20.0,221.0,0.8297048863086599
junyi,temporal,0,/acOsfJkQuYuDq5UjkRrojhkbUcIgia4SvjKpo1v0pI=,2882,0.1526284045400467,5.521460917862246,0.4257028112449799,31.0,30.0,0.4793388429752066
junyi,temporal,0,/d39FzqaM3PZzpoMXxA80PMICsVhzfL6MGSCqZtsQOo=,3032,0.1045486133828305,9.54180006677385,0.3395792949960514,16.0,1551.0,0.3141524105754277
junyi,temporal,0,/dE70lhbWnFlB1v+ZQBYpQu2XDmodq4HYiBDGZRw3+o=,1254,0.1158678425200977,9.24619002486988,0.1652836742570436,16.0,1565.0,0.5829874227335166
junyi,temporal,0,/dgnkSSQs7RfFOI233RPKNKg29VBS0L7s7IBSmtIWqI=,76,0.1779559701681137,7.6953031349635665,0.5320892125625853,16.0,185.0,0.5013077593722755
junyi,temporal,0,/ejwQaTpw8saI8XVEo0mo08Yf2ko9KW5lwBJRlO8/dM=,98,0.2270053416129429,4.859812404361672,0.5,20.0,23.0,0.9084033613445378
junyi,temporal,0,/fQsOaxbPuYyM7ZO/JBLBRA6HJyOHY8zUN9oLVT5vYM=,5731,0.0724695775260778,8.546169299652755,0.0858919549164399,16.0,812.0,0.5428150021070375
junyi,temporal,0,/fn8Ym16AvhuhgFRtoeZ4sRU9ZRhvvpYN90SUH7zQ4M=,5564,0.1169185371951723,8.988446040062405,0.2549631664377575,20.0,1023.0,0.631578947368421
junyi,temporal,0,/m+oiUSO1lBCPvQ6LkUyCbWdd7ML4X1IxxuUa8QcDMo=,531,0.132274965744241,9.129672468908728,0.3522333044232437,27.0,1016.0,0.7039797402286944
junyi,temporal,0,00KEZbwE/6qJ+WSl9TwUEgbwi/wmnEVgeCnGzi4/EYo=,7056,0.1174824148136667,9.587748882301822,0.5125479978058146,18.0,923.0,0.552487844972442
junyi,temporal,0,00tlmGnNIf0z+qJsG0NMS4ufwkwwG1nZtKszPesM1EM=,2574,0.1455163128309768,8.14002395246292,0.3028004667444574,16.0,420.0,0.7244601889338731
junyi,temporal,0,01c8/1Mc1V3LZtYFNre8TolslWChJSztpFHSNAvPlpI=,1110,0.1200904478342324,8.536995818712418,0.3347715238282016,16.0,707.0,0.4343105320304017
junyi,temporal,0,04Ly7oQJHeLBj2GcKWLn7e51TJmF5MTSvPESVomvUM4=,4405,0.1165739015422124,9.433083843269053,0.2887786137345925,17.0,1268.0,0.5969111508646392
junyi,temporal,0,06kRCVdMd4I4CpJxtM7rmBED6keL482Br8ZCE6DU+W4=,2107,0.1777052424350151,5.214935757608986,0.6338797814207651,20.0,27.0,0.7927927927927928
junyi,temporal,0,0BL+DbelLoGwTw7JvHBXe7pZr1N/E8JVhngim3zzjJ4=,801,0.086953908002161,9.107421317968342,0.1230462254738942,22.0,1046.0,0.3137931034482759
junyi,temporal,0,0FMoJE22DcUZEQ3fIPHBSuBfrQEG0vjhpvOoWyeTTXY=,2844,0.0903820055172107,9.469159899742865,0.5211147996603104,18.0,1006.0,0.3235294117647059
junyi,temporal,0,0FaNRnGt8wB5REzt8NnMPYaoTw4/qe+3z2hOkQOvI/s=,908,0.1009381264125075,8.846065190692881,0.2366829830118053,20.0,887.0,0.4764256414250573
junyi,temporal,0,0L/eenAcUQ8YSZ6x22wFpagb2l4TXqOSGgRtSI56kvI=,1278,0.1661309557307382,9.020268861722167,0.2922109337203676,19.0,1089.0,0.365224325636225
junyi,temporal,0,0SEOeLpKd2K4V+T1BhZENWUuLHGTd+x+SQiXWcPAFZc=,337,0.0960000567690909,7.1569563646156364,0.2067082683307332,16.0,207.0,0.6928819910632662
junyi,temporal,0,0TFQA8MIRYvgH+PXVXYkRKMPK/LPcaVH9hTxb5daZ+o=,604,0.1112286699550312,7.569927655242652,0.4896800825593395,31.0,154.0,0.8845360279335519
junyi,temporal,0,0f0BGV01H4RbdYLrd/fZN5enqRjIC7Bkzcoqxzgf0YA=,797,0.1582337553324259,8.259199362666282,0.2594510616261004,16.0,526.0,0.4507371262458471
junyi,temporal,0,0hKXPT2iK/182EPLj3c5qePYUT84KU4JI+P/t6nnmBk=,3213,0.0892346840314192,7.325807502595773,0.5849802371541502,35.0,114.0,0.6407597570388268
junyi,temporal,0,0jLx3N/h3zT921WmSVhS4e0TPADpzOygjsvjtTOolmc=,2793,0.1339338094496554,6.198478716492308,0.539714867617108,13.0,66.0,0.5877125193199382
junyi,temporal,0,0k/ZE9Ku+2Enji5zKQZ5mrfr9r+Noh1CS9kH0GKGf0Q=,518,0.1242248472653358,8.380456667842767,0.5605504587155963,16.0,359.0,0.4210526315789473
junyi,temporal,0,0lDY2d/yzs1IgpdsEVNAptv7CcTNSmBXzskCNgPAJTU=,382,0.1080313238329912,7.634820677745543,0.3984526112185687,24.0,233.0,0.2413391702043732
junyi,temporal,0,0nHTRYRZznXBRGpGHElXm2Gw+zHjWz37H+X3XCvUxQI=,449,0.155547470648131,7.45298232946546,0.2679814385150811,22.0,247.0,0.2667104686815593
junyi,temporal,0,0o4JbsG6rcRJSeQKtJ2tAUo1PL+wlyvYlEr/nB4zkOo=,3612,0.1184255036500353,9.409273194575334,0.1862295081967213,20.0,1663.0,0.4323154950999031
junyi,temporal,0,0oPDO0zy0NDr7kBNesLy+ZbkNuyynak8fcfE05h+pwc=,573,0.1510485660944647,8.241703159729818,0.2516469038208169,16.0,510.0,0.466743119266055
junyi,temporal,0,0scVV//lTsPR9BCw3T2WDN6f9c0ASzANn/bUBJM4+gI=,187,0.1138685790225515,8.35819745992578,0.6411819887429644,16.0,231.0,0.6395358410435015
junyi,temporal,0,0va2kBHyhCQAFKdC9DOJnPagiG32mCuQJZuApAXzMw0=,50,0.1198475310206413,6.863803391452954,0.5857740585774058,20.0,80.0,0.7434125094307342
junyi,temporal,0,0zOX/8KkAItZEgHsWUWF2Ac2jsFVbT6TWnAuugSAteU=,3190,0.1276007982832899,9.033841828485016,0.5228493019926024,16.0,621.0,0.6097560975609756
junyi,temporal,0,1/laFoxMaEJLQfaHo92bbuIVjnq33aptQA8IY+0Hu+8=,152,0.2029660790668506,6.62273632394984,0.5472703062583222,9.0,81.0,0.4507042253521127
junyi,temporal,0,1832ZH2Snk3B6ztlqJVE6Ias3IiPSH5gGZBuYAy7SvI=,7238,0.1223699322651368,6.472346294500901,0.3885448916408669,16.0,68.0,0.755572576843881
junyi,temporal,0,1Fy/09VqlDTU2ABClPQcq/zyTpDz9LpnuIS7kowjjEA=,904,0.1164083475201889,8.177515823846075,0.3916830570384939,23.0,424.0,0.2509933774834437
junyi,temporal,0,1MhbCa7PFHspw9qYdDLAld7A/t5TV965ehYwzUUf1ug=,1773,0.1337427119907151,9.18901458526143,0.2047404985696771,18.0,1434.0,0.7546597944828033
junyi,temporal,0,1WFEjeVRD0MW325Ssif9QSV+oEAMGUQfXzuBVtjPSto=,652,0.1452272642215291,8.27715777243181,0.4839776195320447,16.0,438.0,0.346394519204717
junyi,temporal,0,1Zu6puXXArXORLxfMsN+B1XQm4lb2shHuMZAcokqmWw=,3491,0.1307151879870101,9.779680156808055,0.3253537068477645,16.0,1527.0,0.5555555555555556
junyi,temporal,0,1e/leswSLZ3mYyWZriPrPDY2EoN3wwCXPbjTUX5aYW8=,123,0.1603030972485619,7.957527402230773,0.4705882352941176,16.0,224.0,0.5815504540547406
junyi,temporal,0,1fj13beFL9gkyJu7fOVD08cezQW4aaruf2z0f+Xew1E=,4656,0.1022343991303903,9.921671222969756,0.341451438672297,16.0,1984.0,0.2615233933549311
junyi,temporal,0,1iha+v5exIXrmb2ARHQmmJwmljMj98PxQ1Io7y+rq84=,681,0.1289793600043809,8.592857095337227,0.3123145400593472,17.0,784.0,0.3500305997552019
junyi,temporal,0,1rYu966l6i1cA34mdxukVKusuaDPMwcW6a6WCWe5ZFo=,1172,0.0825613237853722,9.043340831280013,0.1030611038884292,16.0,1107.0,0.5743243243243243
junyi,temporal,0,1vxQPFV4O43WybxMtioe1qA8GIcP/kOWTaysWsNrBRY=,367,0.1381653982366255,6.124683390894205,0.5460526315789473,21.0,38.0,0.8107153364182105
junyi,temporal,0,1xsYLCdr/gQCUDijkXoMhULyqs0zluLgCvJN7Bfq3Pg=,2099,0.149334319150322,8.741136422901011,0.4299648225135912,15.0,740.0,0.8041161476730379
junyi,temporal,0,2/JTGg3RUH3Q7RJgicVubieOoxNnseT0PQorlMexeog=,2120,0.1109947279840474,9.4949928598676,0.1667168221486609,18.0,1648.0,0.6454433862668436
junyi,temporal,0,201731Orvb+GcD3eI5Vi/mlUY7NGyHhegN0onY6aa1Y=,1220,0.1354967090583665,8.262300941787448,0.2937532266391327,16.0,519.0,0.661092491737653
junyi,temporal,0,24yLmjpZLo3XO2t14fVHMUMqhVcVPs93RBeN42c/MGc=,3323,0.1160433950163021,8.708474489581665,0.217412853130679,16.0,714.0,0.5084006109535238
junyi,temporal,0,2CExVv5jxzlmXb7zEgSlHP1/7BPhBG5eJ83q7zmPOkc=,1454,0.1292880784968065,9.031572493381526,0.2950251136091844,22.0,1005.0,0.8457748347565976
junyi,temporal,0,2I6JcI6MiTkb6Ya10XVBUdZIRXgbXhpapejBytTcjTg=,2505,0.0936969915521098,8.562740006372207,0.0930810397553516,15.0,872.0,0.5851063829787234
junyi,temporal,0,2I9aYyQzVZey2D9t2kJpJn97Aty7PBeZ0ITJvFS7Hfk=,4525,0.1283409646837792,9.734180932819667,0.2495854063018242,16.0,1838.0,0.4251388617476873
junyi,temporal,0,2ITXot2a2bPpUbrQr34491M0lzlI7QvvHhgqW0bNZbw=,802,0.1155546702768238,7.911690520708339,0.2382697947214076,6.0,383.0,0.8723665317843623
junyi,temporal,0,2PPwwz9vQmrE8GQ+lOjBHWuVjLZlH2HIdJ2i2IuDmmc=,748,0.0995397366643111,7.428927194802272,0.3095662507427213,16.0,289.0,0.5955056179775281
junyi,temporal,0,2Q4i17ObOkd2Yb449DHA1IBEBnZ/7EImF3FYztgI+dk=,38,0.1232412865287379,6.620073206530356,0.465954606141522,18.0,54.0,0.4441558441558441
junyi,temporal,0,2VeOUPWzSmpJ7IWdbWoWzpPR2MszJab/rDr+jN04w1E=,2862,0.1498372990888257,8.74973246437081,0.3256182625237793,17.0,699.0,0.6004107287697873
junyi,temporal,0,2asf2uduG+FkuOfdP8cHt1SZjfjhNwqotGgnVZXKiuQ=,870,0.0735341948119859,8.601901919343192,0.4308031611836059,28.0,447.0,0.8015794669299111
junyi,temporal,0,2dZAIlKn+MzyIa5L8xpWkRhS6Njmw4EYe2vwwwNsRQ4=,3688,0.0857561538091895,9.8011225458581,0.1553204453553426,17.0,2141.0,0.6169354838709677
junyi,temporal,0,2f91Isfs+HaZMyoefue8KM5T9TUHnyfMUs7lDEcsgWo=,4219,0.1391441369309807,8.831127635012084,0.2962151103317259,18.0,665.0,0.6543624161073825
junyi,temporal,0,2gvPp/ApACeovvXfovMnj6PCOtw2m8IJH2WxJuJuktE=,2210,0.1279530508827199,9.236495329453032,0.2713367108339828,20.0,1016.0,0.3125
junyi,temporal,0,2k3XtblUSWpurYNdEmcHclEHBkPUraezRZrIxjMggzE=,377,0.0913674406502248,6.192362489474872,0.319672131147541,20.0,66.0,0.850024731210788
junyi,temporal,0,2kgk70NSoRSIZJVWHH0hyeuD652kJYAa28NJwx1qjlQ=,1886,0.0969151927802409,8.330140460246382,0.5217076700434153,16.0,389.0,0.5348996350364963
junyi,temporal,0,2rJ6DLjEMKZiRtzTx7yjg+2lbHOfTfLDyNli2mFXTiA=,591,0.1282693192356457,6.0867747269123065,0.2391799544419134,4.0,65.0,0.695852534562212
junyi,temporal,0,2tKnUmnucgz4dVzTefKY0jsYdmnTfpuCZoCDvA49L/k=,180,0.0712110797564189,6.656726524178391,0.2342342342342342,6.0,100.0,0.2793448589626933
junyi,temporal,0,30tNTRnlyLs5r1ni/Lc0PMtHJajnPKrAhD37ZIOoIQQ=,1287,0.1152052054110778,9.517530910816006,0.270393527031997,20.0,1647.0,0.5534499514091351
junyi,temporal,0,31pm8raJKwwI41JrU+s508PpAfTazsyOVzK6AcUPbU4=,7,0.2188519367149898,6.102558594613569,0.4394618834080718,20.0,64.0,0.9217596853064832
junyi,temporal,0,375WTBbZdRYv/Jw/rnTv7auOCQAAiNliDREgtraOuH0=,2066,0.1353709364011693,9.53567943560506,0.3588558220167581,16.0,1482.0,0.4719537219312001
junyi,temporal,0,3Bb76ZUap0HQIBirEbaOpc3O9okCVcv5TcNx+GfSCzk=,3488,0.1168155404402652,9.667005436782738,0.3262177741179451,20.0,1364.0,0.686046511627907
junyi,temporal,0,3C+qN0SBDoX18ZlkWCo9GhwnYOVQZ4S3XcPPwRLkOWU=,290,0.1340325751566681,8.030409562130485,0.3665364583333333,22.0,270.0,0.7699913660835564
junyi,temporal,0,3Eu8lfUzzxW5b7/tSAH3gjzZMSa5Zu0vZJEc8avjHqQ=,368,0.1370486884413327,7.944492163932159,0.5899255054984036,22.0,226.0,0.8683229813664596
junyi,temporal,0,3FRmd7Ra1OoMuIMLg7kdD6GNoPN0J1tQEzwMpnuopVA=,1503,0.1082015852996904,7.966239776559467,0.1135022561610551,5.0,482.0,0.5994152046783626
junyi,temporal,0,3G6mZ4PSx2p5a6KftzQvLgJ9vr4dhJnTV8SVKGqIg8Q=,183,0.1539162407970167,7.399398083331354,0.4375764993880049,20.0,130.0,0.4854925775978407
junyi,temporal,0,3ODGnNWJeT6dSEdVq0/4+miAK7egH5D4MD5iRNsyKCY=,947,0.1090065474806838,9.224243277145174,0.5651444915672157,22.0,723.0,0.4022556390977443
junyi,temporal,0,3PSp+aLiSSlNgI+ZmYAMp/CUwJpbtLr21j9xOVFbKho=,129,0.1573665770449379,7.316548177182976,0.4082446808510638,12.0,133.0,0.5358331906754898
junyi,temporal,0,3Rmd2VQUBwDitQ5mXI3d4TO3qkZv/hd0NH9nOSeh9sQ=,2313,0.0972468546083156,8.524168805152662,0.124751688518077,19.0,840.0,0.5747871745021798
junyi,temporal,0,3RuMUvN/dcLHZuOG/Y7DJ/bcazpLCu/pXC6iqNqEXog=,907,0.1018063210427367,7.171656822768514,0.6079938508839354,20.0,84.0,0.7368746139592341
junyi,temporal,0,3T5CjM/cVJ69j4JcjfIpyFR12FVoH9zN8h1GhXhBCAk=,126,0.1532447019976282,6.851184927493743,0.350635593220339,20.0,118.0,0.8983973408985053
junyi,temporal,0,3UMCgqaFzwxkOnq4f8/PpYBxsI66yzicdM5uwfuBBcw=,1568,0.1173930491483532,8.913281137711804,0.3899582716381747,18.0,721.0,0.4071387115496228
junyi,temporal,0,3VfCWZFKH42xkwq4yzD7e3080d6sXtw7H8OM4GXFB/4=,392,0.1242169161156123,8.09925056179696,0.4655120024308721,37.0,276.0,0.7566462167689162
junyi,temporal,0,3Y3dv8Z1NFlxuvaLEK3OTOR8tgE75EPsZ93DaYMtApU=,1336,0.1542080945243311,8.375629627094451,0.4106937082277022,24.0,440.0,0.2718204488778055
junyi,temporal,0,3an/ohfFqHxFEA43RNM0CLh0slcV70c7Rah3pSz0KpM=,1503,0.1190626414734038,8.852378886511985,0.2015736766809728,16.0,1037.0,0.2676056338028169
junyi,temporal,0,3b4WEwcR5WHjNJnrhAcEIsTdouxsfJ8nSQZ/4ikf4SM=,593,0.1044494815977231,9.55951727573756,0.5502891804203696,21.0,1274.0,0.5166505619361994
junyi,temporal,0,3bHs8ubahqHEEoAqR+v3jiUd36aEtg6AwQwevvoB5g0=,9,0.1945286591847737,6.0473721790462776,0.4549763033175356,20.0,43.0,0.9242166246851384
junyi,temporal,0,3bi3IlXJCmGsHjjhLFlge9KQogLgE0Jf8uEEclJdq84=,1797,0.1249725977498676,9.077494458642754,0.2831524842946887,17.0,1134.0,0.6704789135096497
junyi,temporal,0,3cg9wquB/Sf1whKNOekAQ/XUQcTUeXeW01l06R+BbNE=,5220,0.1294783612857733,9.469159899742865,0.3223191538639697,20.0,1185.0,0.5495327102803739
junyi,temporal,0,3d6TySgzpTTKAQOg92jopidAKHKVBDpBnxMb8Sj9qZs=,206,0.1731525276362606,8.661812881026181,0.4715250129825169,34.0,488.0,0.6220735785953178
junyi,temporal,0,3nGnL8DTmGw+c/xyCRcMO0ZPv1fw3aecHbw/ZjJC5KY=,638,0.172956750212897,8.768885326134862,0.3587869362363919,22.0,711.0,0.471761582383057
junyi,temporal,0,3sOEuxGBKh09ZpcaBhWXk4+LY+clD2Zpu/qTcPUVkVc=,3517,0.0851711050435405,9.055906318669118,0.2117180205415499,16.0,1136.0,0.6901873464373465
junyi,temporal,0,3xqxJN2W+KEo3SBjh7HnXpGjB4ewSbm1j/18fCn05yc=,5524,0.1014833674454179,8.814776088545281,0.5935828877005347,16.0,399.0,0.6786431440045898
junyi,temporal,0,3yFVYhjNhMP7tnJJxuCoKfPObXOoeoA5CWP2jeb05pw=,8951,0.1732710301416837,6.311734809152915,0.4309090909090909,21.0,59.0,0.5616440917014369
junyi,temporal,0,4+ldnKTcBGARW+MU2EyI+NRoyL2s/Mi8v7Po4+/RR6Y=,292,0.0898417761582843,8.425077902508432,0.5753454704979162,36.0,328.0,0.7593984962406015
junyi,temporal,0,402dNPbx+4GTuJz3zqGawb4Vh7B9jYsME8+b/b01PwY=,9028,0.133902950267756,7.145196134997171,0.5074980268350434,18.0,149.0,0.6977611940298507
junyi,temporal,0,412PAnenNdYglQWXSlVtS1RYA7Yg60Wty166LCMaiHU=,1193,0.1219741141685883,9.62264867856634,0.3082373195603232,26.0,1582.0,0.5294117647058824
junyi,temporal,0,42SFjQ+xu0j97j13pHv3KG8Ha68fBYaZmYs3641qwho=,1138,0.0985503893591928,9.37007543009734,0.4830790213963004,30.0,1160.0,0.6872037914691943
junyi,temporal,0,44N1RXOiWg4Zy6x/GQwNyECUUWAykXTDm7q/dERMTZo=,5809,0.1188939021861156,10.321506859215644,0.2075185989861083,16.0,3080.0,0.3725353308036423
junyi,temporal,0,45ftKnZp9GFrtzAvKvMwoMxtJRjVTLZxIXl1Vo6PzFY=,3956,0.3223300674841992,4.04305126783455,0.2678571428571429,15.0,9.0,0.9519004619907602
junyi,temporal,0,467jZhz5FyJVTN9X3CZRReWVNyCr5ThuQ6pvvkgXTtU=,1700,0.1069790536834941,8.069655306886165,0.4641627543035993,16.0,346.0,0.7418292373954902
junyi,temporal,0,46ROXDc+6TtRsAPHki7/E82y+3AiRRPb1cWpd/9Y0OU=,3177,0.0931956558619331,9.920885329712547,0.1577886977886977,18.0,2586.0,0.4144831243371389
junyi,temporal,0,4BVALn5irV1247RL43vCYHrGwGO+WyV5JNasXCe3N8Y=,108,0.1617769364233094,8.082402253926244,0.2988257107540173,20.0,352.0,0.2795554037055663
junyi,temporal,0,4Cs14shCTLdfFnIdlQ4kN//z73I2k0ryjmF6E1FzBmo=,14,0.2703579632299286,5.575949103146316,0.5285171102661597,20.0,34.0,0.713091922005571
junyi,temporal,0,4JcS9o5eqSGmsfqe/xrIrLH6445lgnKVcwF9b24djEw=,266,0.1772154152666435,8.178077463849608,0.2752035944959281,16.0,495.0,0.7448275862068966
junyi,temporal,0,4MP++M0mzDth2XpfseRILPjwOXOAk+Z2oAquU+nEEYE=,7970,0.1053251005725895,6.651571873589727,0.333764553686934,16.0,86.0,0.789873417721519
junyi,temporal,0,4O/bW47dO93OOFh+q3pUoZX5kXQfbqI8onvu0RriUbE=,6946,0.1036599802420298,8.665785595466064,0.2122413793103448,16.0,654.0,0.5673558897243107
junyi,temporal,0,4OOqY/SxnrDhJYNG9IWfI75NGmUwzQF9qC7YYdUwrbI=,1026,0.1365328884081502,8.312135107648412,0.4403241650294696,18.0,457.0,0.8510916490124563
junyi,temporal,0,4SA/+F8g7P5zdbzUmu4C70OOtDhWIvjhrlb5KsJctFg=,671,0.0926743115363467,8.824824939175638,0.3105882352941176,20.0,830.0,0.4273255728951931
junyi,temporal,0,4SBeVrJgh8ZwvSY6e/VWdSa0DJUHDRe/l7oRV8lcMlQ=,4611,0.0947670587653763,9.601097851212073,0.1494587280108255,19.0,1673.0,0.4384368801762948
junyi,temporal,0,4TQW6WshhFY+RHtjqPKjxICmHWA5iO/57N39cYvvg94=,3400,0.1164604764436508,8.624791202014256,0.2608227052272319,18.0,688.0,0.6666666666666666
junyi,temporal,0,4XDfW1dI2Qj2YY+tPotz6VY0VwcPfBzlZtfQa8RH98o=,186,0.1635755342856971,5.3471075307174685,0.784688995215311,20.0,11.0,0.7747977862920392
junyi,temporal,0,4XFuNjD7fAKEKH6jyDqZPZJjoVyNn2hc2m3fVVgE2/8=,146,0.1164871662446896,6.444131256700441,0.2452229299363056,6.0,67.0,0.4270653158718392
junyi,temporal,0,4ZORM6aG+AuCdVwSDcuY5CIGomxB+yV7jEQ3c7BV9w4=,9861,0.1362324678169447,9.085683767376628,0.2057324119179789,21.0,1168.0,0.6193181818181818
junyi,temporal,0,4aBoITa95u1u3wbHY37hPJIFFinn6ZnQjmZmH1sP830=,2080,0.1411270853930965,9.442404020664952,0.1825390532075173,20.0,1619.0,0.6007751937984496
junyi,temporal,0,4h8h7HJckqx804hyKFBQcjS2w4U2iK5KAgIjUD62vJk=,1510,0.1240986017316012,9.061376218836225,0.2420197330237957,16.0,1084.0,0.6838565022421524
junyi,temporal,0,4iIvLk0lZ+0GBDS1C/Manl0Akf1WtIozwfMOkh1/PFc=,4888,0.104792482373015,9.421330367117822,0.1629413670229996,16.0,1325.0,0.4441343511764472
junyi,temporal,0,4nAkvbt0uRJybF6KnVxXm2BOHbmsyDH76Yk/noX63o4=,1967,0.0904838350772773,8.998136760700307,0.1640905156423889,16.0,1061.0,0.3430493273542601
junyi,temporal,0,4ocFSB0WJ+OdC6URbytP90Mq+4KaJGPg3s0Dq7kysgw=,744,0.1070775829295637,6.695798917058491,0.3205445544554455,11.0,106.0,0.6899012074643249
junyi,temporal,0,4p305X/NqL1Zx9j6BDJEpiQx090kFF3o/LTTGJt5s/E=,6759,0.075449863698113,9.782223465043089,0.1410668924640135,31.0,2220.0,0.3164556962025316
junyi,temporal,0,4wPA+igxcnoZXHzbK57bUr7kHKW3/0BlBZX/AhhSkEk=,1484,0.1051755992597159,8.114922974204593,0.4759198324857911,16.0,326.0,0.5817805383022774
junyi,temporal,0,51yeHVqlt292oD7kSlyIajwHuUui7mT8PnYSMxUExjs=,2990,0.1140925360192401,9.13905916997122,0.3515197078724089,16.0,1011.0,0.6346153846153846
junyi,temporal,0,54iaIjJ463HXFF9nhiwi/1eQIB9mSIwg4hA695/iDZk=,1714,0.1342082585672709,9.583764265872883,0.4586259121575107,22.0,1083.0,0.8481986320689421
junyi,temporal,0,5BND+QhJLGTw2gPNqCs0SjqEQuGL+IN798lUL3RUG3s=,501,0.172770759855265,6.091309882077698,0.3174603174603174,54.0,41.0,0.7009345794392523
junyi,temporal,0,5BnT2c2+EFO9V0kttajPXaqmUNM2vAriGL/lJQdnidM=,1833,0.0890742494700302,8.020927718981577,0.4048636214262241,12.0,238.0,0.2563510392609699
junyi,temporal,0,5GSDEOPz8ykUYPVBbe6s8+TAN1rUxtQgcpirWtxAP30=,6336,0.0955564400003023,10.032803824006184,0.207469244288225,18.0,2331.0,0.409641731803701
junyi,temporal,0,5HHrsQn5qiyLxLdipqrxulXA40DVSUGJ5ciQw/cHxHs=,2460,0.0884889053040736,5.937536205082426,0.4867724867724867,12.0,42.0,0.4501926226457232
junyi,temporal,0,5J5VC2w6tQ7Fcg+P2oh3vM6Bo2l8bWGb6mdInIicams=,2568,0.120302909642648,9.659630959624376,0.2035607172484206,16.0,1893.0,0.2086450540315877
junyi,temporal,0,5KQ7wVusODIGXeR77YTjuxxWFJmiYmgbaEGhEYj+nLA=,2128,0.1343250458460654,9.857914707241372,0.4771823320075361,16.0,2000.0,0.3980911698211916
junyi,temporal,0,5ONBvVe9aUAWqO62Iz9waAwTucWIMbiDHCrXaLI33gI=,797,0.1493264641880116,9.384209641955154,0.530005042864347,32.0,961.0,0.7410993886072175
junyi,temporal,0,5XOh9hPgSIw+4ArOqH8SRFzrFrG107tCCpwFQcpZ9T8=,768,0.1008790696088605,8.45765547870004,0.2645435244161359,20.0,625.0,0.817836156239198
junyi,temporal,0,5XP5A34EbVYPsNgi2q9tNzuW5fSOenWfbBkAXDGKAfw=,1152,0.1116338038312582,8.481151420068972,0.3349232683533804,16.0,652.0,0.8935623372155881
junyi,temporal,0,5ZJ5qSJYX6dsa9HODIJqoF60NnmdmYfFjBKCus7D7og=,3961,0.1164745217846597,9.250137841850249,0.1971167707832772,20.0,1118.0,0.4703639514731369
junyi,temporal,0,5dlKZnVky02kPrQ3HjXsJq0FAO4nImf7Q/v6t5xOoq8=,1113,0.1121140882558618,9.7990710356157,0.5264764653641207,17.0,1590.0,0.638479595521849
junyi,temporal,0,5gAwpmADo34wxzAw/auRsRgPsj+RvWPNWhOj3SdP0Ss=,3667,0.1373178791600322,9.984145455553582,0.2518566354536649,16.0,2338.0,0.4366636931311329
junyi,temporal,0,5hdoig9S5bMSEU8dY8iuOOHDxIhRszCyjA2j1+HvnCs=,5683,0.1026656066456564,8.187299270155147,0.1666666666666666,16.0,480.0,0.5765176927484004
junyi,temporal,0,5j1q7lkHFW8HJEpfUarDBzEppNaa42zrbrz1xDFw+Ck=,462,0.1031618862054048,8.731174900938061,0.1393733850129198,16.0,919.0,0.543640121355043
junyi,temporal,0,5kSVSkNPjZ9e2yxsfdxafAY9krIn0DXQ6ltiytN0CPU=,232,0.1490630032414926,7.933438387627489,0.3672883787661406,20.0,314.0,0.6469156479026366
junyi,temporal,0,5lnlUzir6Rr7jFNvU6nOmmGn2BbhG6KD8yqbM4ThGQg=,2089,0.1484597723997613,8.843759381917984,0.3043290043290043,16.0,829.0,0.5710303570642363
junyi,temporal,0,5mFUoufpNkJhFs1oOkwpadisjYtcoP4eIjvzRWOShe4=,2713,0.1199766230311646,9.932755050216697,0.4094595250813383,16.0,1497.0,0.3333333333333333
junyi,temporal,0,5svTX6dhnFB2BXkiQO1O2qKKYggIy5f5KlvnEVntVhM=,4236,0.0896390259758493,9.517015920920498,0.1379158080659405,16.0,1804.0,0.6188188147746272
junyi,temporal,0,5zb/E6kSp+5Gs/Qc8wv83Dy5jLIhJ0UabdQmsqOQsXs=,17,0.2201891506419462,7.201916317531627,0.4638329604772557,17.0,139.0,0.509090909090909
junyi,temporal,0,6/W9+pVrE9AFh807PuW/my0HtmEcry1j37kEec96OoU=,18,0.3105176534878006,7.269616749608169,0.61602787456446,22.0,148.0,0.7
junyi,temporal,0,626yBYLPoc8DKImfxhg1tjUMl+mBpYA7IyBh0uG4zTU=,3461,0.1309420946919969,9.28442691532888,0.4498514115898959,26.0,873.0,0.2373777204218844
junyi,temporal,0,65YgA0ahggSdeaYBdRl82v/AO+pGzmZFqsi8TTDiP3Y=,4445,0.1199019375294908,10.059807306791082,0.1988624214172689,16.0,2689.0,0.4017094017094017
junyi,temporal,0,68qPK7TNOqHxa+vLFjF5SaA8s85h1cGPnEcSqmp/G4I=,1442,0.121657578207358,9.854559878912704,0.4349401386263389,15.0,1717.0,0.5088755511379566
junyi,temporal,0,6KWUZDbWrp4SZwz1c3Qemu0nKG1Ga6+YmrXtTMuil4M=,212,0.1865242039389416,8.302513718514158,0.4264815273989586,32.0,355.0,0.4362068965517241
junyi,temporal,0,6OqLfhKn7o3dbR9qbbxwkWWiO1BxMW3/iRqMJ3C4TNI=,1188,0.104704433001236,9.199784858036669,0.3794218718415201,12.0,1195.0,0.6186488320692596
junyi,temporal,0,6TZjFYjr52rgg/ZkgA/7oKDULdwCE70SrbpQaSU+Dhw=,708,0.115079198079644,9.392411897514927,0.4419806602200733,24.0,921.0,0.3900819006213908
junyi,temporal,0,6U61DyP2lMcrqSxLp8pU4JOtVvXq/BnxM/YXDVtOMbQ=,2089,0.1118998971916572,9.873543676163056,0.3044463908496059,22.0,2514.0,0.3904320987654321
junyi,temporal,0,6UJI/nUJp0n771O8yxGM05XhkhXAfGhsT0DUpIRFFVQ=,1056,0.1413218716170377,7.954723334497908,0.4241573033707865,28.0,308.0,0.7837090163934426
junyi,temporal,0,6V/YprobwdkqXU9Ck03rPhYYe4Q9XY9WSpxp86SfMV4=,2030,0.1268310949119059,9.47523988153072,0.3199815837937385,16.0,1462.0,0.5563925655695334
junyi,temporal,0,6Vtsi+hGTu16nZLlswQ3+aM8hW2uGguuyNci1tt2FGA=,3704,0.1044357568384058,9.938565079148823,0.330758460869985,16.0,1783.0,0.4312252964426877
junyi,temporal,0,6Y5XzaNnvoUiMar6dJzcl0gW14UUz60BXY0x7j2LqTc=,2784,0.1010609435966667,9.13194630454817,0.3744726879394267,13.0,851.0,0.4071856287425149
junyi,temporal,0,6i0db08vxp78rqzmscqC0FXbeJxoms6cn5I6cKthu3Q=,2605,0.1406797369180565,8.886962034866128,0.3438363736871199,16.0,684.0,0.5982698127639762
junyi,temporal,0,6nAU6ttRQrsVGHzwzudkjimJcBMWWqstLo4WIY+3API=,3931,0.0724253839385015,9.646011322141414,0.0913383789378355,16.0,2019.0,0.297752808988764
junyi,temporal,0,6oBJy9a+mLrulaDRintC7IOXA5h6oXL7oGZCUuH34Ag=,2663,0.1010641183642848,9.569621915779866,0.1372015081692501,16.0,1745.0,0.4770412262372509
junyi,temporal,0,6oV4EEiXnfv1cY4pXBitHQAXanttlx5+Tin1nYM4AWI=,463,0.0385842288544574,6.298949246855942,0.1639042357274401,16.0,104.0,0.726825266611977
junyi,temporal,0,6pvjmsSlGTJckr+l8pX/6w1tycejY0vnlCAB4Y1XM2c=,333,0.1077111909954665,8.97423821949758,0.3542299898682877,17.0,910.0,0.5270904816368027
junyi,temporal,0,7+zCeocizYIObv87m8EGftFwibVwD/QmbxfbCVzvqmM=,2116,0.1289775849303819,10.018689482224811,0.212913863018582,21.0,2610.0,0.4664371772805508
junyi,temporal,0,74uvGh9hBfx+jQdqw9n6TzJCCnr8Q5wDHJqUead5+RU=,1223,0.1535064926795898,8.453614209773367,0.2745683223193349,19.0,685.0,0.4591666666666666
junyi,temporal,0,7GfQH+xzSUY6otFf1vL+TrUfTP/mPShPsFPOrzb8tZc=,466,0.1386065648093009,8.971702399703325,0.4189944134078212,33.0,608.0,0.725135288469931
junyi,temporal,0,7Q7Ff0raH7ISEZGbShV9Ir0eGA4xKjVISqXU/om3sX8=,4780,0.1407369407613211,8.232440158470336,0.5582446808510638,16.0,301.0,0.9068217054263564
junyi,temporal,0,7SG42IykaqcKQf+BZ3fBFrPLaCiKOJJPkBDLvzzOpGA=,3502,0.0956394327449415,8.647694999480395,0.2747542134831461,16.0,628.0,0.6397088258842367
junyi,temporal,0,7Sm+J+ttrSwXrO/bKt4ZU534Mei/1rKNNW6TpNBbous=,1491,0.1122486826154515,7.927324360309794,0.4861060988812703,16.0,268.0,0.903846153846154
junyi,temporal,0,7TnOWfQ9G1fHRFFRHP2UNZ3SdWfN5I40rfh/K1ZepWc=,9425,0.1323695631368229,8.341648618901306,0.2334287076776346,16.0,461.0,0.6148275759202912
junyi,temporal,0,7XD1iSHcwJip7u6ZRYkTQhjk1DLbKL4lQMrf9nBWnX4=,1000,0.1330377288344316,8.098338846189057,0.3762165450121655,17.0,396.0,0.8823812898653437
junyi,temporal,0,7Z/KCQJ/Nos87439+IVOvNaz0gOZPSKmri8DEQgNazU=,829,0.1208824528790156,9.114710140960932,0.4947727522834819,16.0,780.0,0.5833333333333334
junyi,temporal,0,7bahRo+EXaR1vW7KnSZ4jCacIWZQrJwQEb99sSBqZ0E=,519,0.1114076408979291,7.2640301428995295,0.4204625087596356,21.0,128.0,0.8896434634974533
junyi,temporal,0,7cFI976r8aUQRMMibLQL8WwJA2qtycc67CAiCglG1yA=,7003,0.119047930606771,8.053251153549096,0.5612472160356348,17.0,259.0,0.6736526946107785
junyi,temporal,0,7czfGZNjJ+Rcey3EayH2GbR2/u33U9m2PKb1+lMA1bs=,9372,0.1163876162981174,8.80941494391005,0.5231481481481481,19.0,605.0,0.8362920544022906
junyi,temporal,0,7dWkhERQ653SMIMYe5OWVLn4eVm+680Vd2jEcsd4urY=,559,0.1804544886179295,5.648974238161206,0.3639575971731449,16.0,37.0,0.7333333333333333
junyi,temporal,0,7fbJaPJmoN2eKJr5ET2A4DTPY+IMpCxnc/1KKVl828E=,1082,0.1401646235902224,8.48301573961465,0.3167046160215276,16.0,587.0,0.4736842105263157
junyi,temporal,0,7fdHou+q4q/QY9nkfzbfGyWbvW6prJBGXnsOLgIlQbw=,444,0.082327880280859,7.44600149832412,0.3481308411214953,20.0,193.0,0.8093541454586586
junyi,temporal,0,7lZW5SB9whu/nq0QJ1pCSdPhmnwhRqHIldZ1Fu9tZfc=,5955,0.0811823388209137,9.520981848562874,0.1488784635683917,17.0,1638.0,0.5067373035223324
junyi,temporal,0,7rEAlWAqa1YJ7CQRXAVVv6XcsYdqKiyBAL2Ka5B2Ilc=,1108,0.1146190019806893,8.976641306722456,0.3067593177511055,16.0,866.0,0.3333333333333333
junyi,temporal,0,7weJLTdGePcbI6VZb5/eh77sHGzpnDTZXxgPlao6EMY=,432,0.1744317226316694,8.46695197497949,0.4438367690366007,19.0,494.0,0.3441311540170856
junyi,temporal,0,8+Ui8a/IXrjCEk/AeDlbsOtigJFg7t61Q9NwMy8Qzhw=,1042,0.1321411606829826,9.53834831589953,0.3902456595346156,33.0,1363.0,0.5897435897435898
junyi,temporal,0,81slPW4ugMYwnmjLjYrVz7eWERceMuwjaiOLE/U4Cg4=,2600,0.1082536312378942,9.427868184504756,0.2039584841902003,19.0,1359.0,0.4663865546218487
junyi,temporal,0,837V238PE+WJU81/8PpBu5ac7OXNU68cfC9XrqOMp2o=,187,0.114447799038122,7.995306620290822,0.5246122724207687,25.0,215.0,0.5100802096947199
junyi,temporal,0,86gD6UU9EwEF1gJZmFYJhq0JhD/6MJggjkNdt9CKiJk=,137,0.1694485008934118,6.150602768446279,0.5235042735042735,20.0,57.0,0.709005376344086
junyi,temporal,0,8Az3OnwtgqatpwpQiRDe/VxoHiiwkSdaRvVM/d9Ump8=,481,0.0970572043605257,9.17378011666438,0.5859958506224067,16.0,733.0,0.5778070946936382
junyi,temporal,0,8I8/B2pzv1x0TB2IYizxMzsw8l/i14wEn/1WNZM+UPU=,2614,0.0869603533639229,8.413830678421084,0.1237799467613132,12.0,716.0,0.6196510297482838
junyi,temporal,0,8Ncq2cefDusTuXeFUg7peZUP0xBVAEOXIeeF0IxNqic=,717,0.1364818906175775,9.421330367117822,0.3628927761580822,16.0,1245.0,0.6621313093915834
junyi,temporal,0,8WAiCr1NKNHhwGcicB0YFGjsDNAY0RXx5Ox+ypKfw5I=,4981,0.1593121105694919,6.052089168924417,0.4669811320754716,20.0,41.0,0.6399317406143344
junyi,temporal,0,8Y/8JyLIUk9y2/ZOMDwmEnrWF7pIdwt1lyaQRyxLRNI=,3057,0.1343347283665457,9.602247315485496,0.1715888355747786,16.0,1942.0,0.5076923076923077
junyi,temporal,0,8Y/LLPa4qJ3MkBetE9ZNbGl20pEX6YeQQlmiJUN8LNA=,517,0.0703695569569299,6.960347729101308,0.4596391263057929,7.0,126.0,0.7851002865329513
junyi,temporal,0,8Ym4s3vcF6pOUvb/40MoFgXhozbjEeY5KL6S60BHW2A=,4400,0.1064878748489057,10.018243789834315,0.3250858187330034,16.0,1970.0,0.4444444444444444
junyi,temporal,0,8bPBQBhp9U7NrhLkKfKLSGl2O9uB1gAOKEeWZT39hv0=,1397,0.128343077563191,8.741296282225147,0.2898481215027977,16.0,735.0,0.6666666666666666
junyi,temporal,0,8gOZWBxE7wr8h/rGa/eYrD35P96u8qBjlPgsaHLe/IU=,1550,0.1894638774235312,7.811163385025279,0.4171057965139846,15.0,251.0,0.8852459016393442
junyi,temporal,0,8gP4KXoWBPXMgFg1cGnXshZYBZU+gowtj0kzfH3LDIo=,1010,0.1348051995202479,8.804175018753625,0.6066656658159435,20.0,501.0,0.1848617176128093
junyi,temporal,0,8iS7x756R3pFJUI3YiqHZJFPniXzmPnp2z6qzvdCGnA=,2123,0.131245713398062,9.54824016058858,0.3558028390042086,16.0,1455.0,0.3475935828877005
junyi,temporal,0,8jkEHU4ZGZRzZmBTkQGDvsyLjZIUExZmATnB5Xh7RnE=,883,0.1002684040799302,9.265869681768663,0.2678334910122989,20.0,1249.0,0.5697111974306978
junyi,temporal,0,8k+9SvG1ONpORy6T3RZLB31a0oaYmZCZLbpxKfRT180=,4134,0.1046206496200473,5.749392985908253,0.4121405750798722,20.0,31.0,0.5468940316686967
junyi,temporal,0,8k9UdKViQ2bczWr7yGZpegN088XEN6uGJi0UI+kr5vU=,5363,0.1431419166710951,8.901094121608562,0.2569832402234636,16.0,864.0,0.6419753086419753
junyi,temporal,0,8lMQHDTU5EwGBMdGd+c7Ud2X2hPbTj5eNQyD9N+bMKw=,2241,0.1074752250182601,9.453129675537228,0.1942417823801678,33.0,1606.0,0.3278688524590163
junyi,temporal,0,8pMUDp4kBRtzPo1x8x6E3RZvxvLworxgH8lF8X/YHEg=,6976,0.1240248462695114,6.656726524178391,0.5070785070785071,20.0,70.0,0.6332378223495702
junyi,temporal,0,8r/LuwAYZGqYjMC99f1GuYesPmAC/r9IICHF832X20o=,2303,0.1086348376660592,9.431962766918454,0.3282852564102564,16.0,1240.0,0.4414639354187284
junyi,temporal,0,8xpaZEEZJ6206ep4as56VEyc5msrupMEjwLCnFKp7LQ=,83,0.1970344688967768,8.0925452638913,0.3695319669623738,20.0,308.0,0.8083247687564235
junyi,temporal,0,9/bbdH6Njs7y/o/QWcJf3YPX0UcgoyiUAexULCLnKbI=,424,0.0954524380822648,7.767687277186908,0.5402201524132091,21.0,191.0,0.2610981914260603
junyi,temporal,0,9/t+DtjQ/LZtSlRiyxT42j/uCkaXNx3dilnbirw8Idg=,5365,0.1106847335836821,10.057238152342046,0.2978604810701882,20.0,2424.0,0.2230732407850646
junyi,temporal,0,90InnhzKdtZM0H2+oxk5FJn/2H0Ms1RmMgi1UjxE9FI=,1234,0.1095942335242535,8.849083518532339,0.2241997990526769,19.0,942.0,0.6582633053221288
junyi,temporal,0,9DvpqliuikAji14RPwHUjWDnOLbbWTLxJ9jsXn20c14=,956,0.0935667165122521,9.106201332235038,0.2214206437291898,24.0,1132.0,0.5708806368870368
junyi,temporal,0,9OXYxjWigzS5FgP5nZ1y1EAtwQihC19PGhDlRKqK3Pg=,11785,0.1264080690452137,10.124428680295138,0.2787443874278383,48.0,2218.0,0.3318075805820903
junyi,temporal,0,9Xac/b9GDl8fIMKKSkRMpyot1KsrqcJ/hE/axKQRwH8=,451,0.1227998344807231,8.730851903519232,0.5161550888529887,20.0,562.0,0.6104307194172445
junyi,temporal,0,9Xi5HaV/Z5cinEcWKVZMuef69TOyb3IxHlE53sgUbQA=,2420,0.1171186687671079,8.414495793177895,0.3331855464420306,18.0,436.0,0.6111111111111112
junyi,temporal,0,9f1FmaQfbOo76nn6Dbh5CDn3qfIP8JDD3YqD4/LnOPc=,1316,0.1296228547637155,9.340403256274351,0.2989111345275729,24.0,1310.0,0.5856526660633826
junyi,temporal,0,9jGMq1D6/YUFkliSwkqCwoWcAr1IYE6C0Y/kxGatKSo=,1307,0.1293520279240801,9.043458999670106,0.4273221460647601,19.0,859.0,0.3977636181909045
junyi,temporal,0,9lLzmJS+WCb4lxE0gk7bLrUFLMGJusLbizkGGvG52IU=,2185,0.0874162296361761,9.364519622823858,0.1421224069946853,20.0,1557.0,0.5263721226408704
junyi,temporal,0,9mYZdVIanfb2q60ypmKFtC5A+DcaoFToPY67MkZPrxs=,2565,0.071546022802734,9.346966969508008,0.0914245834423798,16.0,1635.0,0.574779427587691
junyi,temporal,0,9sB9W+3x5hEFUN/pFLPakL+0ubNopXBy3NGjYgRPSI4=,16459,0.0569318406792633,8.763271714012943,0.0531748514232092,16.0,719.0,0.5566988006372878
junyi,temporal,0,9x6ylQHM8NlCIaCOiZUyL0Y/WcL5HVFdi3T/TCdr9W8=,2617,0.0937796067087037,9.30118605527576,0.1524200913242008,18.0,1264.0,0.6937903261445997
junyi,temporal,0,9xKPJypj9iNixPJpQ2i/OsHZXTb1JcFP70VkCCOrH38=,9,0.4409376697407828,6.107022887742255,0.5647321428571428,24.0,45.0,0.7872841444270016
junyi,temporal,0,9z7XR/FDfIAlrvVwIbw6cXuoTHPxXx3Tfe2fcYkLFCU=,1170,0.118697008778765,9.65669147255669,0.5024,21.0,1320.0,0.7105263157894737
junyi,temporal,0,A2548sl8hqkIMIGY7mlg/p2NN83cncQx2SgT00lyByk=,5783,0.1329950266599127,6.706862336602747,0.3867809057527539,16.0,104.0,0.7819986310746064
junyi,temporal,0,A4uyvCQoQk/eDtSbRh4VQSkKghw1lxAz3hTuikhchB8=,2905,0.1086564124383916,9.687940077843546,0.2661125240369704,18.0,1796.0,0.5828828828828829
junyi,temporal,0,ABO0BTpEYfMxm7ab5QAZhbOUJGui6N8h7ohJBPwlkDA=,74,0.1715272959019686,6.150602768446279,0.4166666666666666,10.0,48.0,0.4
junyi,temporal,0,AFUszjsf6svmUlda54hgkgrK1VBaoOplWgUuvdf6qHU=,64,0.2631730598704962,7.762170607138205,0.3925074499787143,21.0,245.0,0.9215116279069768
junyi,temporal,0,AI1fp53PL5PAqIN/QBoT8xH/OkkpVuGuw+2Bfw9WjbM=,4733,0.0931944595456743,10.210898720168904,0.1611942493657389,16.0,2942.0,0.3700305810397553
junyi,temporal,0,AOPJ6VAg/KKkFJJKSu/lQV/vvzgscheE8m81+R3ZzIQ=,5032,0.1129341117876866,6.184148890937483,0.615702479338843,20.0,39.0,0.5028197725145549
junyi,temporal,0,AUKcVABab0p2gaDWuFp3/SBBMLdbzqtduBnXhYaNX4A=,810,0.0972422699181971,9.082166033252674,0.2326057298772169,29.0,1190.0,0.7058823529411765
junyi,temporal,0,AVQrq6G+1T2BculthjTF+IbOH3pgRM1G2mPRoCRxQXs=,1803,0.1128982931476196,9.50747760319872,0.3859870718478342,23.0,1453.0,0.7317564167086059
junyi,temporal,0,AWydRuHu2+cX0wAcWh9RcQJnBs4mFdeObcCzF1yM17A=,41,0.2213814273113158,5.25227342804663,0.3210526315789473,9.0,18.0,0.5600829875518673
junyi,temporal,0,AY0mOAFvi9VmstXOvox56zDaP9fa9bTwKm2mjraTSpM=,1205,0.1235551013093698,9.137877200242468,0.281505376344086,22.0,1184.0,0.7852800441284129
junyi,temporal,0,AcYYIf9FvFbcJSukoI+g8dbbVnGONCM2tSNWDBZPEVg=,2152,0.1060094332941773,9.613603056529149,0.3024188159828945,13.0,1317.0,0.4841515648252366
junyi,temporal,0,AftCWTe9HWCQtI7qOgUITUl2eWnLhe6p09IHSLTFB2o=,13824,0.0937066941564134,8.668024081118821,0.3671082057457423,20.0,563.0,0.7629592350276799
junyi,temporal,0,AinVdT3v40+Xkc6XK1PV8yd3nMSyxfXNylgOVqAUTuc=,465,0.122867434048244,9.18132342290569,0.5069494491918047,32.0,882.0,0.7222222222222222
junyi,temporal,0,Al012qyMxPulPF6AG/591Tc4yZpAu7WzF0W1nozqDjE=,1667,0.1401721596920077,9.053569596026234,0.2687178287318671,20.0,1074.0,0.7451248944553899
junyi,temporal,0,ApMn4fwBLAonJKKklY9Xx7r36OqGMSFOyTu/K5c9c+o=,2907,0.2033364084085869,5.181783550292085,0.6836158192090396,22.0,21.0,0.61657848324515
junyi,temporal,0,AqtrGa+Qvhqa4wB01SqXoQf7HJKNBmJRrvl6F9s1ANE=,5636,0.0721281453821017,8.797850648931053,0.0879286901344613,16.0,905.0,0.6246648793565683
junyi,temporal,0,AtutQaYoYed+bhR0nAKKuHcZCifFK5QvSh/zsmSBYws=,1696,0.1283550746478074,9.07589427542326,0.2134767189108797,16.0,1070.0,0.3555045871559633
junyi,temporal,0,Av3E5D+JWfyHjDr2vSsiW200MsgBmim5sLZc4UBQM/0=,2272,0.1045838069977422,5.805134968916488,0.5226586102719033,19.0,38.0,0.5776661514683153
junyi,temporal,0,AvVjpkv6dhnbfTduLjLGr3yAy+u/yrG3tRyFD0dnplI=,2063,0.1197455718767955,9.436838291102966,0.2580336496292161,18.0,1556.0,0.3980891719745223
junyi,temporal,0,AzYy1fVXRy9vByJG/zOf+okOqOYX/wK7VjwzQtO06mA=,3728,0.09430358429848,9.857286533635412,0.4896313364055299,17.0,1226.0,0.4006043178602401
junyi,temporal,0,B1sKmLxXJgGq4v5V6OiiviSQvlRRVdG+VPhw5mtnB2A=,129,0.1198257678007894,9.041211408968213,0.5015989577164515,32.0,565.0,0.5117873981997428
junyi,temporal,0,B8R6Hg4V/F/7VfoeoS3JflqvHVf/8wTTpw3F+5QRK0U=,2393,0.1122509292445569,8.507344855361422,0.3022222222222221,16.0,601.0,0.6888354944753904
junyi,temporal,0,BCz3hEB0CxBDHs6ebA0dwY/yJI1GRKhXo5MmxjsLONM=,3514,0.1307160976950045,7.580699752224563,0.3348647269014804,14.0,279.0,0.6
junyi,temporal,0,BFLeIt3fKT+RFErw4CjMV/iHEo5mzd9ZTYi6tORkpok=,13,0.4101335406303406,5.940171252720432,0.5567282321899736,20.0,35.0,0.9105304829770388
junyi,temporal,0,BFN7V9RhPTIHj+hfM4kCpiFoNMu4vJs73h071w1MYXw=,3304,0.1520634377472699,8.300280189852664,0.2964711729622267,18.0,456.0,0.604837084660987
junyi,temporal,0,BG1RsWojzEHzV28RBm/1iKi1NyZgDcDomLYEJSV6lmo=,13538,0.1332486884452786,10.459468169808977,0.2218111952282633,30.0,3362.0,0.25
junyi,temporal,0,BG5tyd78Q/W+eQU5e5tUTKS14+tiZ6//Zftq7fxiLYE=,3083,0.0838199479619758,8.760453046315272,0.5810853199498118,16.0,355.0,0.9507927682318758
junyi,temporal,0,BKRlVJjusXXqyF7Mti7eUJiW9bgzP/IOVLxgWOgdPdo=,1038,0.1382484220538955,8.433376705323127,0.3169458342397215,17.0,512.0,0.7248542274052479
junyi,temporal,0,BKt/X36NfFpI627PMWLYduGX+QjDoMwvH4t3vd7m8Fk=,3009,0.13614610798444,8.338544879988579,0.2331977995694809,21.0,520.0,0.6
junyi,temporal,0,BMWFDTPQo2WDehX7lEVqVUvQfGCijq3whIyPYMnjc30=,5491,0.1374273287948879,9.140347000155648,0.1820229539847688,11.0,1113.0,0.3896848137535816
junyi,temporal,0,BOsRDO+HYK8BWQZeW6NYvjKlmA4tI7BV6Y9tC1RIpQI=,101,0.2347141136184777,6.2878585601617845,0.4208566108007449,20.0,68.0,0.6635514018691588
junyi,temporal,0,BRVWXF/J4+0yaKyucGRj3Zey14U/6FJcgOtZsz0t+5c=,1595,0.1105216804468496,9.78824503702385,0.3433396925148693,20.0,2127.0,0.7058172826652785
junyi,temporal,0,BUPBhaJgHOYfys/H+7clnnHEW1LZ9koprANEAsxlMpc=,494,0.143448281824765,7.433666540166168,0.1839148432879952,7.0,285.0,0.8505897771952818
junyi,temporal,0,BcsnYUEwbuR5tS+BMG9YOQPDladPhc1gCufYlv/PNr0=,1465,0.1093379514152025,8.507546814364431,0.4718238739648556,20.0,420.0,0.7167755991285403
junyi,temporal,0,BjRt9ztH0eQGaMBHEBW3d1dnrKlg/t9cOV//Lvar6Tw=,1496,0.1192183165005042,9.438352054687252,0.2542197452229299,16.0,1669.0,0.4724062894048463
junyi,temporal,0,BrLr9H0NbhhH0E8bcCav8bq+2csWvEraQIgMmNsgvaE=,1602,0.1231679285745067,9.081824949740756,0.2548618219037871,23.0,1156.0,0.8159268929503917
junyi,temporal,0,BrTqq0RU5pT0MuL93VJfFGwV8IhRCgcWmdz0Qfp0i+Y=,931,0.1063861076256898,7.66105638236183,0.2463495054168629,16.0,339.0,0.581651376146789
junyi,temporal,0,BsX6i0arMQF4Pm3e13U2Hs8vkEflls6+v5TKh3xvkU0=,698,0.1157815824723122,8.566744970245486,0.3198172472872644,16.0,664.0,0.8802672147995889
junyi,temporal,0,Btds09v+9HMRx4P6eflC5gPQoNUwxSaOSdqT5SfNzRs=,2222,0.0866972621627534,8.431853144249223,0.1901960784313725,21.0,690.0,0.9048422378600588
junyi,temporal,0,Bwy+g5s/cdkK1YBAu2AbE00aDEIgVHvQLglAIAnNIlU=,1882,0.0956291324270599,7.954021087278037,0.5850316233309909,16.0,254.0,0.7275068681318682
junyi,temporal,0,ByQA/MmCIFpFDmbqdsY9HPLUXlMwe6dauKrJXJFmtO0=,6972,0.0907057273549354,10.197313214435868,0.2805814386880357,23.0,2817.0,0.2413793103448276
junyi,temporal,0,C0OnRDLdTPvcy6KEjcoRFC2/hqKUOxytXBGKJT2hbaA=,143,0.1666279597286463,7.749753406274437,0.5823275862068966,19.0,167.0,0.4886327169872405
junyi,temporal,0,C2AT0OBTUn+PRxEVd39enhW/DJtka1Tk90DUAR6yVdA=,4132,0.1499224023471763,6.942156705699469,0.3994197292069632,16.0,165.0,0.7427840275666362
junyi,temporal,0,C2mLl3LPA63WewP1k+Xh1aXlNuGWnhIOUKANkoz5sA8=,910,0.1085131769764472,8.661466680572662,0.2689177489177489,18.0,676.0,0.6317567567567568
junyi,temporal,0,C7iIbMZdPneDzT/rQltVfazJAO3ZwSES2ZirNpKCmeM=,449,0.1379428037706988,6.089044875446846,0.375,8.0,60.0,0.7403973509933774
junyi,temporal,0,C909uiishGWZRTfgsev1IhCjyL0gUD0ph9QKAYE+2DE=,197,0.1779275054701836,6.663132695990803,0.4386189258312021,20.0,106.0,0.6337139423076923
junyi,temporal,0,CEQr505iIq/1Tu39ojlsHXf7Y+jMalnhWU126UWdgyI=,12561,0.0903620708211463,6.915723448631314,0.5094339622641509,20.0,99.0,0.5109523809523809
junyi,temporal,0,CF13V6t23GjzMMrmb1dKAo7CKiOon8TM72V7olKWEgw=,780,0.1285890584853358,8.951310542097564,0.4606712453025787,18.0,744.0,0.4599406528189911
junyi,temporal,0,CHLr4TQcYRa8ps6Vpimyi7fiuL+EtoUaN1YAWoCE+Tw=,1926,0.1350081224163858,9.510963348560765,0.2758773878276321,21.0,1804.0,0.7962524135509917
junyi,temporal,0,CMyGDXUELzeplk/4CMeRIFdFeukLF5cACzMugP2ar2k=,7,0.2947216715131486,4.941642422609304,0.4028776978417266,20.0,18.0,0.8571428571428571
junyi,temporal,0,COZ39Wo+uIUO2s7c2VGEHjJf6Vx0xifxVAiaeHtaTdk=,11292,0.0954493363719178,8.503702601233739,0.1553122465531224,16.0,669.0,0.7474675555204923
junyi,temporal,0,CPI+5YCeEmhqdk6znJeii6jJUNl1QWGEvwCUJ6uLflg=,23708,0.0476878939753658,11.554259328463203,0.035626901044915,24.0,12125.0,0.3654618473895582
junyi,temporal,0,CVPAbATBJIcwj+W5tdHPMJPOXd7zjBzeCVdUuSchQOQ=,124,0.2812106617305788,4.691347882229144,0.5833333333333333,20.0,14.0,0.8656643356643356
junyi,temporal,0,CejMfdLJACR3d5PBzF/nALE8oDLqufdT1ThGCWBAtzs=,242,0.1506535179262657,7.668561108015897,0.3482935951379149,18.0,280.0,0.6289453425712086
junyi,temporal,0,Cfvrgm1Xt18sIEZ4kpSnePUQfJFC6uDZ281lZ6A7m+U=,504,0.1413157140113114,8.423761246623686,0.5301998682187569,26.0,473.0,0.9510135135135136
junyi,temporal,0,CsEbUU6ye3MWlxUXRNZ6czmGLlt70mRKs5S2ZyYEn7E=,1917,0.1271132686789121,9.935906338791629,0.262561719430729,27.0,2490.0,0.5153959275288472
junyi,temporal,0,CspTRnYx/rdKxnW0RuyjMXwx1vrcR55tQZDzjzV5mRc=,2692,0.1530469751247697,5.808142489980444,0.3765060240963855,18.0,40.0,0.561835080472312
junyi,temporal,0,Ctr+7eXOp1moXyVJDfXHxeK+VijAj+QGQf3KN4+waNA=,1667,0.1273021248613954,9.084890521258767,0.4829931972789115,16.0,685.0,0.6307073781955961
junyi,temporal,0,CveY41m7f7+cJ9cxZRljF7rMPXhMo990yikQ5KYM0x4=,2019,0.2610016418879116,4.718498871295094,0.5585585585585586,16.0,16.0,0.7948063005534269
junyi,temporal,0,CzDZ1MLXzGdIvkP/kEE92OzFgbVyBwoUvtEx8YXAzUQ=,4321,0.1063621555595341,8.734881892047483,0.3567176186645213,18.0,585.0,0.6740638002773925
junyi,temporal,0,D+FHl27nM1FORJIrrx21aDYgSjXGIM4nzk77BDQCSz4=,1583,0.1422904396221684,8.87514731685335,0.4704237169626626,16.0,785.0,0.8190567853705486
junyi,temporal,0,D9HHanexVehrjyeBGS1P8EJ90naPdALsOcCou88jhx4=,3320,0.1145651230024972,9.12913031655064,0.2731315760928517,20.0,1049.0,0.6213413975591316
junyi,temporal,0,DBCNxZ0sgsp2UnxD2QjnB5hpbDbKo2poEf5HLMnXhck=,9246,0.1027570895603827,8.663542087751374,0.368066355624676,19.0,503.0,0.5933170334148329
junyi,temporal,0,DDlDJPD+Pf0lX8WBgnOUdm1wA1bnHc1lsKlvUct+Qb0=,143,0.2278794314113113,6.689599269178967,0.460772104607721,20.0,83.0,0.8830645161290323
junyi,temporal,0,DH1woY0jiq5IXrppQ7IjlrjnVUoe9Y99FFrAnh4K9qc=,1492,0.121876752224998,8.353732642263202,0.4478209658421672,7.0,360.0,0.5373961218836565
junyi,temporal,0,DK+rYDqFxs5kQDeBg236ch52xxIxBdsYcrn0t52y/O4=,173,0.1744668196046972,7.506591780070841,0.5992303463441451,20.0,115.0,0.329721921271217
junyi,temporal,0,DLnrzChizTx453F5jnRlIz32VK1+v4h/rD4QR1q9KL0=,151,0.0968192351969662,7.198931240688173,0.5714285714285714,16.0,107.0,0.5681818181818182
junyi,temporal,0,DNXGwbi0H2VORtI1i1PGiDKE8ZQmugjzZLUNzuWQwE8=,722,0.1778993961930796,6.131226489483141,0.3899782135076253,10.0,61.0,0.7196363636363636
junyi,temporal,0,DRTrxTZ3EjiwnJUUqIsOLCqDQihuHkqux4RSUOkk2sA=,55,0.1619751886887984,7.898039690764619,0.4399851356373095,20.0,257.0,0.412962962962963
junyi,temporal,0,DVBcyBb/39zS15rRE/1kw6f60ixtFIs83UFgKIrKv7c=,78,0.1230606780602381,8.161089512845797,0.4532990574121679,20.0,348.0,0.5104477611940299
junyi,temporal,0,DX7JpJCwcJs6C2qejstdt0z/KJVJV2d6+HHL5VJxYEQ=,3057,0.0872263998326919,10.126911064657651,0.1183715908182035,20.0,3190.0,0.3122580194283318
junyi,temporal,0,DZOzPkrGKGiWZ0ZEIezqQG1SVtsv7aigoWyf1AIB7X0=,1001,0.1263454897965599,7.480428306074208,0.3797968397291196,10.0,182.0,0.2850376916016819
junyi,temporal,0,DgH+MRxk5YRf7Ngdo7+R+ibJY9IgkZ3LRX4c/KJ+JV0=,1243,0.1416762539126392,8.274866820685254,0.262554167728779,16.0,560.0,0.6176470588235294
junyi,temporal,0,DijENLQwI0eQXpvIEtawj3UvDDB4tHjXT54jhWoEXU4=,2795,0.1068346462177515,8.30844552038576,0.2920877495686468,12.0,436.0,0.6817316841103711
junyi,temporal,0,DmF26Iww/ia0ys9by6NpVRp+OxwD5keuuqZ+CbR56FA=,4747,0.1718893027266012,5.673323267171493,0.2379310344827586,20.0,45.0,0.6485294117647059
junyi,temporal,0,DnZ+4F0wfZyawol4t+/bAvIm5PTPYUC/NSZakKr8g4I=,1245,0.1115792507279559,8.416267272826277,0.3576012392122151,29.0,559.0,0.2476489028213166
junyi,temporal,0,DoDNUFFBBErUlGRh0wKmlOlznf+PtByhRT4bnpALAD8=,1751,0.0997036140915251,8.329175442077402,0.3795267986479961,20.0,429.0,0.3097824757150896
junyi,temporal,0,DsagSH6fY3fa91S3IfiweWR01YDbg7w40kuIJWwvvZM=,656,0.0770238172614282,8.42726848388825,0.6636025388487634,22.0,276.0,0.804028307022319
junyi,temporal,0,DtvKO1+2Ch/AE2FEfvJk1CyuVHFhFA08kGI64zamVfI=,753,0.1047412121252887,6.860663671448287,0.2644281217208815,7.0,142.0,0.8092715231788079
junyi,temporal,0,E1brbms8OjC9eR5b/1BQp/6KHCwAlnOG7ZFwXV8S/5U=,3184,0.1153579712864397,9.28868933838716,0.2763084889957462,16.0,1266.0,0.4175324625382191
junyi,temporal,0,E3B9SjT8bMG3v5nbUC0ygPR3x4i/oVjGtA/5V/f05rg=,58,0.1605563318148127,8.193953023563742,0.3797678275290216,18.0,325.0,0.2584846792365618
junyi,temporal,0,E8el1KULXDYfznMNQWPhOukFnqhiZit6gIGI/u9Kupg=,676,0.0552782302160235,7.6236419465115715,0.056723716381418,16.0,374.0,0.5859697386519945
junyi,temporal,0,EC3mXr36NXo2Y460UNktlpNHH4fmUjKYq/yDyy6NXUw=,509,0.1440781135547847,8.848796450925947,0.4387652548456568,24.0,624.0,0.4349726775956284
junyi,temporal,0,EH35TxVqqCRWfd7C+kBleb4yHsq1ycppE5AvnX+WQBE=,9935,0.1236808522928634,10.210236687705134,0.2242908127598514,27.0,2978.0,0.2605633802816901
junyi,temporal,0,EKYLxMLTcn5kWVoGOsh3zHLI31GB3V/xZq1IjjqFPNk=,2975,0.1132820785778159,9.123365357961776,0.2174339951996509,18.0,1125.0,0.5746636325695094
junyi,temporal,0,EQns4v7nyWQ3aZaF1kJ+TZcugJ3hlFkc153alreohMo=,136,0.0792039761538891,6.748759547491679,0.3403755868544601,13.0,89.0,0.2464589541577818
junyi,temporal,0,EaT2e1/r54WlF1GML+FRf3XenFqIfSU1u2hdakvUJVg=,957,0.1587909543918408,8.760766624241956,0.3026026967701474,16.0,712.0,0.5899738154207442
junyi,temporal,0,EeAQRS+kGarrxqFWxO5U2lJ12zE7xgtIiHO9ojBNYpw=,7611,0.0942833858973215,9.903637541287251,0.128937106289371,31.0,2384.0,0.2932410139272231
junyi,temporal,0,EeGMnhrm4kMsHkyciCkRHDKmLKUY/jHQd5H7C/vPDNM=,180,0.1359735630866553,8.647694999480395,0.2629915730337079,24.0,645.0,0.6993504935563477
junyi,temporal,0,EedOkesRVDnFwtBDegS+2DXjAMOSPgOvhPbGLmqAjcc=,1748,0.1335301164495577,9.530029703062944,0.1887258462879558,16.0,1847.0,0.3598649041098837
junyi,temporal,0,EiOn32wcldy/0j20uRGp8a2BWA9tBLVZiul1Z67Shxk=,3894,0.1953890189709277,5.513428746164983,0.4574898785425101,20.0,29.0,0.5603517186250999
junyi,temporal,0,EmMf7fKLNR/bxD1PlEAJpZ6oI8o05NkGbs2nb4hnj20=,1128,0.0730851485552051,9.556480013999533,0.4336752741422002,16.0,1205.0,0.5540540540540541
junyi,temporal,0,EoxaKgXtsgVLpnw8d6TdnsnnqzM2gEb+mHUwkOsZGpU=,693,0.1284170433858168,8.717845704894916,0.4479541734860883,19.0,538.0,0.6060606060606061
junyi,temporal,0,Eqh3rtLupSh4OZOBfz/QwrSxbdbPLXAGP3luGcRi7Kk=,2051,0.1477273710940246,5.10594547390058,0.3109756097560976,13.0,21.0,0.5287867078825348
junyi,temporal,0,F4GmvS4Bi2uZWkbTIc/2nAey1+AXYlAgQWpQcuY9HOA=,4768,0.1277350023894004,9.81432841621631,0.19849122615208,20.0,1958.0,0.4170616113744075
junyi,temporal,0,FDFKlshYbN4rO93MtgimwfpEoKerSWp1RFhoSKWXHsY=,1536,0.1178663133041292,9.2985343827121,0.2041937551506272,17.0,1252.0,0.5228310502283106
junyi,temporal,0,FFX0ABpL61Fw6NB6T5NXjBlQnaknwhJjmbrC3z1AyHA=,647,0.1487408640813888,8.878079256126435,0.4668153931957612,20.0,681.0,0.643134724632522
junyi,temporal,0,FGPC2guShr0Gk55qXrzvUeeAunh9m5xf7lFMutk2foU=,2119,0.0933178292545426,9.687567846311238,0.4615575550729134,30.0,1368.0,0.6322188449848024
junyi,temporal,0,FJV9jFDQLQAIAZoc7YboSSkQOkS3dNtCQAVDL874AKM=,6371,0.1361315290503277,9.636065519091709,0.300078400627205,20.0,1649.0,0.5236396977506992
junyi,temporal,0,FJzw+tZX1ifB8bWZsiI1O/zF5LjsyzzAKwvBigQ10uY=,1329,0.0990433066514334,8.774931387494947,0.178234657597774,15.0,923.0,0.5509309967141293
junyi,temporal,0,FOZdPAbVSKKgrQXyJeHVAVOYrXr2K5t8OYG1fJ/+Ex0=,347,0.1017958280933693,8.056426767522984,0.359023152553124,19.0,297.0,0.6117581808097615
junyi,temporal,0,FR4KFXSJBwuu1LqaZRVJs+gv6d7T8mqibchrQhNvAKc=,18225,0.095292010732386,7.624130585661289,0.4833822091886608,22.0,194.0,0.5124102564102564
junyi,temporal,0,FRnM1V06dIJJUcNhs6gQ74GXbm2KQ2J2MvCv8TmPQ6Y=,633,0.1037353033797247,7.497207223203318,0.1675915649278579,11.0,254.0,0.5995971802618328
junyi,temporal,0,FXZHogJiLvLU25++7dJCE1y9LEuSi4gulb0iPp36vdQ=,2630,0.123747527427333,9.144841389743489,0.4233849439402029,19.0,1149.0,0.7893462469733656
junyi,temporal,0,FYcSOmLQ15uJo7MMKj/zGR2neWU4YI50GUDT/kc9Y2I=,531,0.1221505442198133,9.082620630373812,0.4560227272727273,23.0,795.0,0.3686728047559282
junyi,temporal,0,Fbva86ABOgW15Bp8DdzvBmqz5++wT8+Lwr32PDvWBkk=,22,0.1691859501667998,7.728855823852543,0.6153169014084507,16.0,138.0,0.6762451430589898
junyi,temporal,0,Fc5XlXIANxkaDJS1pCHnp6bBBBrzfplmaPJWEhyHdh0=,2961,0.1348273573378107,9.833815879286808,0.2263978984613734,19.0,1934.0,0.4285714285714285
junyi,temporal,0,Fj4qR65Oj+FrvKsCqx/NszMakMB145XBuUyRAUyeMqE=,5814,0.0813955801653576,10.272772653189536,0.1512805447067362,16.0,2928.0,0.4786989570443698
junyi,temporal,0,Fn3aEQyqcTZhRlGzh6NLdZFpKY5yVIG9y9aAXfrRW+s=,372,0.1480287380506514,7.319202458767849,0.4781167108753316,33.0,133.0,0.2519765859828924
junyi,temporal,0,Fp2N843wQ4ascJJ2z+U5gFTitsWL/g/USFepwMhW+cQ=,884,0.1250323480446438,7.666221925662725,0.4573570759137769,17.0,251.0,0.8534393146462111
junyi,temporal,0,Fs7rh4BWTNyGyHmP1FDo2C0JQzPnyByghyUsARf8uvE=,211,0.1016030127262052,6.913737350659685,0.1820895522388059,16.0,179.0,0.7383367139959433
junyi,temporal,0,Fu7F8fXg/tjFKnFZoPpTGMQKn0gGxbJNebMMftkdJqE=,1235,0.1339250525030159,9.00565049932022,0.430780559646539,16.0,827.0,0.2872051035146846
junyi,temporal,0,FvDZFrVXY2bQd2/8mdGCy8jeH+9OoOsU4qeDzZSptPU=,115,0.1940275155655716,7.8050670442584895,0.4616639477977161,17.0,232.0,0.3705530642750373
junyi,temporal,0,Fwdh4gilz6J+a7i4zJMgpSHaln8cmbwVkMg5DeeW+8o=,2963,0.1061512110520681,9.581145019820722,0.2692573163997791,19.0,1435.0,0.4666229794670161
junyi,temporal,0,FzlL3BMs4RcndF+5SIruQoA/ds42iWUt+cuErOyosIg=,6078,0.1255877937628123,8.742254901886351,0.5018367672895703,16.0,532.0,0.6850574712643678
junyi,temporal,0,GA6Dha1MDEK/UJfiA7ab/hYV7PyA+y3Ff04A0q01FLI=,423,0.11253342264613,8.69851424787661,0.4718838645085933,17.0,599.0,0.8048780487804879
junyi,temporal,0,GBuuTGwr8n5kkbXa8dQb8tLv+dfcK0gZ9vNcFCjlDJ0=,871,0.1275939228186464,9.168788944817948,0.216743119266055,16.0,1385.0,0.6064592613505657
junyi,temporal,0,GF75cBxmQVNyy22Jr1Y+46Uk1eSmfjPm+W+v6nLnqBk=,2242,0.1028380857818974,9.199784858036669,0.1968870022235698,16.0,1264.0,0.3585930513606016
junyi,temporal,0,GIVcQl5Ns4y4M7bPjsFFJ8jr99ZIxBwMp3iV5FwbEaY=,3396,0.0998352095109366,8.99516499031115,0.3081979412129481,16.0,908.0,0.5754411235145841
junyi,temporal,0,GKsTLPdjoFT5L8MFLduUaKOBTgtAz0RjoP8E5qYsmF8=,3911,0.1263244515068347,10.417388442819046,0.4764169283684761,16.0,2890.0,0.4192913385826771
junyi,temporal,0,GLgbTk9pSzIkaPoN4xF271DsfbQI9fY+OK+9tsBiRH0=,771,0.1518137467232075,8.373322820996535,0.3693693693693693,17.0,605.0,0.3289855072463768
junyi,temporal,0,GOpS2Uap4gYwMnk0Li7V7U2S7wDYXRE3XijTxTdngsk=,422,0.171682801065631,8.37816098272068,0.4052873563218391,17.0,606.0,0.3221280602636535
junyi,temporal,0,GPPZXkxbs0qmtzPG952Kt89U6p108D097EKpuuHk2Kw=,614,0.1139836585750585,8.333991247194975,0.4834214320038443,21.0,337.0,0.924468875352845
junyi,temporal,0,GQxT3JGAhbU5cjX/+o/dFINzhYOTlP9i7GeQGgOIfHs=,89,0.1455292820177051,9.030735122676456,0.557869539198085,34.0,528.0,0.7159841479524438
junyi,temporal,0,GSi2GkiUGDNXuUqCrsNK5ZB5qW8bRkAoY9wEGx5rRng=,2654,0.1200930223845729,9.520761931397454,0.2817655253317692,16.0,1730.0,0.3705486044273339
junyi,temporal,0,GWrfasljlyqZ+UNT8MRgzzxZcKQFFHyQVMnG7T7Wre8=,3062,0.1253775297930621,10.147296104293922,0.2863524156576936,31.0,2529.0,0.5172413793103449
junyi,temporal,0,GXHkSyhWAOB0hH/wOko5D5pr0II7SUPrjnejCj98N8k=,8235,0.123458088900748,9.050523670522296,0.16510208871157,16.0,1062.0,0.6093481076239697
junyi,temporal,0,GZY8ga1P0DFvam+70Fjj0NwIsPACRwDe+RH8rmO/m9I=,1755,0.1285076048060657,9.123365357961776,0.4242854025747327,17.0,925.0,0.8383091593928131
junyi,temporal,0,Gac0tsJ6sYFX0zK9L6kkirwp3tvIjB7XfBt/4n74c60=,8575,0.1361967524062094,6.228511003591184,0.4723320158102767,19.0,77.0,0.4171792618629174
junyi,temporal,0,GcHA5YrQ/VZR/FtKlMu8Hmh6+nnO4U8azAFab0hzJQ4=,1619,0.1333140237329509,9.434443462785092,0.2340340500359683,21.0,1712.0,0.4452296819787986
junyi,temporal,0,GcuG2ukgxXmym9WSnWnlpKVNUFysZ8QfpAgpJMcheMU=,4207,0.1146528127724767,9.32741204356202,0.1858375589360377,18.0,1266.0,0.4669117647058823
junyi,temporal,0,GhFxv7BoAI++BrgjSP6mVEhEsO33gLRvb66hG7WW6iA=,769,0.1442601148071499,9.181940897454483,0.3998353740096717,30.0,986.0,0.6977886977886978
junyi,temporal,0,Gjss1lWMScHPWwWZlfDClUNvL+nDFQp9FEarWeurC+Q=,508,0.1917450071049214,6.583409222158765,0.4819944598337949,29.0,44.0,0.658967491179065
junyi,temporal,0,GkU4YRR5l1jeRDOWNQmr37Lv5G6jR8z3dHRsRgLiyts=,6468,0.145255325607588,9.004913941467132,0.2159174649963153,20.0,953.0,0.629526820366515
junyi,temporal,0,GoN9YWbQI69re/7NeUvdDmSwlJ5jhP/K1FhXV5R/+MU=,91,0.1674898327097992,7.076653815443951,0.4733727810650887,20.0,116.0,0.8014705882352942
junyi,temporal,0,GogTiwoGv+VkAzLYeC5+qm/zPzJ/9QGAW7+43gzaFyA=,8527,0.0475562753856924,8.1797604936999,0.0381272778245024,18.0,454.0,0.6007905138339921
junyi,temporal,0,GqjrKOz5f3VIEoX3SIXFX4c0u+ZQf78K7jEausPq1zY=,2,0.4431492760777473,6.754604099487962,0.3955659276546091,17.0,107.0,0.537712895377129
junyi,temporal,0,Gs2eHMkqvr4Vmv27og7SW0dttNc2vGI+ECb6wDhNGBI=,856,0.1361470421903658,7.875499292445208,0.4332953249714937,15.0,265.0,0.736
junyi,temporal,0,GwclrRm7k07DFC2KIvqVsFlerQ5flvoi99WUcJsWipQ=,1563,0.1248560057974804,9.22078562983772,0.3674782264449723,19.0,1078.0,0.5926794175287142
junyi,temporal,0,Gxwblz42IsMsZNyQ/o1AOV2zvb9lGbE/lk8NAHtE3uc=,1151,0.1538036633187825,9.56724528946897,0.3967665173572228,25.0,1387.0,0.5532480972591343
junyi,temporal,0,H+kjSpD4tvJlZwMTYPX4lhGX0K6WehpDCq47nVwRYI8=,2484,0.08600206958091,9.118882761487349,0.0848219178082191,26.0,1268.0,0.320754716981132
junyi,temporal,0,H4fOcqGek4BtHazEnZ2doEbvXkWwjby37JYFdtJWbLE=,194,0.1754200535669764,7.087573705557973,0.4765886287625418,24.0,134.0,0.5050723041914409
junyi,temporal,0,H9tE/axZ4DsmCfhZY9auIyxyBeXalwM2dnTvNSkhD+E=,4253,0.1225443956505449,9.344434106456882,0.2391988805317474,18.0,1489.0,0.6421430015995293
junyi,temporal,0,HDHAipSsrFpMgCVqD8wYT4JhziGVSgjG2rkkL3dKY/g=,2450,0.1178660102603086,9.366660126231135,0.4142502779916175,21.0,1041.0,0.2625698324022346
junyi,temporal,0,HKqPgUALqZGw984KFqAMeDwDJTi9cNhJ51UXfjzELSg=,1774,0.1371641968671713,10.036837678732883,0.4200945212672852,26.0,2006.0,0.6033627507445074
junyi,temporal,0,HMhzLW9miVf0WLDDX9F7g67mAm9td0TfHSo8TeZQj5M=,1451,0.1034353066936679,9.498597279178806,0.1940029985007496,20.0,1413.0,0.3448275862068966
junyi,temporal,0,HNE+oAEQp1JlBxa/P70tJmhSzwORSx4tR5MrBQl5jsU=,3771,0.0864033551812093,8.416709652837914,0.0805131608051316,16.0,675.0,0.6247631080227416
junyi,temporal,0,HQovuDJjeLKXHO9abi0E4pR8SAROYKEviztcwbbZxTA=,2631,0.1471517269014657,8.248790733696413,0.3160648874934589,16.0,420.0,0.8881590622747975
junyi,temporal,0,HVK5NzAAwATh2OikiX5NMJyrMLE5+2ef85INuQeTIqU=,1842,0.1409107021314574,8.616857514529183,0.4130001810610175,6.0,544.0,0.4713804713804714
junyi,temporal,0,HWsQi2gh2imZ+B7lfffCgOj8uzOy5kWwOYfTHpW0BI0=,345,0.0982854480883849,7.191429330036379,0.4129615674453655,16.0,171.0,0.784688995215311
junyi,temporal,0,HXnIAxmCDEWAJJV2J7f2pEeGvddv9MpcRjbckar9YTY=,885,0.0976308490156254,8.520786726926367,0.4857484552521427,11.0,370.0,0.581808097615086
junyi,temporal,0,HZe7qpPO4/WVhGuUwG7X8OhFgaJ0n4RPiM8TGcfu2jw=,1289,0.0805136177680166,8.602636673233706,0.1426997245179063,16.0,773.0,0.66875
junyi,temporal,0,HZjujc6emQQn14Tviy/t0Xw8v8jRJ0J1Le11NzVrlV4=,4738,0.1006189815683053,8.985570498917388,0.1119459053343351,16.0,1135.0,0.7220894296505931
junyi,temporal,0,HbzxHxzxJEcXXmpGxn6HVgsAeH82lubPagM1RpCsh8E=,1233,0.1351088500813568,9.631153757031148,0.2959096579344757,22.0,1701.0,0.4322845417236662
junyi,temporal,0,Hd9OBbvjHN64sdMS8xVftqco6BxQnrWHOq1Leu3ZjWE=,3226,0.0917790302473005,9.833976689772,0.1185677530017152,16.0,2484.0,0.5019012506325453
junyi,temporal,0,HiffIWPAC1YJDwu8WRYatMOmxW/ufbs1/6A6HoWj1dU=,222,0.086660645365178,9.110741006753427,0.1986520826428018,35.0,947.0,0.4745762711864407
junyi,temporal,0,HkphON7FGZhxH00QM+nroOHvAGI5ntJX09tiU1Vu80A=,4130,0.131694671124238,9.8063707417564,0.3756887811329071,16.0,1375.0,0.4686185714793446
junyi,temporal,0,HniUZmsvDs7UGkQACuak9ZIBo5uVv1BxZT8RHR/uGhY=,1041,0.1254206165603356,8.941414628006845,0.5288574793875147,54.0,515.0,0.6131447587354409
junyi,temporal,0,Hx+/niNKmgHzv36efZiF8Q0C6Sfb5oZ9OfeTsH46vkQ=,1341,0.1111984856747574,7.88758403166028,0.1832519714607585,19.0,351.0,0.7110904007455732
junyi,temporal,0,HxDSyyUmHERWpro0B8nEQFWH/E461CuZXM5F7LpOHO4=,1573,0.0886897060849028,9.745780556506093,0.3988056905333411,16.0,1452.0,0.5146443514644351
junyi,temporal,0,I/598ZmMIMeI5NdTNKVBHbbhAMhZA3QRabeZhQ/ddL8=,8526,0.1185533544427023,8.010027528481734,0.4392026578073089,25.0,317.0,0.6612366230677764
junyi,temporal,0,I5F+V017wkGXlo9YHRtw1qVfzFDId1dx7MtIEKLw8J8=,940,0.1681592898014833,8.316789127071518,0.3150818870691763,16.0,566.0,0.8466593647316539
junyi,temporal,0,IEMYaVfcWrRohEaMdaspvChKtdAfFIeDu5dOMwU5tUE=,618,0.1028452953951008,8.47907586930311,0.3958852867830423,13.0,476.0,0.7723241026586186
junyi,temporal,0,IH5IsJ7NfivpV8YRPlcRNiwPmrtI+kJpCmIU50BzznQ=,6136,0.1346261157328126,9.186457431512853,0.2902796271637816,16.0,1039.0,0.7279693486590039
junyi,temporal,0,IN2rf9N8yr1JT9tAJXei08vWhgCbmljAZ141KO0Bdto=,2343,0.1051640180775329,9.331672657143708,0.2650367614491983,25.0,1402.0,0.2073170731707317
junyi,temporal,0,INRHW4A8HcdD24d9DGp5JEEdx6Z4StQt3X0XknSShA8=,595,0.1701170212823991,8.844912950899548,0.3597578552897088,20.0,791.0,0.7605765996097692
junyi,temporal,0,IVUvy0QcT07F2gkgugegsSriZOW7G5XrpVSXqY7TWl4=,2696,0.1607553455062771,5.707110264748875,0.3033333333333333,20.0,45.0,0.7262784143813082
junyi,temporal,0,IZmjDB5gc3QtqCkw10LYwtPthoXOeCmqIDr+yIt+r+A=,1369,0.1456249254957042,9.176886995716965,0.3399172699069286,28.0,1083.0,0.7404387751738686
junyi,temporal,0,IdFjvRDOndqu+VdtEnL+sMG3hOHxxvIoIE6MOCeqn+I=,165,0.1378978092957175,6.992096427415888,0.5611775528978841,20.0,103.0,0.9273209549071618
junyi,temporal,0,Ii1pVHrc3A/M6pPt8oHbceXvm/CskxJAkGhFtt4isDg=,404,0.154774856966307,7.266128779556451,0.4986013986013986,49.0,156.0,0.578727711062591
junyi,temporal,0,Ii5Cz6tdyODxCCa3TBksmL6H1pZRzQQ8oFfvyTRO+pA=,12448,0.0958452951652091,6.86171134048073,0.4706498951781971,27.0,80.0,0.8143063583815029
junyi,temporal,0,IiMukcYDN2GyT48gY4Z/D+VuYzqu4uN1AkHV+io7qzI=,361,0.1188956867844456,7.805474625270857,0.4362005707297187,16.0,264.0,0.2684824902723735
junyi,temporal,0,Iivwb5nkQMEAcelv+J6uucjr4biBoKM554pqeUoGhs4=,1270,0.105873972565526,9.127719343287843,0.1266565283510754,16.0,1135.0,0.5773490594233093
junyi,temporal,0,IjjEW09De8UieuEGOrK9rwUBobUbJgcphwsteZNFJcA=,798,0.1005394064516059,8.09009578318096,0.0950628641521006,3.0,519.0,0.630188679245283
junyi,temporal,0,Ijs1UshEIMgt1OcG6eKsXptj44RGEr6VuWhFcmr0erA=,24,0.2455789769689241,4.882801922586371,0.3282442748091603,20.0,15.0,0.7632311977715878
junyi,temporal,0,Im/O8JQfe6IGtnRmK02yN+R2E4DemgQCHqP/RZ6yXTU=,963,0.1310185917458755,8.829079952564836,0.1867037633621321,16.0,950.0,0.8109640831758034
junyi,temporal,0,Iq4bn747ApUwO7SvDR8vvfjBWGvDxAyBTsce0dN3Q1w=,7449,0.1053478553807931,10.256957365525912,0.1153130376768847,16.0,3335.0,0.2547528517110266
junyi,temporal,0,Iri0Mm69Jhy9dYumaZScJt7B6cHJhAjve5Ii96kP4vc=,6769,0.1088675830889813,9.317579122645782,0.1847093702272931,8.0,1315.0,0.3928571428571428
junyi,temporal,0,Is6C9Z4P5w/BKBc3H9gl2cC0EFpEQD5dKLQomh0Wv1w=,952,0.11834323983796,8.19063168090354,0.1647254575707154,16.0,564.0,0.6357759424677013
junyi,temporal,0,ItQToCzXe/WAeMATDm4tC8gEsJil65dsJph2puJeiSQ=,6914,0.1086799800495644,9.983176351437496,0.2251362083294856,17.0,2219.0,0.1969902832674571
junyi,temporal,0,IttU7X/dI6br6pFlzFNdqVSEFYzU5wvX2yFKtVdqbjs=,4155,0.0888547772019366,9.50873980776916,0.2881418818640546,28.0,1297.0,0.3273902340396853
junyi,temporal,0,IxasEWID5fnM7sM/cwJQXizkkLLKkLjqUftm4hy6264=,1934,0.1250528894063122,8.953252164609035,0.3127263321262287,17.0,881.0,0.393046893046893
junyi,temporal,0,IyZfGFQA5FLUNeChYAcVbxnayM12nN7CI/ZgFJRq3as=,2538,0.0767781047671196,9.623244409181346,0.0848388591092581,16.0,2161.0,0.5055762081784386
junyi,temporal,0,J3WqWuIL4K9D5AfOarCtTLZsRn6I8XJU2J1UZYvS8k0=,428,0.1320432659519279,8.633374945705647,0.3522707034728406,16.0,681.0,0.5426136363636364
junyi,temporal,0,J5c76AnfkB6hMQU+QWzlyPCdmUpqKhQeMZzspmG1HUg=,1747,0.0974808615762272,8.733271845008325,0.6224012892828364,20.0,628.0,0.5567522783761392
junyi,temporal,0,J8b8Ok1gEPROB5T/Vtq9jdAFAnS8sLo1ZMsdTpWLr0g=,7606,0.1371335955825554,8.398634855292102,0.2641891891891892,19.0,543.0,0.6154616128924627
junyi,temporal,0,J967JTnPp2BN291C9SMVH/p3iQ130V2A2rVdlybNUv8=,2382,0.0861510189866301,9.441610810502,0.1639552416474883,16.0,1733.0,0.6691871455576559
junyi,temporal,0,JBY82dSINZ2oyc72lrBg93wms83Z1GAJh8BWYZ2JMv8=,1910,0.2144629171776405,5.272999558563747,0.5567010309278351,20.0,24.0,0.7737631121092307
junyi,temporal,0,JBvKC6tCKbdKUiY5M0A6CA/lAe2U+PYlGYHrcNE5w+c=,2641,0.0970619154808564,9.584589972931424,0.2508598156555235,16.0,1351.0,0.4800496441555611
junyi,temporal,0,JLq4ipDD2gaVkE/NL1l6a3pfa1VXclx0VegIpE9bj5Q=,2486,0.1334828454017895,9.33917324381915,0.2351855108141375,17.0,1326.0,0.6130785306647375
junyi,temporal,0,JO/tye7QOCtigcl96GW7BmNDzKXPKE998STsaZtgC7I=,2211,0.1148590182835823,9.12052506765382,0.4216630196936543,20.0,721.0,0.4441926417986714
junyi,temporal,0,JSn/IrR9AojleJJunX1UPpeay9cWZA1jAL2BZ2RcmFU=,2833,0.1228008651321469,9.7538848483049,0.2450058072009291,16.0,1933.0,0.3548387096774194
junyi,temporal,0,JX8VtWTwbrh5ibmIbFVUWpUPiQ+0rW+HGVOz7RD0W4c=,765,0.1232214406863147,9.825526011066415,0.577004162387156,21.0,975.0,0.8212121212121212
junyi,temporal,0,JZfQaPLUEZBed+XMOOWufLndpgukChiiKsqH/d+cxlI=,2945,0.1447831559076194,9.70503661381229,0.2827001646441855,21.0,1997.0,0.4060816012317167
junyi,temporal,0,JcrFXI7wzq/14kZRPCdix3feq0/yQh1gHU06bGQwNBE=,8823,0.1045651297966658,10.593730519948684,0.2334077175739036,16.0,3820.0,0.2
junyi,temporal,0,JeJ/U+YZ3HU5Nr8HVj98IUq5D+92/mnaxITEPQlJr7k=,2578,0.1031890280949456,9.436918020024674,0.2836868123106363,17.0,1342.0,0.5542189041608546
junyi,temporal,0,Jk155nzVVLSMQ3+fpddzICkIOrVE5MOJx759S/AF/dk=,983,0.0922880612563868,7.85979918056211,0.3652509652509652,11.0,242.0,0.2860442098317387
junyi,temporal,0,Jk92rjScG7+mMuAptzCsrhBXKpDuLQA6KI3ojSVY0LA=,364,0.1478650696309549,7.414572881350589,0.3863773357444243,17.0,197.0,0.2460273972602739
junyi,temporal,0,Jl92cIZYcCutl8sqyj2VP8UbUigvqBoHBO/R38DK1DU=,7586,0.1159865598825596,6.946013991099227,0.3882466281310212,18.0,84.0,0.8388822829964329
junyi,temporal,0,JlLOrhjyKOHgQMgBDevMNpEYdnN2KuLkLOsihld3/ug=,78,0.3092912268371154,6.45833828334479,0.4050235478806907,20.0,88.0,0.9069981583793738
junyi,temporal,0,JpYzPRDw0n+B3QTPjgJAEBPXFwlycyukYkLcooX0mHM=,2463,0.2438245830643193,5.030437921392435,0.4013157894736842,20.0,26.0,0.6573402706508509
junyi,temporal,0,K+/l1QecCKo4z/PiXGWgLmP5q07XSMDUh34+HKmEltE=,530,0.0899815723106686,8.29853954537488,0.5875031117749565,16.0,338.0,0.7299270072992701
junyi,temporal,0,K+E2pj1HgSC5GexBpChmTuG21HlO2wcCulMly1KSNE4=,782,0.1341969357991634,9.173157580848466,0.3733651650404817,19.0,883.0,0.3063493100232592
junyi,temporal,0,K1JDDj+chCE/ZH5wzdraQHI2j52Nzy0JBJmeLOgq3vc=,8163,0.0923736207220582,6.890609120147166,0.565173116089613,20.0,85.0,0.5119650253106305
junyi,temporal,0,K4GS8qPmRPsosinHUMiie4K4rcAVcF05OI/bcQqHJdc=,3817,0.0923600631734546,9.1616751999949,0.2871692566148677,16.0,1117.0,0.7175811895639481
junyi,temporal,0,K5JzO6isAN9xTFepnDicBmb9YTIOvXDUHwa60hwxCjM=,1036,0.1268282834261576,9.84575250188489,0.4637389415691052,25.0,1700.0,0.3893709327548807
junyi,temporal,0,KDOmuTrY/IJzDP4kIgIYCBiGyTymsJ8Iy4cDB35WGYg=,3777,0.115665335270315,9.819562317598368,0.450051661319267,24.0,1539.0,0.2896425297891842
junyi,temporal,0,KDUfRj93vFrSB/KZ2C5TDu8EQ8QkkkSbtjQjYVletro=,105,0.235870169914796,6.694562058521095,0.3531598513011152,7.0,108.0,0.3708086785009862
junyi,temporal,0,KDeSPE8wIGcwIv9i0sJixfdUBqBN8tnZI9NwJHm7n80=,366,0.1417662115282574,7.866338923046544,0.3502109704641351,16.0,366.0,0.6887755102040817
junyi,temporal,0,KDmidXT8+B/WOtPvVSWF6TKTO7xeI+S5CqqmaRdkHcM=,3555,0.1216365956105672,9.2057297594185,0.2504772430422988,16.0,1312.0,0.7928994082840237
junyi,temporal,0,KI8O4kRTA9hmOK449IXRIVsj/XvtODOvymAcDaT90dI=,2459,0.1192956470149865,8.613956859848546,0.4131105865262393,21.0,658.0,0.8509895227008148
junyi,temporal,0,KRStnam9HyVFJNcPipeCdLCojuvcpEJluG+TnIQa/Qo=,34,0.1466057284132522,6.61338421837956,0.4193548387096774,10.0,60.0,0.43397117268085
junyi,temporal,0,KRXigmwLKxDb5f7nG9tNMvk7+Ccz8OTTLR5foLjtOY4=,1680,0.1020052930922247,9.2308290384035,0.5083284342543601,13.0,841.0,0.6154085491359915
junyi,temporal,0,KTHoYjN6XAYd5rCzRQ/xn3o7OozbvxdwUeiVYFSJPGM=,1126,0.1701472784571604,8.60135049942296,0.1906951084957705,30.0,775.0,0.7457578372159908
junyi,temporal,0,KVamuw/JPWoQiskPUCpFW+TQbKOEJonhNcUCJlTcVV8=,850,0.0746429724246263,7.721348612617949,0.3853658536585366,13.0,184.0,0.1917808219178082
junyi,temporal,0,KVumCxlGcZIZ8c8xC2wj9/EVY1hSqjb33TZDX0OIaE4=,1492,0.1462217705362057,9.096163326913784,0.2282511210762331,28.0,1212.0,0.7929534115718373
junyi,temporal,0,KX1s7/Qxk6pH/qGwmxl1hIM9Tasofefi8z7FpkP1IcE=,905,0.0838067026317469,8.029107054619736,0.6072359843546284,20.0,251.0,0.7538915727321525
junyi,temporal,0,KZFLNJ+cJ1JF1DMYCDMHTCmpQfHjQ0cx0lpYJfL19sM=,2290,0.1066725664865378,9.168267595554276,0.3550641493689371,16.0,1158.0,0.5749613601236476
junyi,temporal,0,KaJlr5jTCShzkQu8T3MYWsJbqqEXtX+F4w15fmUPlOE=,1094,0.1343557958168078,8.435983135990694,0.5450206118463875,20.0,407.0,0.8571428571428571
junyi,temporal,0,Kb79tl+Nvf6D1h2jOL9TPzcV7Bd0QlIDpHl55dgLBKU=,1204,0.0943186448028766,8.630164670075398,0.2951581204216544,24.0,622.0,0.2144144144144144
junyi,temporal,0,KcShnqrGywsZWe5MG0nYWJrimCRKokw46irRW+Hoc2I=,2375,0.1513980435656726,9.481283120423663,0.312104339867287,16.0,1336.0,0.2813559322033898
junyi,temporal,0,KeJmbhOn5D4GwVbthjGdNmvg+pW76XxfjkZizeDWUpk=,480,0.0954788105973118,8.282735880201754,0.2369752149721801,15.0,573.0,0.3340920499621052
junyi,temporal,0,KgVjZvzzM9YeUr6YdniKOUEu5U9A1qHrbdthvkqUg0s=,1275,0.1355827403758817,9.537483513308878,0.3797678275290216,31.0,1300.0,0.5666666666666667
junyi,temporal,0,KlMtgQyCzeyNI/luVLtY/TXszXJrew6gRhfjeyt2F9w=,1679,0.1072346970426199,9.669219856718984,0.4650486664138541,15.0,1102.0,0.7671864820412043
junyi,temporal,0,Km4UtamxG5HOGBYO5bAFwlruZSFNKxlILK2wKiFEcSI=,5113,0.1074659663707152,9.323847612769775,0.1554325506651191,16.0,1371.0,0.5216752387950037
junyi,temporal,0,KnnV92Q4yuuCVckJy9mwIY9AjLwwiUnTPus2pCC1FYo=,120,0.2305412875798841,8.381831553485561,0.4294548786074209,22.0,395.0,0.7923554187444211
junyi,temporal,0,KpJfQutqPUoUbwWZ5oNFKeVhvKqXZcqL69vsPEHg9jY=,2703,0.1154524856991239,9.599133945796376,0.1893430953833638,21.0,1950.0,0.2785252960172228
junyi,temporal,0,Ksao1OzuQrrxT6tlJ/URlJ5P6Fi0NsFEL/yG31harfo=,228,0.1756353170647727,8.644178203170727,0.4277660324171952,24.0,474.0,0.6483618960012265
junyi,temporal,0,KvhsJhsUPgRAkELozyZg5wm6g/5PWhrs7XkXvqja6R8=,4331,0.1146060247807227,9.834619673237327,0.1808442254124705,20.0,2434.0,0.3365292690101485
junyi,temporal,0,KvkCQpg/2ciwASQU0QFSk9H8gE1eAan0r1NR8jdIXF4=,999,0.1279646932693744,8.504715669905124,0.2653433259064209,16.0,737.0,0.3276553106212425
junyi,temporal,0,KzqwnxUK+iRBndR+lzXwahSLXmETUnzgdJOrYdF4zxU=,1234,0.1023686160309398,9.298442820197728,0.5704212454212454,26.0,806.0,0.6175541864321802
junyi,temporal,0,L+pBxoDmfvJzX698b7RhtpKO1uhwzPak3xnbSyJzECo=,939,0.0647632950367416,8.679822114864455,0.0623937436246174,16.0,851.0,0.638613335105146
junyi,temporal,0,L3ZeqTupA6ZuETrW3aXaw86JZGYl1uRF5LkZGKDhois=,2206,0.1150695173792179,9.148358579620302,0.3678442221749308,20.0,1008.0,0.4656425940993292
junyi,temporal,0,LABXrcnSSYw9D5Y6UesjShprnzk2yqms4v5kBAod3uI=,553,0.1241880650497353,9.219101877644755,0.3345890750470903,26.0,1048.0,0.3053016453382084
junyi,temporal,0,LCz/rIBPDjV+9tcB8P8On0xwPups1k9t8fcMBsc7rRs=,1614,0.1328997503045157,9.387649386946594,0.2583130915487059,20.0,1304.0,0.4371980676328502
junyi,temporal,0,LG7hX6thwID2W3qbOyTOucKWMcrkvanRX6GQDsMfTQs=,749,0.10749849796703,7.052721049232323,0.4606060606060606,11.0,140.0,0.7885657959586003
junyi,temporal,0,LIglPayokICs9zOBBba+6/GlGrg6tTHTfZ2ahuKWfNk=,304,0.0933225894787986,8.791486026749002,0.482438801885358,20.0,494.0,0.4742109314857582
junyi,temporal,0,LQrGjVlzt2saOM8v9XMeeVj0T00lsFpsdJx95qQza2k=,67,0.0941095031909088,6.610696044717759,0.4393530997304582,15.0,73.0,0.6887974931453191
junyi,temporal,0,LVQFQmyO5bd6aJa8iZwe04tHXH1gEaS9K+H5oxb8raU=,764,0.1227492505174949,8.310660905907225,0.3558780127889818,19.0,566.0,0.4498216409036861
junyi,temporal,0,LW5fheFKmpxrYPVEAXjEcNUtz9PChr6yjz/enILitwA=,156,0.2266699103041528,7.7437032581737535,0.3278404163052906,16.0,251.0,0.7760607354034152
junyi,temporal,0,LX5JBmC+vdiEQxmg1hxbBfGAanwh78vK0LYfaoDJMTM=,6578,0.0930962487544828,7.464509834636527,0.4478211009174312,16.0,229.0,0.6771076915890852
junyi,temporal,0,LZ/ZUlrBjPGOINJvKHRijqW+RIVb5QgOmkc74aK/8IY=,4174,0.0981804700431375,9.517310233335248,0.3292377869334902,19.0,1341.0,0.3916436768865207
junyi,temporal,0,LcAN7TMK1vKQDUSPxjKDIARJeOwJX98jW9S6vZylVKs=,474,0.1092782192824227,8.60337088765729,0.229032850064232,20.0,631.0,0.475177304964539
junyi,temporal,0,LeuXSh3STu/nWMAZErkg2yygA7NPJjux0zmz6eutQZM=,5666,0.1032341297679247,9.879246088163091,0.1988217213114754,20.0,1933.0,0.4034834925931543
junyi,temporal,0,Lgvpn5xUu0sbll2/53oFiSmVdcNM99MCNRPNcpyw1yI=,1219,0.1103329961407311,9.611596635310292,0.1614890198178896,18.0,1808.0,0.4057922250180428
junyi,temporal,0,Lhd00PvCdq23PNggSHEbszeZ68vTRWdg6MmaBD1kEZ8=,7037,0.108588438556044,10.259412215084156,0.429997548075239,16.0,2212.0,0.6703703703703704
junyi,temporal,0,LkGxmLWesEPJgooW03RGU1eRXKGzJKoyurxRYeh0KOI=,499,0.1214732811496945,8.607947554684701,0.355681402995981,18.0,678.0,0.7365541057788816
junyi,temporal,0,LpZS/GFsDGjF3rEt7YLZd8IYdScjZ5Z+5bJuJ/c2BZs=,5480,0.0997569750862733,9.80421955087746,0.3410458887845823,42.0,1544.0,0.2820823244552058
junyi,temporal,0,LrwnPq9m+L8jrO/2MgLsR7Yno06Qevd9IkZhsoY7DfY=,4467,0.1321778659422672,5.337538079701318,0.6231884057971014,20.0,18.0,0.8904203997243281
junyi,temporal,0,Lvy3d56mLmoLgxzNCF8tmLRCNBaq0S/ZQXkG5viaWX4=,357,0.1013400065073487,7.9865049385539955,0.3299319727891157,18.0,296.0,0.7511997298324293
junyi,temporal,0,M+UxJPgRIW57a0YS3eik8A9YDj+AwaMpTa5yWYn/kAw=,4208,0.1302677529439952,6.505784060128229,0.4476047904191617,21.0,83.0,0.7102310168168053
junyi,temporal,0,M4lv3w3T20+Z1YcnIEUe/CKdA/ROAHdY/dmcaJTg0hA=,923,0.141203517246616,8.389359819906353,0.3032507388042736,16.0,556.0,0.5103074141048825
junyi,temporal,0,M57I/0GVGuAMT7/cRvngV0AJF7YUWoBgB2+jdIZbSLo=,167,0.0955761716572824,8.200288260287554,0.4023619884647075,20.0,392.0,0.7772539776075427
junyi,temporal,0,M8Lfw5taHmpTdDkfSEoNpd9/xmXC2wRXO6O0Bs4qOIw=,995,0.1168773545967836,8.62299361030245,0.2278207666006838,16.0,944.0,0.596875
junyi,temporal,0,MI2RiivkQ8/bMsM+kVBZJpnZHfd2EWxrnY4/dl/VBKA=,4425,0.1746468203865507,5.541263545158426,0.3031496062992126,12.0,31.0,0.6167051832287884
junyi,temporal,0,MLd1zG5xQjPdScBoMFYa9Hj+Y3upNMhxFLidC8v2AmM=,3287,0.1211660525390269,5.541263545158426,0.5551181102362205,18.0,22.0,0.5581610660838419
junyi,temporal,0,MOPXEiz/NLBJOOXxlMiH+uc18WdVV6TmghrIbK0e56w=,78,0.1613375334403454,7.033506484287697,0.5507502206531333,20.0,97.0,0.689522342064715
junyi,temporal,0,MT7C8JLJuKRBwbHC7sjLfteRuwqBae+IlGh/2pBtUX4=,5610,0.1105804341125556,9.792164853891862,0.2634138162307177,35.0,1942.0,0.2517006802721088
junyi,temporal,0,MUbqU/Il0Jtq/WAby1VtcO+pS/tc7QnNE3TI/GuzuMM=,3898,0.10120181117688,9.858647078062974,0.4686748248091203,16.0,1564.0,0.3920482676023892
junyi,temporal,0,MefOHEpHMbpSlIglmM0dFv9PLECXPNiRwF5qFmNSncA=,704,0.1368329555948962,9.114159813502214,0.2321074653160096,24.0,1075.0,0.4947089782511322
junyi,temporal,0,Mg4qERZHTwwC2gbKK5PK1x83LmW5lgPUKB6xEdFM6Ys=,3357,0.0668489035861336,9.822006310668243,0.0677552348920472,24.0,2112.0,0.480151970074459
junyi,temporal,0,MjiiiChVSuiaHesBEPm6QmA0eZIz8dgF9wOzXR9La48=,2698,0.1121214926061549,9.542517684314516,0.368462586986154,46.0,1233.0,0.2976744186046511
junyi,temporal,0,Mp4dXv8p6ukOHl3zEXKwRT/DJ1jn+U/fHT3Km+vjH6g=,64,0.1195611932780593,8.163086375583216,0.6191562143671607,20.0,317.0,0.7056345989467008
junyi,temporal,0,Mujc7fhlpiAZ/8+VvJTuahAOrjvNECvtA4YBD6fP02Y=,8076,0.1422584248400697,7.157735484249907,0.4193296960249415,17.0,162.0,0.6438923395445134
junyi,temporal,0,N3wO0fC439PgPDMPRDVu0qGXZj+cYL49zF/sgQZAlww=,2307,0.0827590559092909,9.335738781370516,0.1513012792236435,16.0,1503.0,0.5464190981432361
junyi,temporal,0,N4oVXBKRiHKEYw6SebJh6pDSMFh9W1VBDaYMNp7HZjQ=,813,0.1021933643271067,7.79770203551669,0.2230895645028758,16.0,323.0,0.7573161045943304
junyi,temporal,0,N7RI6heSDN83dU42Jm5Q5/NhgGiBHJV/siihpGG9+YY=,278,0.127939796946246,5.645446897643238,0.5460992907801419,18.0,27.0,0.8256064690026954
junyi,temporal,0,NA/6rJli13WahqXIJO8Gc7iLmI2qc048XZuDwrQ3zlg=,3511,0.1223401417902518,9.53863641731322,0.3120633777457688,20.0,1308.0,0.3629242819843342
junyi,temporal,0,NBTrqZQukYoF9YwDkIjYlsqwaqpMVimSFrDmMuOXQRs=,97,0.1785663723500016,7.699389406256737,0.6881233000906618,20.0,123.0,0.7656999641962048
junyi,temporal,0,NLhQTo2U/eLlj+b97VT0UnW05Kshl68Axud4WJDoqwY=,2569,0.1078002243777782,9.644781588320864,0.2314766839378238,17.0,2029.0,0.3335873983739837
junyi,temporal,0,NNDeofPcfsq3nkylBjexLeCKrf/SETj91zj7YGiS0FE=,3243,0.1160043062720616,9.83756140241996,0.206377183143727,20.0,2152.0,0.5700604264051989
junyi,temporal,0,NPkrCjbLK35wefMCv6y6XMO5eYO/gthS6LGwrdjG2OQ=,3033,0.1030950422794166,8.747193183526933,0.1629052765416402,16.0,800.0,0.7750095510711454
junyi,temporal,0,NQq7QTnOTWDz3NSogiu6NV/2SjYWtPZoUc7Ijv1UI/k=,352,0.0709784187651662,7.585788821732034,0.4606399187404774,16.0,209.0,0.2631578947368421
junyi,temporal,0,NS6OkBviulEOoEuZxo/1C7WYE0TBn7Asw/DwVo28lW8=,3907,0.0994690234807011,8.535229553902337,0.4102161100196464,17.0,411.0,0.6968173592548935
junyi,temporal,0,NUYjCvs6zBkoCO90jnqqPYhJ04GkmopjXV6JhCOLkOw=,757,0.1005502231074608,8.853236764745898,0.4016580903373355,40.0,770.0,0.7594614019865578
junyi,temporal,0,NX/cV2Wm/e+Ky0eV3a9fb4uti9Fl/VPgmuajzfa8wtU=,225,0.0887627594504091,8.941676305360163,0.5407562475467749,23.0,525.0,0.747008547008547
junyi,temporal,0,NX6O5HSHAPuk5+88sOGUAz1W2bEmTv/p2N9DrrWfZiM=,716,0.1200316567598274,6.899723107284872,0.3481331987891018,8.0,119.0,0.6673125363301686
junyi,temporal,0,NbBubQKT4fanKTDFR8SmEerTmNXGgdkwtP8ovb9/AHg=,9,0.1444533268610636,7.472500744737558,0.4431171786120591,16.0,176.0,0.4134614547168722
junyi,temporal,0,NbzNnWabooJ8J/09unhbUwFiH6Jr9Vv3VQwYF8cT2IY=,3059,0.1099085786990911,8.926783114101351,0.2306772908366533,19.0,980.0,0.6988164689348629
junyi,temporal,0,NcWaNtErOZNSS3qaqbqUhMRUU3/LUYwHj+5/vw601SU=,184,0.2419968757211514,5.278114659230517,0.6102564102564103,19.0,21.0,0.8342022940563086
junyi,temporal,0,Ng8Iw8PYfUoT3Pv0dKtEs6DvpuenM9W6STSDlwcc2f0=,4985,0.1317570477449383,8.615408238913192,0.2353581142339075,18.0,645.0,0.6743119266055045
junyi,temporal,0,NoSFhTWBKqUGlYjm2smtD46bykxeTrKtsQuV3y6aJQ0=,37,0.181610868186564,7.122866658599083,0.2897497982243745,20.0,154.0,0.7236842105263158
junyi,temporal,0,NoiGICCqJdvFmvy6LlcPw0m5SH7C7FO4TMbJHCdlRz4=,3066,0.1400242207200671,9.967353972864542,0.301998311286237,33.0,1961.0,0.3000356379187455
junyi,temporal,0,NoskBq4Br1/gsHaS0Pkuhdx67DlKfRiCcj2jMAWpRS8=,770,0.187271715138809,9.130864170474386,0.2550081212777477,21.0,1143.0,0.760458452722063
junyi,temporal,0,O+qdSyYcmKAzs4PPZikdBQWMw5MMHcW5ROV8s8sFljc=,31,0.2487396158037647,7.700295203420117,0.4384057971014492,19.0,190.0,0.76
junyi,temporal,0,O/KjGB9rr8dvio3EBiuDvoL1cg/22EZaZV1FxmkURKc=,10544,0.0904907368060421,10.347371770548238,0.1573426573426573,16.0,3457.0,0.5620548616550101
junyi,temporal,0,O4+yF1QVhTb7fUbQdI18S9zwfASI9wJ0mHVIPa6h3sw=,3778,0.1188308983901349,9.196849781793684,0.5213380638621389,18.0,899.0,0.6554347826086957
junyi,temporal,0,O5REHVmAHn7gqbV004+NYosaXTrsEuiqcIORcWSdXXY=,203,0.1419385925412471,8.377241230988792,0.3127013345605154,21.0,450.0,0.2213124242017673
junyi,temporal,0,O7yKpGNIFze/B/+ivo0JTHDVQ3EpuTLWwbjz2ouVChw=,686,0.131992761762514,9.518413134075695,0.2529580363048431,26.0,1784.0,0.4597014925373134
junyi,temporal,0,O8HMQ+uWFY7AqdCEYgIDBl6+KBNIau8wuCUGPTVSrXA=,982,0.1013654614938464,9.36005264520451,0.4572929223351127,28.0,1216.0,0.7034748794432606
junyi,temporal,0,OByIaYY/56y05bpjY1K3Dg+OS32Y/fB3yVjKfBqFIIY=,456,0.126019987961116,9.115480090952223,0.5161645040686167,19.0,663.0,0.4681506368312046
junyi,temporal,0,OCtZCw4vxbL9tULywAqVeistrWqbKBWqJ2ldN66om0U=,399,0.2083943792680666,7.489970898834801,0.296254891000559,16.0,261.0,0.5272904483430799
junyi,temporal,0,OD4zys90IZxFbg56o3znJLB7qoczUi+8mFZdpUbiTSI=,818,0.1303145077775215,8.242493153187626,0.3314902580305424,21.0,449.0,0.4723799052197334
junyi,temporal,0,ODEv/zQe85ashn/pvTconu7UT/KCBkxkZokBH6H8OxI=,67,0.1671073521251108,8.024862150286411,0.4428805237315876,23.0,253.0,0.3294117647058823
junyi,temporal,0,OFviqNusL3qUCiAp+zDob+G8I7rsTkSPGFNa+xzA8sE=,368,0.1578679408880619,7.234177179749849,0.3855595667870036,16.0,170.0,0.7415730337078652
junyi,temporal,0,OHomudEcAveCjx9XUsIVoEyEVSJMBK9qnG3ExQydOI0=,4218,0.3054431006933431,4.30406509320417,0.4794520547945206,20.0,18.0,0.5939226519337016
junyi,temporal,0,OJdwYcjEXluq9EWCqnDzp2Yvu/ALGh5DD9nPegq+pgQ=,4462,0.1025868356185086,9.925738161470948,0.239816127928016,16.0,1995.0,0.4526515151515151
junyi,temporal,0,OJioXoiZxIzRBhycCjmphl4dI2Dt8J+exC1qFpvek/8=,1984,0.120781128370342,9.156412029950626,0.2512138484272747,21.0,1221.0,0.4628730672419993
junyi,temporal,0,OKTWoAXQB4dzLEFSDU2mSMMKG6VxaLq5vqLpTTVFgeo=,4758,0.1190688184420309,8.564267598802166,0.1801526717557251,16.0,612.0,0.609178315522614
junyi,temporal,0,OTW/dDCx+GEYDj+DqmvyLkxuab8epUX6tuGXQbN2wls=,231,0.1319739143535478,6.52649485957079,0.4017595307917888,16.0,106.0,0.2555555555555555
junyi,temporal,0,OUnkRX0qK0fXq4JbhUkqNk/Pm5YTwahvlT0CQeC21Zg=,5343,0.1132102308133099,10.17709605525655,0.4303807096945955,16.0,1903.0,0.5558546433378196
junyi,temporal,0,OVGQBBcCHSOyJ89uwY+z15n2iuZYrv8Tajf37jiGzqc=,12940,0.0958440467304773,10.87674445755095,0.0939164934819573,18.0,6301.0,0.4886363636363636
junyi,temporal,0,OVwmRGTNCS+hBkvFYDawSwdperfo46ooCVV/tBEfd84=,4667,0.1171051899593013,10.17443030098361,0.2246501163101094,22.0,2856.0,0.5874587458745875
junyi,temporal,0,OYK+8MJAblYDOgh2ohzoG1xT40feTLYvk/fAvdTktkI=,190,0.0822755120302501,7.861341795599989,0.3454124903623747,28.0,279.0,0.8342354988541721
junyi,temporal,0,OeaYHhfKV2vXQKqvs8/5Yx7sQiFDFEmf2r6cWd3apKE=,71,0.1468400778904767,8.697679732264463,0.2889111556446225,16.0,618.0,0.5996515161173795
junyi,temporal,0,OjIombrPy9hCBI5SbBeZHRWfcXoVRZAN8p6p28nQDfQ=,1670,0.1355094314437583,9.44943600950432,0.361496062992126,26.0,1368.0,0.6078818085291834
junyi,temporal,0,OkMUi9/AtQ/YxPVmMj4Jx9WVHcjuXS9/fhcreFEB9Bg=,3239,0.2895112444502027,4.955827057601261,0.3404255319148936,20.0,27.0,0.5855855855855856
junyi,temporal,0,OkgyFAFUhVF5xeu+iDV16+5dlnfzfYQJxXIidJx7dzE=,918,0.1639493504721237,8.16223106548118,0.3358059914407988,16.0,476.0,0.4551971326164875
junyi,temporal,0,Olr8azZ7638vOtR5V+KNF9jlhraDLCahnsxqV67PZ0c=,1681,0.1065127444838401,9.160729871422848,0.1627955859169731,20.0,1376.0,0.3565823888404533
junyi,temporal,0,OmUsbt7RaK3Gs9LwcpEYshJl6rIzzZF5DjRp230rTNI=,2859,0.1035504677306389,9.9219657737819,0.2126938935794227,20.0,2238.0,0.44
junyi,temporal,0,OmVUm+97EqL1PSeEy318gszce7gJjIMnEjDMFU9e+qA=,2435,0.138905258234246,9.537267195753865,0.2422472234242031,30.0,1621.0,0.4952363669358497
junyi,temporal,0,OnOsto+ftuylNECIWNGMBEpa8RoJ39dz4+95nFUtmE4=,1720,0.0973765517078708,9.416052881560711,0.5120898803223968,30.0,898.0,0.5887546468401487
junyi,temporal,0,OnztoLe/KRAGCzT1fhys2SSvoBd4VIDTcFpP5fMpU68=,1825,0.0942344750270043,9.32741204356202,0.2375233520149453,21.0,1325.0,0.3404710920770878
junyi,temporal,0,OowZ5vdDfwOEL1LD/3yxHdHmT5fHqZUl1obUtKekJlU=,735,0.1035724202741165,8.28349412616251,0.3510235026535254,26.0,365.0,0.4962406015037593
junyi,temporal,0,OpP2FCplZ1a3UCUD9+tmw0Az+FrTdUOy8QtzWTO3BbM=,818,0.1648217919375832,8.06117135969092,0.4232954545454546,16.0,369.0,0.8481728384594187
junyi,temporal,0,OqlJtwFg1Ekkrx2SQ894pDPGH28c7bfHfJsLy16Y8QI=,1837,0.1340103812466198,9.477462530462605,0.2698108873746268,16.0,1588.0,0.6810567010309279
junyi,temporal,0,P02YQOS0HnUM+0FJcT2Hpa5X0gjJ/eIaL/Quc8Kj5u0=,3760,0.1044553606430974,9.801676286389442,0.334606654487073,22.0,1494.0,0.4246353322528363
junyi,temporal,0,P1aW4NWkbjTAgrdvKdb/WsQZOI7wEV81FWNrD8IkT0Q=,6938,0.1473919292307703,8.804475183846678,0.4008704787633198,22.0,809.0,0.8055555555555556
junyi,temporal,0,P7BbN3XtNfmNgFUznGo0EKF0EO8JfiDgw/XJD1h/Crs=,1130,0.1306993335543556,9.272187775302262,0.5092601297358278,17.0,1059.0,0.6092896174863388
junyi,temporal,0,P7ylAtyaUeaapiNAor3BY5fi3JH6Swz5Azu48jtbZps=,2225,0.1305936727068278,9.581421053222517,0.3137593154844051,16.0,1503.0,0.5361081737800077
junyi,temporal,0,P9MBH2y9lTr+ueuFDr6VDrx3GSS1/MvPLRyklqdSyVM=,497,0.1545637467664327,8.336150816120663,0.4435387197314793,16.0,506.0,0.6917293233082706
junyi,temporal,0,PB+tEauJ6Cu8clF5IHjouv5FqEgH9UDWxbOqE+SBa50=,8012,0.1295275189564359,9.460787757817736,0.270533281432464,13.0,1325.0,0.4108527131782946
junyi,temporal,0,PB2mQE/E3slXrHhnDVHSNhb5Ei8QIwQB6DipI2jRkOU=,3336,0.1255751225477652,9.561841957140915,0.3394553514882837,27.0,1270.0,0.2941176470588235
junyi,temporal,0,PDjFRBgq4c5rzxS6wQrkOkhNs3qKPZ35htxUocnuNEw=,4519,0.1359013657421113,9.660013734748668,0.3362250430567073,17.0,1578.0,0.2543478260869565
junyi,temporal,0,PGbCr6wCmzlyPoKCBQv8aOM0NW8HVk4PW+IU4iR6GRI=,7642,0.124938545041302,10.012476477547958,0.3237377813649,26.0,1867.0,0.2392344497607655
junyi,temporal,0,PIoM9UkR72BGOOCJwBMgzPXrR5EHZiv8SzfvVFsNlxk=,1243,0.0671792367243973,8.925321416943886,0.116637850778029,16.0,1068.0,0.4354838709677419
junyi,temporal,0,PL/9zJXG7zguwqO/MqHkdLaEWAXCT0AIMUNY1gqRrNQ=,265,0.1229122187239381,6.9957661563048505,0.2933088909257562,18.0,134.0,0.2698689956331878
junyi,temporal,0,POe1GpZCs0XAkf8qMngYc903fO7YAI7ijydnbX3l+/U=,1486,0.1500010660935373,9.067162602299854,0.2980957876514715,16.0,1052.0,0.5622775800711743
junyi,temporal,0,PSHqjHPywyyXi0y2Xgl+jLfJn4P5u6EHMd5/3/hvPlg=,150,0.1597014296675721,7.094234845924755,0.5191029900332226,16.0,122.0,0.3079671253945113
junyi,temporal,0,PSneyMRyz91kF3BethZIYuhHg8W9mV383mS+3rQguUQ=,3733,0.1119141487774937,9.87194528452625,0.2587470327175147,16.0,1996.0,0.4003717942795352
junyi,temporal,0,PTyaFYWmIg+5PNX4LsFQGDFZlntPfkud08tNGBXnw+Y=,431,0.1026485790356667,8.414052432496725,0.6311820802838767,33.0,324.0,0.3809523809523809
junyi,temporal,0,PYkuZLd5EpFjzAeC8E2gVnGIXBLSlrBXRPhZNaQtdqo=,706,0.1629036818828866,9.244935016740682,0.3124335812964931,16.0,1195.0,0.4915100060642813
junyi,temporal,0,PZiMEThYIWDp5LXaqdNHdOfMunTBCS2DXk0x9ctcOzk=,1160,0.0984770005905814,9.291459423260974,0.3397270379933603,16.0,1189.0,0.6211701040161297
junyi,temporal,0,PbVYI1CRNaSeyeEyzq2xT68tf/hq17mof2B8FYiM+io=,3916,0.0998638292170898,9.640953273617,0.1613679214615434,20.0,2040.0,0.3708668453976765
junyi,temporal,0,Pj38dvOZ+H6eylMm22y2HUPJ/2MqKuSTsaOIkGFdExM=,108,0.1487363921823325,6.760414691083428,0.5197215777262181,21.0,72.0,0.7654337809555776
junyi,temporal,0,PlMIYvc3fCsZ4pYDuAJK1ADA8SMuWLshZIh1bvsDgaY=,2253,0.1279658277996128,10.048366813854212,0.3675649954578881,24.0,2400.0,0.4392523364485981
junyi,temporal,0,PlktFXkKNWBnU1+LuxWAGiP34j8SskGL2K20E3qCpSw=,3984,0.325866683195981,4.941642422609304,0.6330935251798562,20.0,13.0,0.8084291187739464
junyi,temporal,0,Pm4ZYd3FPx3Chch18Er/uNkCsIZCSvPv19sFZFtZyTA=,111,0.1223125783978281,8.305978210967302,0.3634791203360513,20.0,373.0,0.7822045152722443
junyi,temporal,0,Pno/CGBMlrCkP6v7Qig/GV1dlecJ5lEnZSJ6jZbpmZE=,982,0.1225841570555925,9.291274989472182,0.473621103117506,16.0,892.0,0.6554822886092235
junyi,temporal,0,PpW+++sV2g8ZfNiSrJBx4aUY2yL+BPpbafTDwscbOow=,3297,0.1327196099745403,9.747067633264829,0.2736362041747062,23.0,1667.0,0.410892684498872
junyi,temporal,0,PqQyQvOjvvozBCtlR/0pL8uxhe0K63IPiKYCi1tDG1o=,17974,0.0711985676105398,11.286338491878258,0.0910139982941147,20.0,9325.0,0.4044650717207809
junyi,temporal,0,Ps4dfShfpeMF3VG030HqZ2bsbD7PaVxvJYFTtroeSzQ=,4246,0.0957744007655599,9.899881056942016,0.3999096702965825,16.0,2008.0,0.238244514106583
junyi,temporal,0,PsNJe5XMT7olF29RVFBkcVUKbBQorktzCVlg3h5/UXI=,126,0.1466969619172491,6.4457198193855785,0.5516693163751987,21.0,38.0,0.8359375
junyi,temporal,0,Pt16yAWeWMgPGXsQUWEZ8q4oNKD30uoUwMljaOi24sI=,3051,0.1414557114548453,9.749520189238702,0.2090988626421697,18.0,2024.0,0.3762575452716298
junyi,temporal,0,PvpLwkJhsaSFDgYgP2BUVWxNx+0ur7BufMi+rTxJHYM=,3518,0.0680220685732568,9.231710397712376,0.0939794419970631,19.0,1349.0,0.4892086330935252
junyi,temporal,0,PwTmz5OGXktdjZBR5o3T6W/9xOtuu2dJeIwi/xwom1s=,1026,0.1251057644726864,8.706655856361559,0.2186362131744456,16.0,839.0,0.8060556471504183
junyi,temporal,0,Q/SwuYH/ZNpYQVLmg+bpFVSLyN+QjWW4+Q6FJBsepeA=,2743,0.1413938277210895,9.623707509980202,0.2886625214975525,16.0,1592.0,0.4074667141120304
junyi,temporal,0,Q/taLV1XMrDmLpqWe+wVqvUU/JenxdWwwA8am9xppWU=,1475,0.0884055611604856,8.501267040865978,0.2201219512195121,16.0,644.0,0.6435388845247447
junyi,temporal,0,Q0mRkMzFoFAkNaLsyPYFJoBmC4JdqV9riasp/YCRf/M=,2918,0.1130335613115894,9.077494458642754,0.3107938320959451,17.0,967.0,0.6773700305810397
junyi,temporal,0,Q4rlu4p4omxZhIwjIFvGGUuC7wPUkgP+m0owUS+PTtY=,2551,0.0832470358722327,8.489821994620105,0.2349917763157895,23.0,580.0,0.6196839179287157
junyi,temporal,0,Q6oyQv4evP1EzfiPfaiyLQUS1mHQgoz+d7J7zk+zxbs=,160,0.1308902634773403,7.795646536334594,0.5504322766570605,20.0,186.0,0.9409203980099502
junyi,temporal,0,QEjs/Y0qxKqphtX3HPy3o5NLK3ln/f5PNCKLAhhvKJM=,59,0.2168227722079067,8.003363058629947,0.491304347826087,20.0,231.0,0.7866419045898652
junyi,temporal,0,QItWSsqV6XwvWHO63v1Q3q0cS8HtbGkBWTkRtJ62BDw=,2000,0.1364777017118176,9.265207273417024,0.2376218877212913,22.0,1363.0,0.2179063360881542
junyi,temporal,0,QKs+1aEPk0x80IIx0aKNLHlmX1JIOry1/wb3Lhq4sFg=,3580,0.1353716870990169,9.45930760329985,0.1324653048495244,27.0,1541.0,0.3113332005774879
junyi,temporal,0,QLZ1wKDTHboEYAyw3gx/ZFqOkxwu4cMUHZrenzwD9sY=,114,0.1723224863802132,7.180069874302796,0.5716463414634146,16.0,99.0,0.6102606951871659
junyi,temporal,0,QMSnwGbK7tYBNz9p869x0lrxHkB6Yd1EQcOqjCuLujU=,53,0.2126263373480418,7.925157512224703,0.5880650994575045,26.0,238.0,0.7207883622712342
junyi,temporal,0,QZ6LopqYP/r9aU9mfJaX3+scQfAlYe19eeaj7TW+zww=,7807,0.1599164870536938,9.530174967444372,0.3152237071470075,18.0,1350.0,0.6174226250549906
junyi,temporal,0,QZYEX3iUClUnuqodly/8KADAcMRs+hjzmHD61g1apGg=,98,0.0969934142669852,7.958576903813898,0.2476390346274921,24.0,408.0,0.4861367837338262
junyi,temporal,0,Qfkdu0xMDo7ZKO14VkT7AmpqH0GnAvcprI5Fj+rC1u0=,331,0.1507009961248412,7.67368812926773,0.2976744186046511,16.0,335.0,0.7069639299336542
junyi,temporal,0,QjpkOpuGWH0UnITA2wpaRypYPOTnkGJFcYezuYGtYuM=,333,0.11910425081245,8.580355766373877,0.615586854460094,24.0,407.0,0.6565377532228361
junyi,temporal,0,QkM4hin94znSQ6Dj6MkPpYBAjcEKA0u+2HbJyCWol3I=,189,0.1138543133382443,7.519692404116539,0.5588714053174173,20.0,128.0,0.8463949843260188
junyi,temporal,0,QlU/0uOUSWj8W8vTMUywLl+Uev53aISqtS8jMi2JnDE=,3570,0.1237956904580917,8.251403065380556,0.2544363256784968,16.0,398.0,0.6158121137566079
junyi,temporal,0,QlgE9ktDNbyezcCDHWTZkmzRM8/8FOcwEHpwzA+Zib8=,4512,0.1336814307419413,7.948031990637284,0.5609756097560976,15.0,214.0,0.6669699727024567
junyi,temporal,0,QmVklaXAga6VIQ+lpYkCclWpaUrgeJABVDnm+XFhXB0=,105,0.1744927226787522,7.394493107219038,0.3087330873308733,16.0,201.0,0.4906584285006627
junyi,temporal,0,Qo3teiynihSpD4R1XtUH9HqLDtvdWpneGpSfDR1fSto=,3983,0.1366762775893176,5.863631175598097,0.3304843304843304,16.0,43.0,0.6288998357963875
junyi,temporal,0,Qx6mwirYKln7CTvOXad5Do5OkVKmypYSQfFs0MB6Cvs=,2759,0.1525502042662868,9.54438108340598,0.2249910490511993,18.0,1771.0,0.1720606308889799
junyi,temporal,0,R+PA0n0gNtg8uHV6dQ5TLW+3WEt2Bac2ak0mDoaL9f0=,61,0.1107098875475711,8.214465160759186,0.6506904955320878,20.0,198.0,0.8157602663706992
junyi,temporal,0,R5pBjwxHhlwD8Iv1qdtR9VtjKwfWBVuh5P0UM3eQg7Y=,181,0.1026065114124045,5.762051382780177,0.5741324921135647,21.0,28.0,0.5518672199170125
junyi,temporal,0,R6QefDBKjMm/uoG5bP/sWm4HxgqX8fZQ9wriQsEbLhU=,272,0.1921968302990803,7.827639546366422,0.4310207336523126,16.0,303.0,0.6982727392478429
junyi,temporal,0,R8DtELOi6cThZOCqTX6c+wNDtTcGGuaAufw4vCdQPsw=,875,0.1256057571649019,9.056023011591826,0.5958688295016921,12.0,686.0,0.6962025316455697
junyi,temporal,0,R9Uc/YSWli57zmUYbFm1LrpLpQSpiV8XlzGUDkoUIn8=,2682,0.1216371062537881,8.111328003286733,0.3392374662263584,15.0,408.0,0.8841567291311755
junyi,temporal,0,RC6q7zijbSkLeANRrhUHoLSa+HC/PGtbFSSBlsaFrag=,572,0.135633258048818,7.615791072035833,0.2464268112370625,5.0,293.0,0.4166666666666667
junyi,temporal,0,RHcmN3mTXkmYbY1GZpG9Rrtjg8Jahs0zXkFyLBy/ekc=,326,0.1428230676480049,8.231376045573969,0.5183706070287539,22.0,450.0,0.7846439633265619
junyi,temporal,0,RKkxBe+3Z33I75tZfZ8EY7LtVnN5QEfE8O0y6bPFCeo=,5625,0.0993819253240427,10.194775615581891,0.4876690830281742,23.0,1562.0,0.2742781371109611
junyi,temporal,0,RLVg2oNL54gAjL5WK5vK9JDSj1xUds0tDwVqAAfDTxg=,124,0.1667272144507977,5.950642552587727,0.5326370757180157,20.0,44.0,0.5766129032258065
junyi,temporal,0,ROy2LJr08ctjmiuRc4SXFKrmk91KPBxZU6hZPJ7JIu8=,6090,0.1089153190346991,10.071076109728018,0.5199594046008119,20.0,1506.0,0.4743868939055189
junyi,temporal,0,Rcsy5m8O7pQ3np5tv3eeCgGc7Vn9vqmoMEYbz1pB8pw=,6936,0.0936872048173385,9.589050742775528,0.3059645278367459,15.0,1318.0,0.5094736842105263
junyi,temporal,0,RlHAktJl64ZiBd7sf7MkpXdvIKiGtmUYYctdc2AjNSE=,391,0.1170341029913281,7.356279876550748,0.4645367412140575,18.0,177.0,0.2
junyi,temporal,0,Ro29/9OFIon5Y4nq4ptN7g7LWevKCWual3GGUaKeYYw=,138,0.203827622299339,7.935229539816907,0.4575725026852846,22.0,242.0,0.9364303178484108
junyi,temporal,0,RqWJRTdyiEJkrfUuO1BNxb3KXHD+idu3CvWpdu9lgHM=,5347,0.1072733522525385,9.571783927990015,0.270466104647112,16.0,1706.0,0.6385542168674698
junyi,temporal,0,RtjkuNmuzBI2VhWYRk43wMkzhzIQD6YstXG1ZsypAZU=,823,0.1138728711675436,7.911324018963353,0.348001466813348,18.0,288.0,0.5586001980851766
junyi,temporal,0,RyHgPcXfEn/CVHtbJsSpZTh3Ri3giA5M6sf1VGayr7c=,2217,0.1430452716879978,10.269830609290445,0.4386439267886856,20.0,2340.0,0.4813862784435879
junyi,temporal,0,RySWVPM4vpcQHdMukD+i/MhP3/lK4Vwj5TAl48A6LKk=,1326,0.1168967221001778,8.69483715865908,0.1575950427064143,16.0,921.0,0.400711743772242
junyi,temporal,0,S0VFEY+TX4JInp2RbHDsOeNIjLRKCfs1ywbzFrcTDWM=,4986,0.1011973398780418,8.805525052709516,0.144527736131934,16.0,998.0,0.5453921078921078
junyi,temporal,0,S3hqMF0e5To6kPDkpp0xZ7dpZx7GRQgLjAs14iM6rfE=,1306,0.1368428830521885,9.525516008736886,0.2756129597197898,22.0,1690.0,0.4375764058679706
junyi,temporal,0,S9X2EjiG3ZyYzP5GckQ0s4bkH4Sz1X3NSre3vniBFw8=,215,0.1221981662390537,8.973731569708402,0.4450076026355803,26.0,590.0,0.6141431588842936
junyi,temporal,0,S9xsg6+N3hh24WpN7bJxFXVB9XYH/d6cXpuqOsiFADg=,2010,0.0963841160776146,9.012864567410553,0.4414524186669916,14.0,833.0,0.4474459724950884
junyi,temporal,0,SBKtN+xP0yIQrTRObRW2C5D7oO34pRf8QAnjfMjnqcY=,396,0.1568653956667116,8.596189197642735,0.3828096118299445,19.0,706.0,0.7426765532181923
junyi,temporal,0,SJ3oFp7EryIlYanhtkVHYkcAHmEcCaQdGR6MmCR0mzs=,2284,0.1266121335174001,9.480901717619544,0.181214710819472,20.0,1748.0,0.283672003992638
junyi,temporal,0,SJTFghEQOed1hZMCrR3hHBJLS2VNyHCmi8/CHDDmy44=,42,0.1997484710244905,7.327123292259293,0.4184210526315789,20.0,189.0,0.4127250452753808
junyi,temporal,0,SM7B2SxOLiOmbjVKes5evyxllrNCQTFzEKpHtl117BI=,2286,0.1162227512455322,9.452658902676433,0.2752531198493053,20.0,1507.0,0.3256704980842911
junyi,temporal,0,SNny3SIxP6zv/dhk4ZU0EH0mmajwjgeHGzeEZpTbzvs=,484,0.1129576040687778,8.751632702472298,0.6325949367088608,22.0,463.0,0.7583917984189723
junyi,temporal,0,SPmFV4RvUZLm41Gfgt8kBm8u6VzSl1tNcT5BsAQvMls=,68,0.1568627637975356,7.834392302910435,0.3524752475247524,19.0,292.0,0.547645739910314
junyi,temporal,0,SQMgGY6bpDnpHTx2hEwNomSPUK2IpSvmaAXUKpx7+pI=,3216,0.1051357907475975,6.634633357861686,0.5605263157894738,24.0,71.0,0.6471452625133935
junyi,temporal,0,SSDMxAE5L1x25IfMEbpXrmr8mQIqZzu40Nb6QyxBDKw=,1439,0.130756680363817,9.41531995266272,0.2855629786540655,17.0,1334.0,0.4807586527883558
junyi,temporal,0,STKIh4mc96nCMWCChSWcToyncYSNayuOyy4k9dSAgS0=,3084,0.105998023635194,9.970164410800407,0.1833193002151745,30.0,2354.0,0.2766595930797642
junyi,temporal,0,SVxqhYXrH6SfIgcbLQ9Z+95ZeN14VIMuO/gr6OWgXBU=,6464,0.115669900821552,8.22389538017882,0.5533798283261803,16.0,402.0,0.6181704210156693
junyi,temporal,0,Sb3aon2FSNNX4wgPRFi3hwJKcQgo8dM+4M26k2TF4wY=,489,0.1171458423259556,7.616775808698373,0.1649433776464796,16.0,299.0,0.5806451612903226
junyi,temporal,0,SeczIB1AchCyU+2ERN9UZfwNxpPR+iEWdTKdKVAOplQ=,3612,0.1299633943285753,8.6628507638386,0.3062424347224624,16.0,732.0,0.5989821882951654
junyi,temporal,0,SkN/5zphtv5ctUPsh3QRmLCj0yp23MT9pzr5EDFZe/8=,64,0.1067416453734039,8.14757773620177,0.3326577880718008,20.0,344.0,0.5142300778909527
junyi,temporal,0,SoyS9lUIh/q7oCg6XQeMqOtoiMT+GZVjes485aXEbKU=,1571,0.104620801054598,8.560252680876685,0.2623107875071853,16.0,706.0,0.7173252279635258
junyi,temporal,0,Sscg9vquPUuOL9DKkSbs9NTSxfCV/DYuMnsLRUZs6eA=,700,0.1201690804843591,8.251924713801357,0.4958268127282211,16.0,446.0,0.2663382594417077
junyi,temporal,0,Sz/KKL9ywpxyPJ7heAWEqkt/tf/nbDP5b4f1m7EbBVk=,3355,0.1088296200946839,9.37746368501224,0.2134878998138433,20.0,1481.0,0.3521843615149602
junyi,temporal,0,T+TdpKTtcckj1sM4MAUOU/taROWhuq1ZIiOoJbasmhg=,333,0.0994492703083869,7.9294865233142895,0.3557796182931221,18.0,274.0,0.7677224736048266
junyi,temporal,0,T+rWMKiJgE6rmRdVUFc0WOeDY0RVPhl0EYU/hS4dlSc=,7332,0.11795138000471,10.128948416805498,0.286267310531987,22.0,2431.0,0.3990384615384615
junyi,temporal,0,T0aJ7xmDPBaqhhLPpZP5EPK0XfPj9a1vqdKuvOmoHCI=,2579,0.34693540079998,4.882801922586371,0.2595419847328244,19.0,20.0,0.7620160213618158
junyi,temporal,0,T2hI5mqqogezvse00UeJHgHc3DDK1vrGyyn7Z6IIpsM=,938,0.1017424646701511,9.14580185083861,0.4661830595263495,20.0,940.0,0.6292420452594197
junyi,temporal,0,T4SE4EgcHfMeg58rrWKRWuXd7tw0mVCfHJvBhy6TC78=,9624,0.0858996644319541,8.132412674500905,0.154320987654321,21.0,425.0,0.6375423039026689
junyi,temporal,0,T4SwgJk2xgBpvWW0/NYmhl9u5jm63dwg1Q39k1pLrWw=,1994,0.1153761303161365,9.371353167823884,0.1868721266814235,16.0,1519.0,0.2943559585069019
junyi,temporal,0,T4f/arzfSalcvrX0iElU649bu8yFkRYxheJCrrNEkLQ=,3211,0.1281617209789517,6.437751649736401,0.3605769230769231,16.0,93.0,0.7062541745096849
junyi,temporal,0,T7V7D8OgJF2BeuK/agj56BY9ibTmoqRbGdtwrt8a1SQ=,18120,0.0687610198432173,11.256599930614929,0.0684473044916524,16.0,8855.0,0.4186602870813397
junyi,temporal,0,TDEUV/kZMRHVLtJ1Tzk9Ne7zqUrXe4lwJ/AhDn6AKcc=,436,0.1231623024897598,8.954802752850968,0.2419938016528925,32.0,1035.0,0.4903350354963258
junyi,temporal,0,TH+9EqnFdeRqXgd+9frMdewrp3rP654euGJZm++hRT4=,1835,0.1894684663250514,5.293304824724492,0.4191919191919192,17.0,26.0,0.7999148573861217
junyi,temporal,0,TIFqzAEaJ9dzg/KCrFFPRw7C0KKV+dPmxhnS9zS0w+E=,751,0.1237667099379658,8.177515823846075,0.3031750491711155,17.0,545.0,0.387517146776406
junyi,temporal,0,TKDAjftSYyI2PNmAkXdInD39P5BcPNa6a+qx0fxm4RA=,918,0.0800173762272171,9.3615151997733,0.2686785315106181,25.0,1362.0,0.7140902872777017
junyi,temporal,0,TNultEGnWJ9JPQ+o/+IyosqUKfeH2pvHu1EqogDrBPw=,935,0.106589887261311,7.254884810077338,0.4738330975954739,13.0,182.0,0.7547587859870126
junyi,temporal,0,TOdFpZ3Xqdh28DnIte6gehxDLIIUkzWMwfqed8sEJwE=,8852,0.1335218913449792,7.92588031673756,0.2920130104806649,20.0,328.0,0.6317321688500728
junyi,temporal,0,TWogEjXZZBCw1gGUayarBvTA2viDN2Ly0/KsRLsP0rg=,451,0.1561984553640943,8.911260254572033,0.4776099271648233,16.0,762.0,0.7429900419287212
junyi,temporal,0,TXBvUiNlr5jhR8zA+8xXAAvhjwKoxhJgVCFi6g3MkXE=,879,0.1359086532322606,6.811244378601294,0.3847850055126791,17.0,102.0,0.661134163208852
junyi,temporal,0,Td40Heh6rp61Aa5Pd6cd46sOEZ65dgSfsT9oTDoFl+c=,1005,0.1061763073494356,9.37644785490711,0.4680670845332881,18.0,1115.0,0.6203176224870514
junyi,temporal,0,TdtpNDJrqro4BdaY6fxtkvlHeS44Vpq/0YsW3JRx79E=,173,0.0656731243681356,8.046869510959576,0.2263848863272494,11.0,437.0,0.72
junyi,temporal,0,TdvU/GNCYUygMo4pGEGXRSCZb9aI1CNNc3QR3WHsRuU=,529,0.1467716809580478,9.235032984566557,0.3674504829739486,24.0,1083.0,0.5258620689655172
junyi,temporal,0,Teuwxr3okYRSPI2Y7Nou4wqGcA78ekLDx+wonvRGsOE=,1588,0.1390246831049106,9.401704256754366,0.3138420878757846,16.0,1461.0,0.4685820587019429
junyi,temporal,0,Th3OVzxgS2ilcKpcQLrQzAG30fdrg7VHZmV5f4PjJb8=,3109,0.1134640504399748,9.688993982035823,0.4142396827363985,23.0,1630.0,0.2688172043010752
junyi,temporal,0,TlMkJfs9LQfBpKdSmKCSAk0EJ0GodXR+6hD9KpqZd1g=,1814,0.1324777359519227,9.378309422545737,0.3252451809266148,25.0,1573.0,0.6954202559575935
junyi,temporal,0,TsR3rTKaWulf/k3TmhqbWrKGAO0mgb9lEwUqW1qoDK8=,2973,0.1083626520606632,9.01724094201035,0.2070847992235837,22.0,1138.0,0.5485564304461942
junyi,temporal,0,Tv3/IjfXLL+U2dQgk/cOyfc1mgU2vm2D/yM43RtFshA=,3052,0.1179425384748839,9.029657471850737,0.4599808291397076,18.0,930.0,0.5926028475501873
junyi,temporal,0,TvBq4rNq8Bfuxgn+XZqr6qR9rSetLyfNd6vwdxaOk28=,5147,0.1210635287140457,9.884151816229386,0.1747043230016313,20.0,2319.0,0.3906900528418843
junyi,temporal,0,TwWIHt3X4PpZYPEyrUAz/c+T7Wq73JD/n+6I2DKtKAw=,787,0.0950350150361827,7.848933726364071,0.1237314597970336,16.0,396.0,0.8682419422743399
junyi,temporal,0,TwyqyV1uJYlDAX8wX/PtTCVZEBo/APIVfTzzleGkNCQ=,22710,0.1277616273593791,11.42712789647147,0.1882279874042516,21.0,9659.0,0.4090909090909091
junyi,temporal,0,TxLf722uDU7ltT6N5kFlFl2wr9XwFTbcNCG3r5P1Hkk=,304,0.1819213593474782,9.073030421011577,0.408788435061955,24.0,882.0,0.6990130385409701
junyi,temporal,0,TyoVFxBv3mKmQSTdiIfM1t4wORIIFZNjz4BKyM0ed+c=,1129,0.1391981117760612,9.233373071086756,0.3094214229867084,36.0,1166.0,0.3423029904081249
junyi,temporal,0,TzA/XRKLzDMD8yElX2FvbMVJ3BTJ+9aqbOcCCMM/TuI=,4572,0.1036022024782014,8.846065190692881,0.2124964008062194,16.0,924.0,0.5728399277943114
junyi,temporal,0,U0mwINNikgvZ0ftlUeNE7EDUElvPx/tTWfJtl20gC6g=,7827,0.1040031428043581,8.672828482947686,0.4744050676254066,18.0,573.0,0.8501400560224089
junyi,temporal,0,U2kVmFcvfYHpuYGFYE9P/5A//cmtFnXpxBQYS9yWaiw=,2921,0.1113380468263369,9.42011495555144,0.2224114165247709,19.0,1698.0,0.3401015228426396
junyi,temporal,0,U4IDn4MUqbVq2R5M08n344XMXc052OsQtinVwrNNkSk=,3256,0.1158528343131573,9.391411146868483,0.2775367156208278,20.0,1407.0,0.2681307534298683
junyi,temporal,0,U6uPrXsMf01kkpbyFTf6NgLBFfypQFIdHmXH8GYZPyw=,729,0.1072884398269784,9.292933670280036,0.33195211786372,23.0,1192.0,0.4451720072875361
junyi,temporal,0,U7WkGZRG7Ap28BleazYLuVCBEN3TdSTYP43SOFuOb54=,321,0.1242153348105254,8.293799608846818,0.5477738869434717,17.0,391.0,0.7634276780357225
junyi,temporal,0,UA8j7lklVtKV7XvO/QUqpJSwzYGBY2bKSg73/EDGa0I=,572,0.1155843200989171,9.12598002335811,0.4178454842219804,19.0,948.0,0.5057350413107162
junyi,temporal,0,UJx6vGY4lwuup0V3VTTKZmE76AogRe5ecQHc+Yly1YM=,836,0.0975488280106131,9.099073559547596,0.3594902749832327,22.0,1151.0,0.8657830745483646
junyi,temporal,0,UV/JR6UaacYCmtRkgf+fISD6dzm7gIQwTfyFEd5m490=,6469,0.1353582420615433,5.918893854273146,0.5983827493261455,20.0,38.0,0.4619946091644205
junyi,temporal,0,Ul0YfLD+DkexICyzGisAES41BpTca5rUI/BNolWJpio=,2439,0.0930567739205302,9.610859937691332,0.5406365159128979,19.0,1012.0,0.4374520337682271
junyi,temporal,0,Um/VucrWT3ytfnYCAhdIJf58cjByGJkSIPJrsdq3Z18=,575,0.1087464673833354,7.950854857719988,0.151216073316884,16.0,516.0,0.4904214559386973
junyi,temporal,0,Uq/TS8KieZduAKrYzEVKNL2Mm4txq9AR3VFY5cZO9rs=,856,0.0977452687003049,8.641532465671846,0.2073838544426779,20.0,789.0,0.3757225433526011
junyi,temporal,0,Uq0Jd5CXS1nkLOvMSauJ2/DL+7ZrSiFIXAs+Y0LWrjA=,536,0.1620070740322968,7.258412150595307,0.3918252290345313,23.0,210.0,0.5156794425087108
junyi,temporal,0,UqfpH7HCLC3Ct5Qj8lQ5MA9fzVPZBoROdRbVJpqQRs8=,39,0.2061272569191761,7.734121303328305,0.4019264448336253,20.0,201.0,0.3400259141952202
junyi,temporal,0,UukST5Jm3oHVK7g3ktel5joKNlCYBQJIX/A+GOGyjG4=,3050,0.1147258347614103,9.042276686928927,0.3834595362044486,16.0,920.0,0.8428396923728919
junyi,temporal,0,UvC6kSISYOndybh30jYllToowJOirq81gPZsMmHnsNo=,2512,0.1347658341814642,9.632006859422356,0.3687352400944633,19.0,1505.0,0.4253197306255523
junyi,temporal,0,UyK3WAcVbatfJU5yTyBAdSFG/eXv67JhWvL3rRZGCvs=,285,0.1331702754685753,6.874198495453294,0.3043478260869565,16.0,144.0,0.6705678946668441
junyi,temporal,0,V+g9Veh447rxTQ4761Lvccc9KGxXM6jr5uQP8TTpYBA=,4757,0.0870488413926922,9.76359310138207,0.1252012882447665,15.0,2169.0,0.4063460600626111
junyi,temporal,0,V00R/cPz9t+/NMeNSgfvISuDZkhuHZZh3/hADlbJmW4=,1174,0.1271825377965521,8.421562960400987,0.2469733656174334,16.0,650.0,0.6159186709645426
junyi,temporal,0,V2RVC5jgSEbmKRDBgXNFrA6t5vqFslxPIkcmjHuVXYY=,977,0.1013499402718479,8.459987717645458,0.2603262020758313,27.0,619.0,0.6877828054298643
junyi,temporal,0,V6gzmLaxDq9lLc3HQUpSf2CJ+PcXNduJro29Nx9Z3aM=,895,0.136474745840292,8.606851063346772,0.1485003657644477,16.0,855.0,0.2900487828503481
junyi,temporal,0,VFSfDdE2vLsyVfGCGYLnxYih+n8+IpUbRoiUpDJ4hc4=,700,0.0806027940980025,9.304559047215164,0.1324292345499226,21.0,1594.0,0.6162790697674418
junyi,temporal,0,VHoFq7xrb39aeNkDFggnyfmKTpBVFGdo7R0jTwhDKng=,225,0.1205031871795654,6.839476438228843,0.3504823151125402,7.0,88.0,0.2802547770700637
junyi,temporal,0,VLG8jzZDi3OzlWsTunU487LkKuMt8oRCf6DBpBjv/pc=,2413,0.1118708932891926,9.307013259236443,0.2651171236607953,34.0,1177.0,0.5293610407643212
junyi,temporal,0,VN+hlrC3u3EiecxSo+9icATbCs/7B1UlrxrPfAEWf+k=,330,0.155738751934559,8.282230063296685,0.3514676113360324,22.0,448.0,0.2782390113200592
junyi,temporal,0,VXrPlBOiCgJ5r2VB+WDJn4TuHK2oRH9ffhgulsCm+Dw=,2138,0.1592763803393551,9.3048320350689,0.283894449499545,18.0,1257.0,0.2108291342189647
junyi,temporal,0,VY6aXT7f64ny+uy4pszHVNSy3WHyoFPuhwToxBhB3wM=,1119,0.1017602614191185,9.011401509358793,0.4607687614399024,29.0,668.0,0.5088907705334462
junyi,temporal,0,VdDGn0d64C/s9UWPNmugh8Upm4696fFybvSQxW5ghuU=,311,0.1119496537562276,7.167809184316444,0.3294753086419753,15.0,158.0,0.8877090764768936
junyi,temporal,0,ViIxd7sl/Dp2C0nC24swu3Cm5o8UkaEMgyMuUp7pq0g=,16393,0.1352334765408138,8.061486866871327,0.4714420952982013,25.0,367.0,0.6070234113712375
junyi,temporal,0,VkDMjjCaJsUcJWn56ZVLtKz6ohgWVycmo0nh3ieP7Oo=,8503,0.1535207011003859,7.1569563646156364,0.53198127925117,21.0,132.0,0.6255523937060596
junyi,temporal,0,VkqQZJ473iP+Q3cuRr/ss9TxWBXBIsPwC0fwGbVIgjU=,2126,0.1330865207663759,9.514215624322716,0.2194833948339483,20.0,1780.0,0.4030393980959624
junyi,temporal,0,VmJb1VGYXyZxQg1h4pXkCw5h+qFQQoC7T9iez9RkbKI=,57,0.1387010480751071,7.85049318087114,0.5070148090413094,16.0,206.0,0.6271189556903842
junyi,temporal,0,Vn2WlxhITzyDS52K3WRs5UvCCc0HanXrRlJpqfT6QwQ=,598,0.0910128003269952,7.852827812281744,0.645800933125972,16.0,196.0,0.5033709768492377
junyi,temporal,0,VoHrX2UnJ3IU2DdxSNj+Bbm9zCM0xLPSoYevLWFeGD8=,26,0.1455301791429519,6.556778356158042,0.3584637268847795,10.0,55.0,0.4177944140512525
junyi,temporal,0,VoUEV5MkNaFrGENiLqm3zykytS3WV6a2u96d8kgEAN0=,1789,0.1190764397768488,8.637107288081575,0.450319375443577,6.0,459.0,0.4
junyi,temporal,0,VyJAFv77nIaZWzFAcZrlwtNbqZ9GtG8gXWS/QeH8dBY=,388,0.1790039555365268,5.313205979041787,0.4653465346534653,20.0,23.0,0.7467446017981669
junyi,temporal,0,W4l0TIo0YQXLT/c8/Uy7OLtElmNuNWPODI7HkJ0NaI0=,5794,0.0996519262446828,8.891374009484636,0.5649422124380847,41.0,473.0,0.7193146075634556
junyi,temporal,0,W77JRmtNTVD+rfntgQ/ysIvIOujqt1Pn7VCHzntIaNM=,985,0.1398040529505526,8.718009330846357,0.5522827687776142,16.0,589.0,0.3240682248894504
junyi,temporal,0,WGpUu6x+7d7oYF2u7prVYC5D1GvAybVW7PvZT6my2Ns=,860,0.0976037550373951,8.281470857895167,0.5089896176247151,47.0,389.0,0.75
junyi,temporal,0,WIVV2NtKYatcEnMpVQbIYkGSMd8Q9Xt74y5a+V5bXs0=,747,0.1232485864895675,9.218804450388312,0.5483934946449822,24.0,872.0,0.8980473037771384
junyi,temporal,0,WIX8cNygX1SJ0qs+f36JttnScd1lBN+e2c7/KEYlysI=,7585,0.1171918653459818,9.057771773331575,0.2807548928238583,20.0,968.0,0.6346523453589514
junyi,temporal,0,WMgUXcGDQCwsVgpqW00m0nL9vzTUYdkN6Cbdtg8M29k=,2134,0.0971590662698043,9.19634286233233,0.178498985801217,16.0,1190.0,0.5909020527291153
junyi,temporal,0,WR85TYAmgzldheol7nA1RzEqixyhrnrQsG8iD/RhpHU=,187,0.1803074662127273,8.365672383774996,0.3875698324022346,18.0,422.0,0.6967018416869459
junyi,temporal,0,WS6WWNekaOD2ftvFW2KFOR67cYFe7KHl0DfZjhjhbRU=,3016,0.1198563154019221,9.4881993554792,0.2908650204514468,17.0,1602.0,0.3020308411676242
junyi,temporal,0,WS8jP1BdHW+Hr6HKToZja5W0UH0gsE78z7CxYLHJgcU=,4450,0.0933704134685651,8.255308811785596,0.4559396932674812,15.0,361.0,0.7723492723492723
junyi,temporal,0,WVgEr0cn4ZJnAjSpBIua9uheGClv4buPcj2zQE2Yp50=,619,0.1378086256826227,8.937743936942443,0.4182319716274792,19.0,694.0,0.6747285291214216
junyi,temporal,0,WW5taWjwvqMRopp4FSxyhhnCJvKHzed+c3PuWh5gifI=,2379,0.1091125886033893,9.25272913846797,0.2329371165644171,16.0,1199.0,0.4768687322257147
junyi,temporal,0,WeWipB8F4WKb1kJjUzDzzeqmt5Lb4mPAJy8sJKmYoAM=,4892,0.1064772976206007,10.220776969740568,0.2439290785306003,21.0,2620.0,0.5232744783306581
junyi,temporal,0,WfTXipC1a2n1v6FzNC711Jzm2ikIDAAPKcOP6AEaR1Y=,525,0.1842104523856791,8.999866223762636,0.4346376990495001,18.0,939.0,0.7519057519057519
junyi,temporal,0,Wk1PobqnhB1FsjjiU84gVNe9j4O6SLWWYfvGb/l6MR4=,6723,0.0941712664198644,9.871067661280016,0.1699292391921905,37.0,2413.0,0.2591743119266055
junyi,temporal,0,WkBETrljVP4CWMKsouy8P5j94DMpD1mdMxCCZ7ftnN0=,940,0.0789153394643543,8.402455513945814,0.1404532196544761,16.0,803.0,0.6255144032921811
junyi,temporal,0,WkiJbEtcQ/6K9mzb+6b/b9MvUag94v5b3NTx6TRIcn8=,140,0.1418423386024577,8.496378051702317,0.4824346405228757,21.0,411.0,0.804156986725696
junyi,temporal,0,WloCXEmnD+f/vvG/m5NptiLPqazIZr+l8yqpaTAtMfg=,2834,0.1275238117273606,7.532623618788788,0.3910016068559185,18.0,186.0,0.621160409556314
junyi,temporal,0,WnROIwtQSSRuDI+N9zspe70i0h/BVJUxoil4KIbnP6M=,5059,0.1111875798055811,9.293669979563187,0.2200956937799043,18.0,1237.0,0.5423234669170331
junyi,temporal,0,WwGpcpKdAF1kvKHFVZOLDv9609c0Rs+eGWAu1Ub/k9c=,132,0.1617782767685694,6.70073110954781,0.1773399014778325,20.0,89.0,0.6778975741239892
junyi,temporal,0,WzvugOYA7I7EAC0ty8LiMKIA+9T/CYrBJx5dG+/QcMw=,5290,0.1256431743837228,10.081131519778973,0.3241512119562942,19.0,2407.0,0.41625
junyi,temporal,0,X0cKvLgZxul/9WFXcTzJ//4b19Uf+pNMQ2NRT0fs3ws=,365,0.1096682082300316,8.52456594574565,0.449364575059571,19.0,381.0,0.397967787452249
junyi,temporal,0,X1afKm2XO2cxQD9qw6cTUXRW2hrgPrfOGaduO3zsrqM=,372,0.1205183971492994,8.140315540159985,0.389617964421114,20.0,440.0,0.6571428571428571
junyi,temporal,0,X3kjMLe+TWKd9Bm5TfIaJZzzngni5Yb5nJxHI3WWvO0=,4004,0.1394685946692153,8.514990767861038,0.2385725741780272,12.0,602.0,0.6429843763346266
junyi,temporal,0,XABiqjiym+yxP9IxWjibmAF+Ccqqu+GF+oujfq0IbWY=,2999,0.091813429665111,9.70759431571208,0.3198710540721368,17.0,1459.0,0.5784313725490197
junyi,temporal,0,XG1pV3YZ4tnQkmvmVbwNYnm01m9sRhZovPW1qTPIGYI=,10584,0.127890007903705,10.054318442238712,0.1794452805848204,20.0,2622.0,0.3206349206349206
junyi,temporal,0,XGAA22+obUN8IuJrlW3W+g3lh+u3VHufuQK521z+R0U=,50,0.1871313978731632,8.020927718981577,0.6927374301675977,16.0,161.0,0.6072362685265911
junyi,temporal,0,XGFZ7IrZsoBhRl8og2T59raf/eHUTP3NRcwHW+GLxmQ=,6581,0.134185269133273,7.042286171939743,0.5704286964129484,17.0,121.0,0.801894918173988
junyi,temporal,0,XO9+ucYiWTUi8SwVantzYmJrR1nuQBhpI0dy9yPYNrU=,6539,0.118061915643322,10.115367911571628,0.3128362797847809,21.0,2297.0,0.3671013039117352
junyi,temporal,0,XPjtEuV2qgexNe8re/JecZlBLnzABLhXY2kd8BFHlRg=,1931,0.0896777347320327,9.258368340986763,0.1426937374892765,20.0,1395.0,0.3636363636363636
junyi,temporal,0,XPxKzkvjDB7yK2AQPahFqPB7cnoHs5/dy4T498HoX5M=,763,0.1530741493539276,8.868554040531201,0.4607263513513513,20.0,803.0,0.6363636363636364
junyi,temporal,0,XQ+eEPmNGFKHnvblrA6eVyXOZ7z/e2GtSZIcf+MZeBg=,2413,0.1010227403431741,6.815639990074331,0.4709110867178924,9.0,82.0,0.5887445887445888
junyi,temporal,0,XQuz0Vc87NUlA8og1jI8f37Vznop6r8vbYxTAhHk0c8=,1792,0.1207584741446875,9.526245403371703,0.2899227067230567,16.0,1514.0,0.3803582363747704
junyi,temporal,0,XUTQRoPefsFTFUaUGzdJFj7HtMAyenBL2dvo5BZusKI=,289,0.1493694826566906,8.160803920954665,0.3982857142857142,25.0,389.0,0.7527717024379641
junyi,temporal,0,XbcpTfT1RFwmsRn98oMDsQeWhCEAh7GOGSxllLaYMLg=,3307,0.1218251453446872,10.081968409944144,0.3962019492198937,23.0,2328.0,0.3556701030927835
junyi,temporal,0,XfTWhuL8KHud7ThpvXxV7BfPsuMNJNrNzIXLUA987GQ=,1817,0.0964346324561607,8.99516499031115,0.3372193972466824,17.0,803.0,0.5010615711252654
junyi,temporal,0,Xon2nhjAvMcy7wYUdVvTMH3poFnamhJUQElLk1ijsb0=,3075,0.1269088842577445,9.832313733081604,0.3057181208053691,16.0,1878.0,0.448512585812357
junyi,temporal,0,Xt9R4E9f2za5+yOINEKCRJbnm/ML+pyrsUJb6rs1XTk=,3613,0.1168179547396559,10.053544148742809,0.1618539398373284,18.0,2703.0,0.3752399232245681
junyi,temporal,0,Y+91ladMQTxor3mEVlnYFcmpwmJFyT1HMG+DNySbVZ4=,354,0.1211412552175885,6.997595982981927,0.4364135407136322,34.0,107.0,0.9316666666666666
junyi,temporal,0,Y/3Ni8Hqpn0fTKF+ZASK6Bpn/wyoF0isUcBEeF5fPiU=,747,0.0857158970602674,8.988570876215118,0.2219725343320848,21.0,1036.0,0.7874595102229226
junyi,temporal,0,Y1TLugWpKI2hhakWAmmKYPUh8jdVGnOpm/XMQLKx1Kg=,2214,0.1061377663679262,9.551586907757695,0.5047632589222237,16.0,1062.0,0.6129393086526665
junyi,temporal,0,Y1xbm2qyB1ORPl4XEuHig7PZekscar6DdRCT24qu3HA=,2190,0.092380570138304,9.225524507301223,0.2270488573680062,19.0,1369.0,0.5449935732647815
junyi,temporal,0,Y8CHlvc/Mc/Xo2I636Dh6J5Vc+IxbLcCC4Wiuvd67oY=,3907,0.1216847941571179,5.472270673671475,0.2911392405063291,16.0,34.0,0.7975460122699386
junyi,temporal,0,Y8wMuwT4XAOV0oJ6FnQLaEEOIi5GxbVxfLaXLdbchfg=,264,0.1279148395547191,6.859614903654202,0.3004201680672269,16.0,142.0,0.7429038765071485
junyi,temporal,0,YCBDRftfzwiEL3TgdJIBFRRVKPJU3ZdlRy3jNdXYO3w=,162,0.0920878343836024,8.696844519654313,0.3478188199899715,31.0,591.0,0.4173228346456692
junyi,temporal,0,YCkF1MtpY1fSQe4HekhmGm9bt7ErYLpnaL45TlEtrbo=,1913,0.1392843957420548,9.730442832522382,0.2987931751976695,18.0,1979.0,0.6911421911421911
junyi,temporal,0,YDMrFIf6Xald2go/hpaWsU2D05toJULMFD982lohHw0=,3781,0.2466551965325143,4.127134385045092,0.1475409836065574,16.0,10.0,0.9580008399832004
junyi,temporal,0,YHd/e3w70NYiywYoX7X1Iv07iYY6CT1jAd9BayAdg7o=,4549,0.0954751281020026,9.691531190612483,0.1768341677483157,17.0,1669.0,0.4189592310241962
junyi,temporal,0,YI7fG8ZfmnBhOzqkTJkMej3ejuPH6JNyVD+CM15mYIo=,1857,0.125175939014008,8.919988070968524,0.3210322235592994,16.0,887.0,0.5555555555555556
junyi,temporal,0,YK8k7vXBGE+Uz9zSJyxXp6OC214bTKKGGTqalD/Zf5I=,2981,0.1417587555798707,9.441610810502,0.2092691056265375,16.0,1429.0,0.5258883248730964
junyi,temporal,0,YLh3gboNapAss7XRv0CyfwoP2GZHxHZxeBNoWI2+Pk0=,836,0.1805242415117634,8.635687085464026,0.2697228144989338,22.0,801.0,0.3879882970370199
junyi,temporal,0,YORLcxgiHpb03U15diML90XnAXNqfG/QtxNo1PrCGVk=,1637,0.0948606907146596,9.36990494164752,0.4670474891295081,19.0,1226.0,0.8159806295399515
junyi,temporal,0,YRZkayzEaq6umqAo3NH1MiLW1oqHFPHDmlEIrn/EWb0=,1919,0.1564929430879015,9.283776690049365,0.3520118948053155,20.0,1092.0,0.625
junyi,temporal,0,YRgtGEd826lr/TTeqzRiSg74GgvqIjPn4GiFofbYGoA=,511,0.1295621317795135,7.939515260662406,0.6085561497326204,20.0,223.0,0.8716216216216216
junyi,temporal,0,YTAheEdtfsl96LQz5pfT/e2iTo3mXMMzNkjHpOCNHCw=,3083,0.1358345940823806,6.75110146893676,0.5421545667447307,15.0,78.0,0.5608219178082192
junyi,temporal,0,YVNOK+AhFjUEHxCvwUmqSSiYmGqD98ZGZrp5l+7UAFg=,5,0.0160100340843201,7.407924322559599,0.3859223300970874,16.0,186.0,0.5
junyi,temporal,0,YXMFRXPpfMq0dR1ji3gtHLMvc080j2c2AF52HbRm7O4=,233,0.1656444880615744,6.257667587882639,0.8023032629558542,20.0,46.0,0.417910447761194
junyi,temporal,0,Ybd/zfRZPKlB4rPFPmqgjUOxkC9KP7WFThltU3wWFOo=,98,0.1173949149883903,8.432070937999402,0.4724460901764321,30.0,449.0,0.4550724637681159
junyi,temporal,0,Yg+sVKaVUURclcpez8GQE2MOKwxr958SB3sI6NhKmIE=,184,0.0837784419241158,8.224431573221159,0.3096514745308311,8.0,454.0,0.4755620061280439
junyi,temporal,0,YkHODfSVaCIiF+woaqNHli0DqOr4KOxt4DKcsOdLMr8=,537,0.1728702323880108,9.083415678402517,0.5585329851254683,18.0,919.0,0.675
junyi,temporal,0,Yld92kacYxRSUfN9lQovMp24sfx19G3veIT3XSsHuQY=,1037,0.139819858843378,8.359134886757962,0.2432052483598875,16.0,592.0,0.830881822770207
junyi,temporal,0,Ym0eyAFdpBdYOyWEgTUn+a/muxXKbk5ahnGiGgmJ4BE=,21,0.0725762844085693,6.501289670540389,0.3789473684210526,10.0,55.0,0.4204343182627269
junyi,temporal,0,Yn2HRzsEDaARisznJY9n3wALZ45h7G/l8o4AhZT613I=,2027,0.1350549797297303,9.232395362757014,0.3452357659949129,19.0,1167.0,0.3751857048530868
junyi,temporal,0,YnI7n8GUBMZqWulnBVfUXzZLgJVDs7v0mGRfjKqao2k=,531,0.1343171688677171,8.937612591306213,0.301629006831319,26.0,992.0,0.7470422483332719
junyi,temporal,0,Yp1BxxjeCigA5sXXXV9seEAdOYA8MchGwafHWyUm7qQ=,6564,0.1256686252810816,9.480367509189245,0.2946026414230094,16.0,1181.0,0.5049751243781094
junyi,temporal,0,YpGyZePfYXyA1sM+Syxc0sKhL5GiFcPSv0GpDs5VEoA=,124,0.0752364679797418,6.118097198041348,0.2891832229580574,10.0,77.0,0.3381818181818182
junyi,temporal,0,YuGOmB+frbM8rfAa0RJE882R+IoMf9N89OiVqLbAHBw=,5522,0.1249806542299768,9.723223876851618,0.1962275449101796,16.0,1903.0,0.2241814384804713
junyi,temporal,0,YvQPbwjYS29kj/MLwNYQQZEeHg3g0EltbLRfuPywjqE=,7870,0.1263215669283345,8.894944460956886,0.4860159034823142,16.0,596.0,0.8745093042009646
junyi,temporal,0,Z3Dy7GKG+3wjN6aJw7KVQxD+9q+PgN6WynGJfScaDXE=,79,0.184207011250001,7.441906728051625,0.3958944281524926,20.0,228.0,0.7916137229987293
junyi,temporal,0,Z3dSEIJzUCdIKWEO4/I7voT/RlkFDuMuU57dI6kGzcs=,329,0.1236556090335262,9.00981411052738,0.2913713028599364,31.0,920.0,0.6860237932741847
junyi,temporal,0,Z5JB3D/LstCk46Bi7qFkVXd18rYRFy7qFCpd5rEMAZw=,66,0.101011700702436,6.440946540632921,0.3610223642172524,20.0,85.0,0.4221742228556159
junyi,temporal,0,ZDQe2EAf9O/FBmCJpXM2GZK7E3bfQfT6M8rHZ21H5Uc=,1429,0.091105525537423,6.997595982981927,0.2415370539798719,7.0,168.0,0.6436737066459989
junyi,temporal,0,ZGnaehUOvrRIwrXHqEnz72BTVo/xzUr85yaqAjY5FN0=,426,0.1701192781624292,9.11921143856508,0.2910823838737949,16.0,1149.0,0.531430353086404
junyi,temporal,0,ZJ92WK8KhstnwtpIXZzFwFo9tWV1FxW9wGbwBT+JaMk=,2352,0.1585527720482143,8.225503097566918,0.241831815747188,18.0,426.0,0.9177692856047656
junyi,temporal,0,ZOO50WfENqtWGe4uBkJcqW4nppgtuJKCAoqx34z8eOw=,7505,0.1348397715967368,9.251002353695071,0.3031496062992126,17.0,1197.0,0.6444878472222222
junyi,temporal,0,ZS2aKTrfYoSFzhm+weF3amIGgUrNaR6urAPzgLNqWdY=,4046,0.1144578408001203,10.176677621334472,0.2490678030591279,25.0,2447.0,0.5515641273619998
junyi,temporal,0,ZTrivKluBU7pmaSFNu6x4a8QnBgW4kdz9KN9RcGKzn4=,483,0.10014092248689,8.949494953477961,0.1355316110606257,25.0,1035.0,0.5632780082987552
junyi,temporal,0,Za+UP8i5RYOzsfA98cUkUzKWLYcmHOg7TpQTWUNg1is=,9933,0.1005983425142533,7.679251425953058,0.4093432007400555,17.0,196.0,0.6051793496480053
junyi,temporal,0,ZcwX8fZUrnZDOsvBOPux3Oaf1viIG83MNe5frh0jnQw=,887,0.1105654160954108,8.003697339094368,0.1631561350718823,12.0,458.0,0.872356215213358
junyi,temporal,0,ZeqalmMEbu4L2j3EXlTLYacpBIa8eomjRPajfWZZD18=,2100,0.1242076449044647,9.535823881654714,0.4482160912899032,15.0,1224.0,0.4789760873054084
junyi,temporal,0,ZfOvxkOK32fpHT6LuZQ7Iy1BUbJm78JuTpNnvl/t5HE=,6,0.2698972821235656,6.892641641172089,0.6270325203252032,28.0,90.0,0.7665621734587251
junyi,temporal,0,ZfijBfJmW6aiU5BUvf9fG0QF1XKo3pbEYQ8mYC94hT8=,1079,0.1387457132664879,8.380456667842767,0.3036697247706422,16.0,597.0,0.4559204510819872
junyi,temporal,0,ZiB8YudXZGaYEDJxnFGFKxDYg7p21KMyv2iISc6REEQ=,311,0.0929359939635111,7.282761179605593,0.5288858321870702,21.0,136.0,0.898181032795405
junyi,temporal,0,ZilXWSbduOENN7B3A3JpDKyx61nNdU+D7av0CVJeIL0=,4232,0.0694802356080639,9.557045784877424,0.0926960333734002,20.0,1726.0,0.4287090558766859
junyi,temporal,0,ZlHr1zKJsK/9HFeradx6cAyqADDSSyihZ9XHBS1PfyU=,16,0.2508479487150907,6.129050210060545,0.3362445414847161,20.0,50.0,0.7430792546026044
junyi,temporal,0,Zo5OH3GyWGn52CiWFk1qCg8zwtyTw2CzekYXwgDtx0Y=,305,0.1422560122963346,9.009936307631463,0.3310521813515825,20.0,888.0,0.7127921279212792
junyi,temporal,0,a3YtCNan74n5yr33mRTziRBk7zjFI9XrLXC0Wtp8kWU=,4914,0.1354816111019455,8.415381925269553,0.1654485049833887,16.0,665.0,0.5761904761904761
junyi,temporal,0,a3dIrvVFRsNUndL0o6tSC2evd4XhhCObHWe0OO0WemU=,137,0.1704276719395696,9.092007185014316,0.3966002476640774,38.0,757.0,0.5435967302452316
junyi,temporal,0,a8gAVDPDmrxf2poDVj1SEcQl7lX57osmdVFS1+Z+4K0=,1763,0.1382268213131319,9.221082468508085,0.4606708222024339,16.0,873.0,0.7550295857988165
junyi,temporal,0,a9UEy8sIwRzT8QudLWkrjcWrb+ZKuiVhcEiPQih1o38=,1009,0.1085268313430223,7.191429330036379,0.1688018085908063,15.0,209.0,0.8238482384823849
junyi,temporal,0,aAZFwEYHULAK1AbQLXDXQjqU9JfJoEu1QZ5bv/EYlVs=,2218,0.1439965854012893,8.269244521183056,0.3335042296846963,16.0,460.0,0.7154255319148937
junyi,temporal,0,aMxsQs5rzVMmcHNmhMRVuUQ33IDNVp8fYkEdofpRbQI=,915,0.1477320355556579,8.461891875631148,0.3993657505285412,16.0,553.0,0.4512242056993121
junyi,temporal,0,aMy+V/IgYkfzzxp0JhGeJIW3f3X4rBOZf/UgsI2IX/4=,2088,0.1004537762235493,9.171703488361263,0.4231808731808731,20.0,823.0,0.2619306418219461
junyi,temporal,0,aQtj+vhFKWn0qz527tbi3q254EkieQ0rqf8dS5yw+m0=,850,0.0912023140119409,9.392078425231722,0.2506671114076051,16.0,1392.0,0.4525039023242885
junyi,temporal,0,aQys6A/5FjGwd7dQ0KQ4h/5zmPrM7lbkwj2ZkuhMepo=,5337,0.0973140849255883,10.014223594130794,0.1174522178953493,20.0,2631.0,0.3585476550680787
junyi,temporal,0,aUZfbM1yIpHJBCb6q2Ibl75Ix+02UZ4ihUKYjUtEhkA=,4925,0.1907626598638713,5.545177444479562,0.396078431372549,14.0,33.0,0.7051282051282052
junyi,temporal,0,aWIZnPhyDCMR9yuVS0hy2iEHURPnHdsUNDkz0hzDL3o=,164,0.1780592851999511,7.385851078125209,0.4795285359801489,7.0,145.0,0.7878916251492429
junyi,temporal,0,aaltH7YODgrsZuZYKu16qokv/Z+TofzVxU6Ai/dDhl8=,1910,0.0838062541852969,9.590761138978086,0.312004375170905,22.0,1763.0,0.5752612899462177
junyi,temporal,0,aaqqTl3AwAAh2Zu0fBTrKYA+Jgnh5Xcn3VznWez5WJU=,130,0.1431121442198324,8.346404870435956,0.4769814902705268,20.0,350.0,0.8942307692307693
junyi,temporal,0,abZeR/hnIssN0A8N+KhGYvmhrlPuBAPZSPOCXwLIQd0=,387,0.1961918648113364,7.134093721192866,0.3064644852354349,16.0,178.0,0.6951357466063348
junyi,temporal,0,ad/P0gKMpXTOaZ/ShZQX2Y5m7BBidPE5CT858fakoAo=,2181,0.118653404030433,10.020114364467847,0.3094379922573755,27.0,2352.0,0.5206611570247934
junyi,temporal,0,afFEQbum8M2N2a175IzVSs8+P894DSA/3Y10COWsVeA=,4892,0.1763155677575052,5.303304908059076,0.735,20.0,16.0,0.5805995475113123
junyi,temporal,0,aiQx7FTmtkEzQOA5cGnbKrlqzKkK4IAgGnwNsgrBuC4=,1728,0.1257423417315563,9.348361669873558,0.2231901733600487,16.0,1351.0,0.65402124430956
junyi,temporal,0,aidk3wnxk2e9xbBQTP0plmVgHqsXqGF9OT93vKcIMdE=,2711,0.1360588865728861,9.2471543450989,0.3549257759784076,26.0,986.0,0.3088833094213295
junyi,temporal,0,ap9wOXDnXVFePVnnpscqo0DFNvaLEzP+JC5FyWOxYI8=,116,0.197448706479165,4.553876891600541,0.6276595744680851,20.0,12.0,0.722668810289389
junyi,temporal,0,apFEy2v1Cp11xrY8+93ALiMxibD9kdla4EDA1KJdSm0=,1003,0.125226002920236,8.561210076833012,0.1847243491577335,16.0,791.0,0.4536094540511969
junyi,temporal,0,arhLfqJ8pA8XhguBiyIZKbrXTISqxBnAQeYVkKBtcWQ=,8095,0.034135657836412,10.470674605967869,0.0523748759393165,17.0,2898.0,0.5623652602402217
junyi,temporal,0,awqH6F/TgV0QhF46PtnHP7eSsTSHSXMKIO4KqJaMn04=,1134,0.0888227705490702,8.654691704601872,0.2601115760111576,16.0,815.0,0.8405038759689922
junyi,temporal,0,ayCRiWa4X48etGB2T5tDIRCcIozUEOmIWHNctm20hns=,1706,0.091655665223027,9.04617302576227,0.2965232763700648,19.0,1035.0,0.6767123287671233
junyi,temporal,0,b/krXJBZm0PjanxrV1ad3wJ+cirOA0/+gywkvvJRQ9U=,1131,0.1199749065961797,8.585785982881848,0.327979081060889,25.0,749.0,0.4793021905077995
junyi,temporal,0,b1IGwey9JYxxOGjLTGRvkWIsfmIlerNqghEc8OtDB8o=,798,0.1204042813987506,8.853808274977197,0.4195714285714286,17.0,783.0,0.8330330725097522
junyi,temporal,0,b6cw1Qxc9pcHLkL8JmxW99AJEkZtsztt9ZvSboO7usA=,2240,0.0944685991708995,9.321702839829644,0.213742506933882,20.0,1493.0,0.4352350197344815
junyi,temporal,0,b7WGHdUuPzaL2tTyUSSu5MoQ7LGDoLlHwTV8M3SDbvo=,2636,0.1328652832987973,9.062883902508307,0.334144645340751,16.0,1022.0,0.5915208762720597
junyi,temporal,0,b9R/xne951+T/j1JI1MBUYj5GedaqnaVkFFXo7wZ+qo=,2764,0.146125441124375,8.20849175174038,0.3064560065377281,16.0,438.0,0.5584129316678913
junyi,temporal,0,bGhEHzDDpgeN/wftiCCViepN+b6lTXEnxj1/8DxWeZ4=,2,0.475792720913887,6.309918278226516,0.6029143897996356,20.0,49.0,0.649066909421939
junyi,temporal,0,bL9LCeyWY9s37YHGGaajw9y6AvwkTvCxHwEL9prznXk=,4379,0.1681688382004994,8.756682421266532,0.3238350125944584,17.0,921.0,0.675429356676292
junyi,temporal,0,bPD7y6gQ2IeTfXrQunq8OXXx5LY2zIsQ8wfSBApCHTc=,1102,0.0911287005294364,9.029777268197092,0.5070085060500779,24.0,643.0,0.408284023668639
junyi,temporal,0,bSU4MMcM8YSzI9yAlKY0lW+EtDZDkSak/+wCG1Ncz4I=,2718,0.0932195988055679,9.526391218478407,0.1145377661125692,17.0,1816.0,0.4438486656998848
junyi,temporal,0,bUte1ZRGCV1S/2YX8o4VgvRd3uaJ383rAiQfhpHmtos=,729,0.1279219470755931,8.536014945656826,0.2167255594817432,18.0,796.0,0.3675261854517773
junyi,temporal,0,bY13RsIM2Xlj/qRBujFNedeCeDFFNKV1YUp+1kTLfAA=,2256,0.1199008214307347,8.774312958285378,0.2176334106728538,18.0,962.0,0.525
junyi,temporal,0,bZml5gkJWB1WJFn9WFcAJB4dwFXSFI3h0uK0BwtBHzg=,3466,0.1062754767487661,9.140561477368266,0.300911528150134,16.0,1081.0,0.733502538071066
junyi,temporal,0,bcVaSTFMr4RK9JPKGqEq+y6uMvBtTET8i7vhnwCQTpA=,2183,0.1103441398963433,9.813398717754442,0.2439811775005471,23.0,2015.0,0.2981838398813936
junyi,temporal,0,bd5nps07t0OtRxZxiwM39yi9o6qmxUkuW5g46/PKjeo=,1109,0.0961377568903225,8.845777255188445,0.5516993087557603,22.0,502.0,0.6503646328758437
junyi,temporal,0,bdWR70qmnAJIvbK4o/p60bDY5QbnX2vaRkVdg1s1DZk=,851,0.1160364281988049,9.438988743924838,0.2981381285805219,18.0,1288.0,0.489577616172704
junyi,temporal,0,bhUhhAGCaQV/N1qvnzhpjaD7P2mfdt3aqOl/ctA5Ozg=,2614,0.1331657517010911,9.71214543252109,0.348692177282635,16.0,1868.0,0.2236893383107027
junyi,temporal,0,bhl5niycEORGZd9uw9vrbmuxJKvPUJT7TabweC0W77M=,267,0.1216778353110395,8.244334047856094,0.3211563731931669,20.0,437.0,0.8
junyi,temporal,0,biaxP2zII7NP2ksFgn8KMiJxA30RhydZ7oiHmr4Lh5Y=,309,0.1311890708348897,8.618666160346871,0.5136454003253208,16.0,383.0,0.456778889899909
junyi,temporal,0,bjqNyUe/0l0x5+ie8inJrNliiPty2kvg7F/29KIioKA=,432,0.1747428189334675,6.891625897052253,0.2522889114954222,18.0,156.0,0.6289752650176679
junyi,temporal,0,blcaSZRDQfHg6i4RKYRvO7/D6wVIL6rGsyTJtdOElCg=,276,0.1659314432164546,9.399058096275375,0.417108314011262,16.0,774.0,0.5839507527943948
junyi,temporal,0,bm+PA9RRRt5EzYn5/rlVo0Sg77oozAjc+46VbJhE7YU=,208,0.1450756687062004,7.336285660021297,0.394393741851369,18.0,198.0,0.4794366197183098
junyi,temporal,0,btutOdU/ny9Ykgd+Tc9xiiMu9JaIcbX/87A/I7MsM2g=,6773,0.134732681324093,8.885302512980633,0.2966500553709856,18.0,745.0,0.6313888792142658
junyi,temporal,0,bvkyLDFZEq5/4jgDQtgO6S3rJ/DK7yhcVrja6HVlNh8=,87,0.1621565696670963,8.61195776786066,0.524745269286754,34.0,490.0,0.7281860311155246
junyi,temporal,0,bx+6BdRWpHzjw2lzHZq06pywvvL/Q1TL+gEZL5lhy7Y=,90,0.1259080525591141,7.848543482456679,0.3588442014837953,20.0,246.0,0.6881028938906752
junyi,temporal,0,byiS/4MopQNKQw1o5SVSsCfg28hMqNPubipGt4A19bo=,7984,0.1048406380356621,6.761572768804055,0.2132097334878331,16.0,156.0,0.7097329888027563
junyi,temporal,0,c0t5AkrKR7NWKeq1VVONr8Y04yJwdRPn/Qil5esGVUQ=,311,0.1233782139741531,8.158802490694002,0.4543372459204122,26.0,255.0,0.7507911392405063
junyi,temporal,0,c7CnB6hlM9deJD6GjunUMpgXQlPcGIKfVuzCTGSGiQ0=,3596,0.0993936630613372,10.294583246676993,0.13104054648135,18.0,3083.0,0.3694535263895376
junyi,temporal,0,cBtlUtwXdy5gGdRnRrsdXfZKfxJcjOb/Y+VJG/VOzVg=,1418,0.1336720431415209,9.463275708098127,0.4449794206725169,19.0,1384.0,0.4389380530973451
junyi,temporal,0,cINypIteJpgvnBnuBcPhQ0QhSdf0LxpMPHuxN3Ibuyw=,3018,0.1332063796147104,9.551231402759107,0.2348339378422587,16.0,1527.0,0.3830985915492957
junyi,temporal,0,cNDFZsIE6ShplieFXQVimwas6pEjjQ6TXTMZSV/ROT8=,632,0.1285208410397761,8.77307495131822,0.296732228589128,15.0,868.0,0.654485049833887
junyi,temporal,0,cWGivrZDSwN5LiL2G27HYCmyOuUeAhMIchLIraXiV8Q=,1236,0.1341609009055565,9.23941361946189,0.1546531960365261,16.0,1559.0,0.4524945812667159
junyi,temporal,0,cYcQzu2bjsSMNeaAw4lWpDUGdH8SsNow/a+k3vVor3E=,467,0.117990405048489,7.920446505142607,0.4153343023255814,6.0,280.0,0.5778310882701303
junyi,temporal,0,cYgMGBbf7LdGQPgpluIyEfy/nofh1pO0STOjHrLThpc=,3384,0.1295797111950155,8.860782895806315,0.4003404738260746,18.0,809.0,0.5552486187845304
junyi,temporal,0,cdFXA6IT4q2KUZxKXFD21+IYBmdKr9+64dIZOPfosfI=,1223,0.1052876695526424,8.902455592206882,0.2212545924615594,17.0,1083.0,0.7908163265306123
junyi,temporal,0,ceoIhM1kD63Q6PhxJlFTGX+RwSnXuJ3WTOTYhESoQ1k=,366,0.1295451957394007,6.959398512133975,0.3564638783269962,16.0,154.0,0.6006285781797867
junyi,temporal,0,clP2+ai8jg0m7J92YX2RrRzXyBa4jLyja5WruzDuOZ0=,3913,0.0849229052181539,9.45634070543332,0.3547075383171724,34.0,1227.0,0.3206131682962346
junyi,temporal,0,cqTW0IXOg+J6y+Yk63csOn2IHYY4+Nqos2a87VHy6SI=,2685,0.1003807328372597,9.46179923427044,0.3633535542074972,16.0,1203.0,0.3321433881313453
junyi,temporal,0,csvTOQUIhu2MK2FXPlq40vS4Zt3CTRXxG7dBI/MqOck=,698,0.1228516895576169,7.987864096085687,0.4059103260869565,30.0,365.0,0.2410342532890891
junyi,temporal,0,culKseV+Zke/kfH2elK1UcG13PktwOLaw0bde5RD89Y=,661,0.0940887089959612,9.014933575633572,0.2168044747081712,22.0,1105.0,0.500271444082519
junyi,temporal,0,cv9POISG2CRsF6NgWLZALS9+KTAB25ASQhvveqRLYtM=,620,0.0970240245058815,8.955448122347393,0.3955349077300296,22.0,755.0,0.6787614900822448
junyi,temporal,0,cvjFCVBHPMRGgHN646n278rct/tKIPgmtYIu9XsyGe0=,2093,0.141847674755804,9.95802308518414,0.4367897727272727,27.0,1700.0,0.5518606506878121
junyi,temporal,0,cvnGl+iUiKphfjbPcE0G7/HRE/Q51L3w0x0WhVLy1cs=,7012,0.1074271965446176,10.16708182945882,0.1092543505819984,18.0,2850.0,0.3852459016393442
junyi,temporal,0,cvrpe2HqRWypDZTWd3ry5QCy4XdRg67y3MIeZlRYaes=,4842,0.1344462602301822,9.070503426788385,0.3063031976075454,19.0,804.0,0.5
junyi,temporal,0,czwYNtatxXTkGd58zAmjHhwFS0+fjoCGpWJdrG2FPJ0=,2643,0.1630190029258132,4.584967478670572,0.3711340206185567,27.0,18.0,0.4652291105121294
junyi,temporal,0,d0epea1fc69jCEDP+o1Ko8TO9UcNtQ4nH4RpOz+toyc=,479,0.1396749255221411,9.208839245849916,0.4211738782051282,26.0,939.0,0.3404921829206184
junyi,temporal,0,d78kpes0fgN20aS/f8XWcwktKDL/e+vtWguyMOrdHbw=,7,0.2695870740073068,6.295266001439646,0.4898336414048059,20.0,71.0,0.7714285714285715
junyi,temporal,0,d7EhDMIrDeTrwHOcqUhYpiwc4yQMwmZ/8RjcPpojXzc=,1512,0.1178044946790332,9.790990521308984,0.3528062223714397,16.0,1585.0,0.4798387096774194
junyi,temporal,0,d96gb3CJNJAs06rSg/7oI0q50Y7vxIOB8A4ubdHQADU=,3836,0.1501221869492173,9.193804403336085,0.3168276563294356,33.0,1018.0,0.3026493039964077
junyi,temporal,0,dAipsKstQKUN4VipBEuqm9rBlREJoKyays23NuZ4B/A=,444,0.1346873553387972,9.165552189186048,0.4405396925007844,20.0,850.0,0.320754716981132
junyi,temporal,0,dEdTB/d9fVuyj1/b7hO9H4lL6XcWJW155+5nwHCyE7w=,475,0.1195064979870068,6.536691597591305,0.4194484760522496,19.0,54.0,0.7832512315270936
junyi,temporal,0,dGA1T79oC75XYzF8EiB4E1U7CLpCVSbLgAFnglV2nBE=,2472,0.1154835766194442,8.807172622916703,0.3114803173177668,16.0,779.0,0.7272727272727273
junyi,temporal,0,dIoqlJEhZ/uEUpnudTQ+Ve8Uw1oiqSMobNqXb2YQfcs=,2853,0.1368683311614347,9.823632327286663,0.2720970537261699,16.0,2213.0,0.4104466148520073
junyi,temporal,0,dL+vpyv8mp2L14ZNIt1k9tpwdFydZoov6EvnXSW4Dt4=,780,0.1073216510490732,9.106534203250591,0.4131809608343504,31.0,955.0,0.75
junyi,temporal,0,dLeQgciAmkIfymykUY3PBW2cDqWQVx64R7tMT+FpJP0=,1268,0.1582464431311527,9.125762395500884,0.3282542446669568,25.0,1229.0,0.302010727473653
junyi,temporal,0,dU4LbugoGp4U2bvHZqTvZ0EcB6yr4pC96uqyprkEapY=,1971,0.0871341880911772,9.206131527202128,0.1160992266747011,16.0,1343.0,0.4457831325301205
junyi,temporal,0,dU4bHGG5iITHkO+/yRQ8EBgimx3ScCs8/Ibrz7QE52c=,2604,0.1474742690731983,8.129469764784231,0.2594339622641509,16.0,416.0,0.644245029283865
junyi,temporal,0,dVKfHzCsi1dOBhd343bsUNF4dowsiANnvRBkWqToitg=,8907,0.0553154956070159,10.506956165951394,0.0741905491139794,15.0,3881.0,0.5407177363699103
junyi,temporal,0,dXvYZmfaKMbF66x3mpE4pJ0jkJN4QiDScmpt91rwZ24=,714,0.110102009958133,7.734121303328305,0.547723292469352,11.0,218.0,0.7017704772228244
junyi,temporal,0,daGwNLwnh35rFVqjg4maa1tVsx+wdDt7V9HggGCDZXI=,6269,0.150808560497728,8.407601514786142,0.4473214285714285,18.0,536.0,0.6023515699986288
junyi,temporal,0,dbfungJHCNq5u7rIZjs2wCd9hgFrRs2MXbTqu1obyVY=,2542,0.1212548687061261,9.482274087459825,0.1519353855531849,16.0,1708.0,0.5706598716689248
junyi,temporal,0,dfeeBaa8zDhWS6nu7zeXKwLyi4zqEajI3tJM9/fSBPM=,3108,0.1366232697732098,7.554858521040676,0.3881613410162389,16.0,254.0,0.5777777777777777
junyi,temporal,0,dp0m1kS6Bygoksx9S/gkBqTcWPoglbf1HT3Ma3U3N8U=,10881,0.0504448061540014,10.761767742906777,0.0470952290116784,19.0,5847.0,0.4995121951219512
junyi,temporal,0,dp78n2nBF0mjm5oRY8h60W1V3QuUhYHp7Q+b48XB8e0=,1529,0.1140722289953704,9.461176908307142,0.5191439688715953,16.0,1223.0,0.8164553614785113
junyi,temporal,0,e/+cIBGmDAZDgbD/6i/zllBplAiM5B1squ96zM4BIj4=,2285,0.0640054490947097,9.130322663990151,0.0919826652221018,32.0,1238.0,0.3154251723671759
junyi,temporal,0,e/HgpRlVCZ9F+F9KuwVWxa3jJn/JuKPnbZbr77xwptM=,2544,0.1296382689676573,9.403601868808472,0.3155551891847333,16.0,1398.0,0.2457912457912457
junyi,temporal,0,e0+hFijqTJTOfBIL9insE6M7fh8UL201r+EDBi9M2Vw=,2110,0.1243712955232531,9.655602949958412,0.3306637621732444,27.0,1884.0,0.5625
junyi,temporal,0,e1sAMu3IIfTozHcol7SwsRlLOnca0S9V3KN3/RFthmE=,613,0.1218785307876048,7.533158807455563,0.278372591006424,7.0,202.0,0.2496753246753246
junyi,temporal,0,e306CwdsI1GgMiiFdPRKSbcLGcEFSciChFTFXHPyGrk=,2228,0.0712705246075449,9.776676385669742,0.3125390248055855,18.0,1641.0,0.4974747474747474
junyi,temporal,0,e85vrrhrWUiVrvUMsLtqjwCVVgejgRneTUUL2gr0GJ0=,1554,0.0828026324589832,8.143807976771484,0.1296134844521941,12.0,494.0,0.6344719277581469
junyi,temporal,0,eCi043NcnwGh9pN73yoZOB0rftEOHoYCpIkcigyKXhA=,1284,0.1130830745798074,9.913833844590272,0.4577621616271589,17.0,1593.0,0.573076923076923
junyi,temporal,0,eHoVband54HgDCiLdmwxL2LOmHeZyfACsh/KtEbRFUU=,1204,0.1248312836183788,9.600217956742634,0.3100155752691813,14.0,1679.0,0.5226586102719033
junyi,temporal,0,eIXu+dbL2Ej0/ZO+/PYSUzo1dTaTEqy1S2TGCSUlLAA=,115,0.2368661416451568,8.027476530860483,0.494939601697682,21.0,283.0,0.8499101258238466
junyi,temporal,0,eJs/Pql/Xui+9mjL0q4CwHI/r+w6Bn3tTCt0i6r4xrg=,1067,0.1041103272870681,9.97687740976418,0.614626893411393,22.0,1579.0,0.4210526315789473
junyi,temporal,0,eLblaDUmtz3c7uZgJ8pgtSnq7nnc+tke1g8HqUw1F5E=,254,0.1311968600810102,8.652248422409102,0.4365606431317721,20.0,493.0,0.7369847382684354
junyi,temporal,0,eRdS2Lfw8wCLAeMb0UNbMsFEJ7BUXHLFDmkwPctkCOM=,3623,0.1263719880850607,9.256651274839433,0.393010598682326,17.0,1038.0,0.6535375638220278
junyi,temporal,0,eTxJnM9Mi8xeXIVDEEXgbm2AcOlh2CKQJVDx80DnkoQ=,5099,0.1007598445252691,9.761347785375005,0.1772436451668684,20.0,1948.0,0.4147727272727273
junyi,temporal,0,eVnUwCnYPCD+UvlFn/2t7HsPe+up0G0F8cznv/+R/a4=,4,0.4224593014412221,6.638567789166521,0.6422018348623852,16.0,66.0,0.4230769230769231
junyi,temporal,0,eWpRAHAhJCaRg5/Ef0tTx92nWIJcHJaMTwQqvukQeoI=,1322,0.140185172805378,9.20391980417326,0.4655259184700553,16.0,961.0,0.4387633769322235
junyi,temporal,0,eckDRfpc73OUXcSW4vV+4Y6JZaIfSERP9bUZIrNtLyM=,6856,0.1104552847418967,10.388164253807057,0.2436252771618625,20.0,2932.0,0.3893623966342666
junyi,temporal,0,eclQFpzMm/3m7MGgQaYOOPnvun/s4IcQzDok5QphMys=,1447,0.1369252762301557,8.668539943910762,0.451856946354883,16.0,666.0,0.6405451002555949
junyi,temporal,0,eddO7Y62aSxN4O6q6+UZ1oFT7Ev3tJqJn8H7Lz664kk=,3640,0.1407776091217094,9.857653016192328,0.3944930115688635,21.0,1469.0,0.3390119250425894
junyi,temporal,0,eeZVLiOU7OQMzmiBBpfdNeiopHtz9V4xk1B4/c7f4ok=,2871,0.0978283044473063,9.685331542732955,0.1847751725853598,21.0,1795.0,0.4397810218978102
junyi,temporal,0,eem9dUXJyUw0k1eqjFlnFp52CjkEsGsRMN5hIg7AxIg=,1276,0.1103279624553479,9.704731689278749,0.3133463462242284,19.0,1632.0,0.4794432510476458
junyi,temporal,0,eikXAycSEzx70lQOTATgR6AnubI9JwebkOTZkdgOJFY=,1197,0.1196035766920017,8.262558973010657,0.335741935483871,20.0,489.0,0.8627858627858628
junyi,temporal,0,endJFI8hIB5+/JKX/XXr4VxWd1uNY3g1YPqPBExHwik=,899,0.1102276277024966,8.278682162970906,0.2981208735398679,9.0,404.0,0.4127802409235402
junyi,temporal,0,evRRGINVvP8D982nKYCUr6xI3QP2Mx+Fvu2ZIrKNajM=,2302,0.1158289204578264,8.663369301573839,0.2016937435188386,16.0,772.0,0.6442995233050848
junyi,temporal,0,evnrvQPPTPutwKufIKh7K4UMK3E+lB2zHUzaKFdprEw=,3012,0.1157593608755176,8.537779825024625,0.3652753282382912,16.0,518.0,0.677832512315271
junyi,temporal,0,f0wLgPqiGPfmX/CF5qxgNmuoQj/9Z6CKss1Oi6P61I0=,7504,0.1174196831716297,8.518791912779934,0.5082883962452567,16.0,401.0,0.8601997146932953
junyi,temporal,0,f50Nnagzc0knPQZr++FGzNdqmAk4E7Gw0ePgQ75hs5U=,67,0.2126205554649011,7.642044402873258,0.500720115218435,18.0,148.0,0.6671413314346742
junyi,temporal,0,f7095rj+E71WXpZHXMkEExF0RcHXLX3GBHaoIK6/1GM=,59,0.1603159748522912,8.077136638538454,0.5088536812674744,20.0,284.0,0.3012704174228675
junyi,temporal,0,fBA/dR3/vn5rjFVbPKC9asCyTQ2ieY/iBYb1sqWO2oc=,845,0.1352565773848136,8.064007347096661,0.2911551778407302,17.0,482.0,0.5389408099688473
junyi,temporal,0,fC9kCqQqWNfROUPdgfDgMz44LI9SzI6Ka00bolSA2/I=,91,0.3340669328367318,6.107022887742255,0.421875,30.0,62.0,0.7068965517241379
junyi,temporal,0,fD8zM1ZR2ONSCf1qFOxRewRZWPyivWHdZKlbbOaK+tY=,2989,0.1102224636195721,8.475537516147405,0.3124087591240876,26.0,497.0,0.6407970634504457
junyi,temporal,0,fE04LEEwnBo+HjQx10Ikc5iW8dGBbjfZuxqEt31yeaA=,8253,0.1076469465757982,6.476972362889683,0.5916795069337442,20.0,38.0,0.5137931034482759
junyi,temporal,0,fIGjoMn51hw+f/+MS3QOlQbp677TV1G/gVDzckNAxoo=,769,0.1449234782668467,8.193123721512068,0.2970954356846473,7.0,400.0,0.3548387096774194
junyi,temporal,0,fJV+/6UaR4fnZLzM81X+1r4Ma1REep5Q0Rj30zM6z+Y=,408,0.1288858053100971,8.721439305625983,0.1824853228962818,21.0,864.0,0.5212985454651877
junyi,temporal,0,fO1unC+JwTokAOIH14ps0gxCtaiEW5C6RtdsHir5PQM=,5310,0.1227405184397959,9.915169057309964,0.1957101907680142,16.0,2589.0,0.264582715360053
junyi,temporal,0,fQhyLDlrnXbdAwvY10TcCRGj/lBUTeJdB3hXeJPOUVg=,820,0.0995279189176494,7.68662133494462,0.2337006427915519,16.0,343.0,0.5804892765651134
junyi,temporal,0,fQzyhskPyJuzy8T0ZlA3yA5RZmMkumMtkKG/vC1KStg=,2093,0.0915243771733477,8.520786726926367,0.1076340442495514,24.0,823.0,0.6075205640423031
junyi,temporal,0,fS8PvECka4NC8sJQey0IIfKeZ2dwZQsrj2/lhKun3tE=,8659,0.0980856224587029,6.9865664594064265,0.5624421831637373,17.0,110.0,0.6657060518731989
junyi,temporal,0,fbuOkTzKc7bABIGPJvp/bTmmesQeECfkMWrERS9NDEo=,4863,0.1304696279055454,10.050311456976926,0.3179345479664969,20.0,2558.0,0.2806670827265792
junyi,temporal,0,fdLm1viqYUbXjdbyioDM4zseCsyOlX3y5HIHd8fPJXM=,1369,0.1113737378685752,8.815518423966498,0.2125575181831676,17.0,1035.0,0.570286475682878
junyi,temporal,0,fggka57OX3QL3I441EmW3Bn5qGYLMEDYYAJ0whO/BoY=,1628,0.1211466212792399,9.274347501950476,0.2963414634146342,22.0,1073.0,0.3509493294439531
junyi,temporal,0,finh11g4fr3tjeY0F7m5HvkDtQGrF8e5Q6ZNMX1YLo4=,1644,0.1273026208125888,9.163563180417254,0.2864179417312932,17.0,1136.0,0.4314909896305245
junyi,temporal,0,fjWWAOup4/22H9FJ4JGCOoAlKuzlTKJEBvhYtRhNkEQ=,6356,0.119510920105172,8.753055515138222,0.3555063991151841,16.0,756.0,0.8502673796791443
junyi,temporal,0,fkYHSXvk0VmYunyFLG74H16A4P9WX6Cx2MMKpQcvVNQ=,349,0.1133297998171278,8.09162741160107,0.4136558481322718,20.0,270.0,0.6347529126841884
junyi,temporal,0,flzEj3Mnu3HFWNtkqEhaKk3L6u5aBJRuGGTTmNC1DR4=,660,0.1576779343187808,7.910957382845589,0.2112986060161408,17.0,469.0,0.4752551833510841
junyi,temporal,0,foBtKUAK/HUSjhHco0WST9c68Or3TrbKMN75i6FJUZ0=,3194,0.0947615904220348,9.566194979531012,0.1813914383801583,17.0,1841.0,0.5185185185185185
junyi,temporal,0,fpz98Db0LX6xbMc9XXMAqpnq17WoOxhJwylsP0dj24c=,2129,0.2597061969504327,5.0369526024136295,0.3660130718954248,20.0,23.0,0.6573009791400596
junyi,temporal,0,fr4VFr4dtAr75FBvGg+x8bts4takOr5RoTMItlyF9Os=,1579,0.1136943094265066,9.200087995511833,0.3493988077195109,16.0,840.0,0.62
junyi,temporal,0,fuM14IacAZTrOR0wL7pjHs3d+dmNJ7EMH4s6iLNNg7A=,4710,0.128854321625139,8.60337088765729,0.162231602128831,16.0,731.0,0.6678043230944255
junyi,temporal,0,fuX7RkEntlLtpkaxdMcV4FEBp/WuIaHudOHBjIQN/p0=,2270,0.1162927182926309,9.76324799612154,0.169773328730871,26.0,2307.0,0.5245248406110911
junyi,temporal,0,fvFMso7Q63rng+f8fs9HliWNJ06dvmCvI89pP3g8AZI=,2487,0.0977626305139407,9.488956472414216,0.306388132001211,18.0,1240.0,0.4974595723828438
junyi,temporal,0,fvlbr1+0Yu4YTF5vqxIlsxlVUtlAFE/LxIaxKOaLs7g=,612,0.0815125123006189,7.375882148215011,0.3778195488721805,20.0,181.0,0.7056365171222606
junyi,temporal,0,fw1/GoseFhHX1yH+qmBYplRxoAishYQPUm39HhXVIgg=,188,0.1114610781907995,8.729235349659273,0.4605177993527508,38.0,661.0,0.476981257532311
junyi,temporal,0,fwR0w0LLlf3OriHwW2vIK3RiKD8gRLRfHC1T6kQhG0g=,7883,0.0787269009196325,9.750394646402302,0.091083916083916,16.0,2058.0,0.4723449221706774
junyi,temporal,0,fyie57S6DAxJ8etfXPWAJOuVbzuyyPpqcr9iLyfgd9Q=,3505,0.2423660451320217,5.393627546352362,0.5296803652968036,20.0,27.0,0.5833333333333334
junyi,temporal,0,g+QrAwIOrKpsjGfixPcsV8mYJ11PnKrFOt+JL386CZk=,24,0.3068588860332966,6.423246963533519,0.4195121951219512,16.0,57.0,0.4590163934426229
junyi,temporal,0,g0WmMRm3uq6z030S8hInLOY7xb091Cos25Bu/Slg38c=,1513,0.1439561767151065,9.451873788401985,0.2806535228968659,22.0,1661.0,0.4192740926157697
junyi,temporal,0,gBWgPAdRB7ghGaR1wXxs0jogZW6obH9cO2hmBu/pUx8=,2484,0.1111379731538384,9.0441677169216,0.319674067076051,23.0,900.0,0.3066422032932823
junyi,temporal,0,gCO8NpEiiKGbe1pbysbDipvP7hdI2LxjDVnbMOCvG5c=,135,0.1384686160004801,6.542471960506805,0.6825396825396826,20.0,52.0,0.789272030651341
junyi,temporal,0,gKJglt665bOi+yhFGI4R+H8qLidcbQP+hBH8wGvpE5U=,4910,0.1478935457680937,7.928045600874777,0.42084385142445,16.0,361.0,0.6103896103896104
junyi,temporal,0,gLNrtr7TN1errHKhgFmRSO60rwODerk6A7qT19Ickjk=,6497,0.1660684680649547,5.953243334287785,0.5338541666666667,20.0,55.0,0.6926516106843976
junyi,temporal,0,gNyTSOhVPx7BtUSsEdgCgV4rbwDOKngaJWFrYB0EinM=,2816,0.1489545609509293,9.995109119583352,0.3256227758007117,18.0,2248.0,0.6551724137931034
junyi,temporal,0,gOX2LgERQWRqT9yOkaWwpJsbIezSaFgRg27NSNXzrjs=,784,0.1058209675307176,8.031385330625534,0.2695934959349594,21.0,325.0,0.515702479338843
junyi,temporal,0,gQVxGCahF6+39K3glaRceVrND6A90VnDLSaj2NrTuis=,889,0.0903800465355138,8.776167099731275,0.5494827852400803,15.0,361.0,0.5833333333333334
junyi,temporal,0,gSDtDzDGj+MoqbXAwGHHzEBublk819NIIfipz6BUSYU=,1079,0.0886028456299284,8.827468112520654,0.1751246699911998,18.0,992.0,0.5408682671365294
junyi,temporal,0,gSZ5U+vksIZG+pfqEZn3wjseV96vuSRacNjODO1cDzg=,836,0.1299008559279643,8.626585568187433,0.4570557647480724,10.0,480.0,0.5449275362318841
junyi,temporal,0,gTX47i+8MQYHcDkBirEicZc7nqG0hNf/20GgU2oQK0o=,7368,0.1240515023625015,8.86827250899781,0.4649394536750211,16.0,672.0,0.8219504515082297
junyi,temporal,0,gcjxOprL7KFz1ynxk5l082bo6LLo4evKHqo2m2BFC1M=,552,0.0904959539671519,9.10063710688422,0.2248883928571429,25.0,1146.0,0.7825412610453797
junyi,temporal,0,gpzB0k8E8rfNWqMLhPK2MTqX0O3neWD2M7U3NuU1SJ8=,4024,0.1436262491613754,9.605148899895818,0.2416442048517519,20.0,1841.0,0.3548677413656155
junyi,temporal,0,gr4NKrj+oJ0DWsF5eptZqQQ7ksEfY5k4NLv8FQdDDk4=,1641,0.1369480363119991,8.862341963516347,0.2225212464589234,16.0,873.0,0.4361997089707791
junyi,temporal,0,gvez7GFXUbuQl27U5+p/4QwFZZyXP2QFYQdoor8ZkeE=,6545,0.091815718039237,8.986571625268054,0.5754315736802602,16.0,535.0,0.7072919917956035
junyi,temporal,0,gwyAKrDd3r/aPElAq/97BWk1H4+bsSURhZI+O3WDwFY=,6208,0.0896342477646774,10.15521856070225,0.1445731612501943,16.0,2983.0,0.3741058362413909
junyi,temporal,0,gxF+eTDkLaixhj4c0E7naTGKsyFVNl3v7wtMLMdGzmk=,3396,0.1172301450492517,9.782449224159071,0.3310006208025283,17.0,1506.0,0.4849315068493151
junyi,temporal,0,gzgoMDT5Pa6CgqZlMw9xlIcFUgfnwEJrNt4xbeDbolg=,611,0.1286255283839086,7.885329239273191,0.4497553631915694,20.0,245.0,0.2384322264561785
junyi,temporal,0,h+NYyIV/YL/gV0WjaGT5tfnqaubKmWS6ytdWBeSLFjc=,1993,0.105687885802441,7.194436851100335,0.5123966942148761,39.0,135.0,0.7408759124087592
junyi,temporal,0,h3/qpdMuhf5rZwqcHX//oZtCPV6xOKgXZyeHSGnWAsA=,3236,0.1304989654557106,8.596928159435091,0.4039527151828592,18.0,597.0,0.5912765198865526
junyi,temporal,0,h327f3+M2F6lvbXTOgg35VC4pac6YD68c7hjS2DPPiA=,2119,0.1218298068232728,9.407222080101468,0.2778644763860369,18.0,1270.0,0.5334358186010761
junyi,temporal,0,h6xIB8Vz3g7+BOulVtddhzDp6mlqvqglH70sh8SfyOA=,1844,0.1228143839570118,8.969541885423252,0.1926453747296094,16.0,1107.0,0.4680851063829787
junyi,temporal,0,h8yV7uoM6hu2grzOG5Weh+0M055I9znunaEikiEHXjo=,220,0.1657459450038997,6.182084906716632,0.2795031055900621,10.0,80.0,0.3687943262411347
junyi,temporal,0,hJYgCgsL44C0NlZ4PZX9Lr7Q8Kn9Nm/Dpy8IrP+4NLg=,200,0.1767528935265727,7.476472381163905,0.5614730878186969,16.0,132.0,0.2883597883597883
junyi,temporal,0,hLFiBikqhFsQw0px/iUFWmJ/TvnIlZpv95bRtR7baZM=,581,0.1055645455466824,9.15788851197376,0.3682546374367622,16.0,905.0,0.6240028922631959
junyi,temporal,0,hM/DzgBix1bzNDgmr/jYhmedDNVA5asQwkdEK+kkGhM=,4001,0.172939014180004,8.497806477616047,0.3913930246787681,17.0,397.0,0.6204379562043796
junyi,temporal,0,hORfMtOHyiNudQ4hjk2xrUaL/uU+G9Tn6ElVFNXh3Cc=,495,0.0982721088889215,8.727940222393896,0.5265716137394686,23.0,572.0,0.7745629864764969
junyi,temporal,0,hRDwfL0PL5rN6c4l8N3LjeJYcHhYCuoF4aRrclMweXQ=,125,0.1038398612737655,6.322565239927284,0.5413669064748201,20.0,45.0,0.8394228659205618
junyi,temporal,0,hScxSa3r/rGqY02BOToHgUyoK0KVvHibLaeNeTgQjSo=,4014,0.106060742118452,8.638702608813434,0.1760850310008858,19.0,795.0,0.5853061224489796
junyi,temporal,0,hT3lzAgSbDmKyrgoiN9ijCKlXj0jcr8pmOTmiJ5sNw0=,4043,0.1043072174752775,8.551401362745974,0.2221148269862749,21.0,579.0,0.6224598930481283
junyi,temporal,0,hUzEsTi50WTbf2tmbhGIyPzIujolDgn1RHd2PkkB1Z4=,3916,0.1143303550514847,9.786391780659882,0.2441396368542358,16.0,2045.0,0.3983050847457627
junyi,temporal,0,hVo+IVNVaOniJLhdg54xFL60xgc41GXeHG1PKtkgsVQ=,1642,0.1109714033036752,8.244859395911256,0.2090885211452587,22.0,477.0,0.25
junyi,temporal,0,hWfAiJgEzK9NSh1jxPBGRiCGV+lYwQ/qoXFxJbFyoWM=,9339,0.1081949003255421,10.53153605509994,0.1016596403223224,20.0,3908.0,0.3333333333333333
junyi,temporal,0,hXLFyKcgM/LJH6GBAg7frMZ28ciYsmqvCYcIYJySago=,5513,0.136536943904977,9.597166175865407,0.27842684417878,16.0,1646.0,0.5171551195585531
junyi,temporal,0,hc6X3OiDLxt7O0VfZXJN1yzHnMLWAZSp1TefeEUe4WE=,235,0.1571652656539957,7.1846291527173145,0.4802731411229135,16.0,162.0,0.3442466381418093
junyi,temporal,0,hcs3eyiRWQEO5Wybd6BiQ6pRx7ervvVydr76Z320vPI=,4076,0.0580455650763419,9.79423056659918,0.1616375704166434,16.0,1817.0,0.478134110787172
junyi,temporal,0,hv7kHCAIdj7thZUmlqz553leG5bFNYgzXmLfB5m4Xvw=,21583,0.0684598281895622,11.444186132768047,0.0729572818029906,18.0,10575.0,0.3953488372093023
junyi,temporal,0,hxF+GCZ2kFjuoHOUVj0a6Jn9NbRfydExscjLa0cvxuw=,177,0.1631608466413214,8.904630097005011,0.5200271554650373,16.0,677.0,0.5038759689922481
junyi,temporal,0,i+WBqYjpHnnT036NunBEGVrujLPLey7WKD8K0OXapNM=,136,0.101016978130621,7.365180126021013,0.4319189360354655,14.0,120.0,0.509367681498829
junyi,temporal,0,i0Z53FafHddw11FFfQ85WbBa2vs7zK8iD9q9iYEPjJk=,700,0.1373737112031085,7.647786045440933,0.267780429594272,16.0,309.0,0.5686359218058106
junyi,temporal,0,i2BVfTp485wM+aQN1OTMKJr+SQDTDi5fuNDk9dp360g=,5116,0.1418975425708015,9.431000842996584,0.3755213346166185,21.0,1127.0,0.4864132874457579
junyi,temporal,0,i5SUcTqeYRtx49V8b84jSxOrV47WyyCXa+/7pE6/6Gg=,1584,0.07210690790618,8.51919119407891,0.4713515671790776,10.0,372.0,0.63542300669507
junyi,temporal,0,i63OzZpTkqfe5ND+D9DAeVXqzKrB/7OasjU2PnkdHfs=,3747,0.1091601104376727,9.064505023752638,0.4934043045591298,16.0,792.0,0.459675247381061
junyi,temporal,0,iAFFh5WxTvC6zEJUtsSsegEoTFnYeh2RUigKn9BT1Gk=,1478,0.1209759019663071,8.361474616416817,0.3333333333333333,17.0,485.0,0.6004456575151188
junyi,temporal,0,iCI6VPG9JvYhgJi7cBepbWJUtUoFgOO/HrhSwkumLO8=,946,0.0956599026161342,9.41995278900604,0.5192604006163328,26.0,996.0,0.6627906976744186
junyi,temporal,0,iEdGYWnwFWEsG4gsq/lsZjkmGc8datVNwuwSAAe7H34=,487,0.1196658917682654,8.53070154144103,0.4602328794158279,24.0,418.0,0.2711198428290766
junyi,temporal,0,iFMkY4C4t4FONMCI2C5VBOIfCIFNLYTG+TmcgGayb4o=,3134,0.1151583230458221,9.12543586488574,0.2596624931954273,23.0,1027.0,0.2004773269689737
junyi,temporal,0,iIqjl5Plm+22qIYnLpUSTdXHOLdlpgnHEQmBHrjOlg4=,4091,0.0769680051865619,9.985159701180152,0.1275978065526933,17.0,2596.0,0.4025385312783318
junyi,temporal,0,iJ+Rpf5Qnw63bObvZLfXRBU4Hmi06Io+lXRGV9hsFgg=,7077,0.1053627182870015,10.471581584092512,0.209876193444202,18.0,3259.0,0.3878504672897196
junyi,temporal,0,iKqRsPP+BOjViedwcscCuCE15B3XONt/be89lKXW16o=,1979,0.1079288769142534,9.704914655156124,0.3951332560834298,17.0,1460.0,0.7801857585139319
junyi,temporal,0,iO9aRlOBQNV0rwx+0/2SRlANvc87xhKd9Yff43mfDzk=,716,0.121162428495906,9.266909723464076,0.3396654380493337,23.0,1263.0,0.6915422885572139
junyi,temporal,0,iPMbi8I6lhB14oTgTNaTq8Fg7KeXWxFb5P1reKC9UXA=,2819,0.0795196388542034,9.677464860471074,0.1193505923650724,20.0,2020.0,0.4382470119521912
junyi,temporal,0,iTEZw73MY3n+LoNon1FUuwEW5jHj4CQXGnFo5CaVYEM=,1209,0.116583429914772,9.072227069846548,0.2433115168216787,17.0,1184.0,0.6312594840667678
junyi,temporal,0,iWYmMDS9CSVGUTFmETeO+1hSj89Z4w5RGwP5H9Zv3SQ=,6323,0.1081231144703292,9.780698256443507,0.1718679330619629,16.0,2262.0,0.5828744521008234
junyi,temporal,0,iXwCZxKEZeb4dyC2NYB/rHZE/rYeCXcZ3kTdfe7CQBo=,11,0.3950230147350918,5.424950017481403,0.7079646017699115,20.0,21.0,0.8561001042752867
junyi,temporal,0,ierVgp9Aw3orfAmQMe77mB+wYdaV6fK6Vy3vmvs6Ods=,5660,0.1433708369915164,8.80612448326845,0.3204974528019179,14.0,604.0,0.5985620170094451
junyi,temporal,0,igyppz1W8cwmEp4KYuI4wd36zojXrAzg1FjgEb9oaW0=,67,0.2810437663652892,6.52795791762255,0.5314787701317716,20.0,65.0,0.8920570264765784
junyi,temporal,0,iifaTxiiTf4efLofMvQKfjMIGBdh4KuZsWv1TYIQd90=,1433,0.0979270852930955,9.022443300849044,0.2335264301230991,18.0,1122.0,0.7841737671699305
junyi,temporal,0,ijROzdzfwoCAQ7dUtgyeqG2vgtGgvKQWu/6tpajqTSE=,1651,0.0980168777309752,9.018937706446035,0.1831173549715392,21.0,1082.0,0.3518518518518518
junyi,temporal,0,ilh8SwN/N/lynhTK/mWSvb3nDr7ZGvWV7rsU0BaOkCI=,5347,0.1339761596563095,9.348187438668308,0.4377450553280474,16.0,1095.0,0.5613382899628253
junyi,temporal,0,ip5uBacJ1fPhAi+v1Uymms6Ie5bRJCPNau3ZoyRwiKo=,341,0.1412399703967234,8.991686725934825,0.2313627878033602,20.0,860.0,0.3072289156626506
junyi,temporal,0,ipXsIHrPnClNy40wiQznLM085tMhWMAbi1z/IrBVUTY=,105,0.21933241227553,7.7823903355874595,0.4493116395494367,19.0,227.0,0.4545454545454545
junyi,temporal,0,ivLOrT65HjJtF7QBiRvIhYtKFl/heB3qqODrXEZytx4=,3770,0.1140490653325583,9.743729514150925,0.4419805232899214,16.0,1529.0,0.5634497510543224
junyi,temporal,0,ivMwj8BftiUhzy+S92MtpdbXyuTfab9H8lSFFi2azt4=,364,0.1717661272239958,8.629807335785372,0.4827524575513852,17.0,591.0,0.734475374732334
junyi,temporal,0,j2uSJf7xN0mQaRzYSSw2m4wLtSoEwxf4iDdQ9Vc/uMo=,2771,0.1500559420387061,9.651751606857816,0.2551453563159248,16.0,1964.0,0.2854122621564482
junyi,temporal,0,j4rGpwpqhLE9foelXD2yjokS0u3QR+ULhNqLGeF/4sk=,4551,0.1085887566739551,9.022201929860664,0.2397392563978754,16.0,916.0,0.7435340067869172
junyi,temporal,0,j8b2h08zIbWHp6sKBsI0qaQuiA3vUGMjaYZFFE/gQ3I=,6272,0.1444598500826799,9.161465204194046,0.497164461247637,16.0,805.0,0.6334126614299027
junyi,temporal,0,jE1Pn6eb/odIa2Xtuki0YOh7gk0BCjq9q2oE+AJb1QQ=,54,0.1683262473455181,6.169610732491456,0.4381551362683438,6.0,58.0,0.4039634146341463
junyi,temporal,0,jImuGvSym6odgRoYw7vgkq4HUbmJ1tDW9fq6bo/yN5s=,13193,0.0779265450864558,10.871782326157078,0.0997000075947444,23.0,6162.0,0.5
junyi,temporal,0,jR9KA6+gQp1chfbQvsqofqZLlOO69LPd3Xq3L4LQ67g=,1903,0.0957341660704821,9.36228862824824,0.322680412371134,23.0,1160.0,0.3569462397728546
junyi,temporal,0,jXZ8uCJJ9uMd1vX/0Uyac0KK34c6zOc1OVgU0mDONk8=,2142,0.067269589818047,9.231710397712376,0.0801762114537445,16.0,1356.0,0.2576530612244898
junyi,temporal,0,jYvdVag77CDUNkiDwDLBvSrc4nd+nxa7z/rWC6Iomhs=,3235,0.149051280595093,9.073030421011577,0.3983478659935751,16.0,981.0,0.550351031154015
junyi,temporal,0,jZvYpEa6VB/WrlKKmQHnfbv/xJ4OypBzq0epVcn500Q=,4039,0.1267477889980717,7.194436851100335,0.3163035311795642,13.0,173.0,0.634703196347032
junyi,temporal,0,jfGwrPbDKlpdxGG+g8gs5jmPWCFHmc2bC6ZxGBvFsSQ=,459,0.1276428934832434,8.64259160081057,0.5284983236280218,31.0,446.0,0.3449883449883449
junyi,temporal,0,jkqCQc81VUibgQkhHl//+5PRaSA68Wd3CxUPvlOv+Yo=,2287,0.1117441936244982,9.897972371848018,0.3960983458192971,27.0,1763.0,0.3170075349838536
junyi,temporal,0,jm3AQrDCqr+tJAABNEyhQdSZUH7EWmfIZxEkfBTU9cs=,2346,0.1319372026048908,8.599141774063405,0.2342425359380759,19.0,820.0,0.8956071666862907
junyi,temporal,0,jpb1rgDXjbe7vvSvZzIoPtn6mVIKPxauQ1QVTvzkAdw=,9937,0.1278742192880172,6.853299093186078,0.4587737843551797,16.0,82.0,0.7153744201457919
junyi,temporal,0,jvSzlPLRjqqstMszjfw2Y1+0IOmVTo8P8l/rpJzPgNU=,6594,0.1000960901726955,10.186559012430228,0.1281693855253739,20.0,3071.0,0.3333333333333333
junyi,temporal,0,jw8OL6LfnyWsdxIIZhy1YgMUrD3jub8kSMulJZffG6U=,7323,0.1366339228958339,6.75343791859778,0.2838785046728972,23.0,141.0,0.5559498956158664
junyi,temporal,0,jyV3TtfAbZjDOzo8nkyM/0J0ZhwbB6Q2w53P4VyYpRw=,335,0.151447685493079,6.918695219020472,0.2603960396039604,17.0,161.0,0.7325700533739992
junyi,temporal,0,jyf7N5ZnreskNIwFO3N9eFFPPK78T8maCsrCNfiOZB8=,4980,0.1445708488170282,5.84354441703136,0.4011627906976744,20.0,39.0,0.6430034129692832
junyi,temporal,0,jyw4UBYsVqQ8IeYXUywTKN8TEZjJgYNuhb6JBTBoidg=,1627,0.0903469483487161,9.322775801305973,0.2279917776387523,25.0,1495.0,0.363905325443787
junyi,temporal,0,jzZTTPgsrcp5fCBd4ZAAgShAZ0EC+8/YuLGSwXDOZQY=,1115,0.0928082971127845,9.466454374960302,0.3944883108840378,20.0,1137.0,0.4206087625298543
junyi,temporal,0,jzyFMCUW6ZcfKY1QjrGkroMDhsSaehgk/yAfsIi7Yqs=,5353,0.0565006780020918,6.272877006546167,0.4631379962192816,20.0,52.0,0.4576149425287356
junyi,temporal,0,k+LswM25FPuxm5I13Ggn5uKhScLlWro6/Jb5yYOOkr0=,247,0.1690056747360992,7.052721049232323,0.6112554112554113,30.0,73.0,0.4864864864864865
junyi,temporal,0,k/WG4+UUn0rR7m2BM4xFg4shKIzlpibdawNjVqpvgDQ=,1334,0.1317046159499469,8.607764889600624,0.3270601132833912,34.0,778.0,0.6731880835927079
junyi,temporal,0,k5VfVp+TcBvjO9/385mNNyTz67w310S9kBWAB4uteVY=,582,0.1186515126478157,7.919719760924575,0.3323636363636364,14.0,340.0,0.8636470610563876
junyi,temporal,0,k6o2d0xz4rByHpI/HCNDEzH7t4ljNEj+6pzh7K20XGo=,1767,0.1560385753691497,8.71948076085107,0.3529411764705882,16.0,733.0,0.5319144847323731
junyi,temporal,0,k8mqp+KZGRgdlEg/caQhZBQLHh9jgIXK+aTtrCuSd0s=,2112,0.1161441679291646,9.521641310026595,0.0950113544795253,16.0,1940.0,0.35656836461126
junyi,temporal,0,kBDWVopBTf1uxLDC3CrtmEvqBhzA5QU7MWkqP8yKrOo=,489,0.13173963570375,7.714677473800927,0.4651785714285714,16.0,247.0,0.5513537824513033
junyi,temporal,0,kGRuB0J+2WBQOkAU2so3cirN6g3c0kJ9Enwcux8MS6s=,667,0.1022968882655963,8.06211758275474,0.6389151687164932,13.0,206.0,0.742600422832981
junyi,temporal,0,kJ9ialLv458/tGGlXsoE+EFFBTIP9v7uOOmvamStQsc=,1787,0.1061775823396554,9.152817185732516,0.2930084745762712,16.0,974.0,0.3717478757801338
junyi,temporal,0,kMuoC+eQQa4BoXGIOrWnpGSbT1PXLpzzyQcXgGIK8Us=,4803,0.1357695199976496,9.500993027872797,0.3788513311396949,28.0,1323.0,0.184766670916741
junyi,temporal,0,kNUnYkzBPHsIi2kTqCFtR7iMGyx2yZD/KZHuu839hcY=,771,0.0919973158244956,8.821142236331891,0.5679704797047971,16.0,526.0,0.7256857855361596
junyi,temporal,0,kSGW7jiMb919zyekSOS3O3twBsFg+jh/QoZTlNlm2xU=,5054,0.1624133008958121,6.786716950605081,0.5322033898305085,17.0,96.0,0.7193378480060195
junyi,temporal,0,kWC7tp+Ms6zrg+kHdqOvEhUdKpT4PZOSEDZvFE9v2sE=,4988,0.1072837641153484,9.731512287796315,0.1567195201615298,17.0,1983.0,0.4121405750798722
junyi,temporal,0,kX+5omUWpBnZq80iSxuIAlsvxdHI68joYz6itRBOCss=,795,0.1422486498846479,8.39072252736229,0.4113507377979568,27.0,527.0,0.3391557496360989
junyi,temporal,0,kaswy5Iwfp5d3/3ST/V5AU2yqxKhaFF+OP11w7VeMK4=,5919,0.1049353021955736,6.650279048587422,0.3510362694300518,16.0,116.0,0.75
junyi,temporal,0,khOJBYjD96rDUWMEwdvjKMsGVcKds/Lpjh1KbkxeROY=,154,0.1365501287502127,7.888334500738654,0.398874296435272,34.0,265.0,0.5157232704402516
junyi,temporal,0,kvCAt3kZ/mwV1jD2HyUqAQX8S4PUPR33jaGc4hW10Mc=,2022,0.1232423535286763,9.171287644712482,0.1379991680532446,20.0,1321.0,0.3647126457058477
junyi,temporal,0,kwPXscWGwlFEBMGbV9JSoj7leEOLPiJpZS/s3V6oeQU=,1897,0.1086435822521029,9.49408972140025,0.342394578313253,31.0,1660.0,0.71760226644555
junyi,temporal,0,l1rjnoyfJCnZv8AJ4YiaXNG3b/Qrtstg83+T9K4A4pU=,7861,0.1198539143157542,8.236155661683124,0.4385267620561738,16.0,420.0,0.6363636363636364
junyi,temporal,0,l2/vcuhsUZHwmURWCt7xK+5y11xqlvCniAXvZvbs7sM=,1749,0.0799183229508348,8.031710375322042,0.2545513654096228,16.0,383.0,0.547139973949605
junyi,temporal,0,l2qnFsTkIC5rtckJOSRUU9Fa26UjskhobzBBg0ZOQsM=,1162,0.1422363610087818,9.343909263897595,0.2725761288064403,20.0,1503.0,0.6666666666666666
junyi,temporal,0,l7fGttjjxs8ynzph3AhoxlkG4uEEruwjbHkglePaIfs=,2813,0.1373615243287859,9.711297461543568,0.2931765846564053,16.0,1866.0,0.5294763142589229
junyi,temporal,0,lCiErLu25B5SZD4PvpfL2mNLrI6Vr/iDlsYeTdU8poM=,850,0.1268120571817545,8.226305988015508,0.4787262510034787,16.0,332.0,0.7068965517241379
junyi,temporal,0,lFLZ4isn2Tcu3H1DyFd4lxgmyJw8//GeWJHAYAvGHfo=,3649,0.1083894560582161,9.666245076842417,0.5512519809825673,16.0,1018.0,0.5639097744360902
junyi,temporal,0,lG8uYsrQADh32pvOcrvytT25qo4UpZUGkrybb4ycFEs=,7074,0.1298673161255985,4.691347882229144,0.1851851851851852,16.0,15.0,0.9314157408589792
junyi,temporal,0,lGdUXi9NMg3ytnL5if7DOcNgJB6AkWtmNPc+PBbKHi4=,2734,0.115939047224697,8.416930769477844,0.2434763379035824,12.0,599.0,0.687797619047619
junyi,temporal,0,lJHhoRHd3ZUe74e2337gW8J09hUfhPdaYcz7qmJYkh8=,1566,0.1731366131802595,8.844912950899548,0.2643413087345057,16.0,821.0,0.8453424802483069
junyi,temporal,0,lJJFjKGiHUDF22MOGnPT/xBTwl4UiGfkYJkNbbJ3VHk=,7665,0.129970129086458,8.284251797621916,0.3017676767676768,18.0,610.0,0.6107921148970901
junyi,temporal,0,lJa8pFWndfotoKPXOGmjPMwYR4olU7viRy2gAKzJb20=,3968,0.1658885581914106,5.5909869805108565,0.5205992509363295,20.0,28.0,0.5538366336633663
junyi,temporal,0,lKGYmPAYQXCknHyHodD2wxXC+5G/OxKIiDH3GgLI+cQ=,12,0.2217470655838648,7.8351837552667485,0.5413533834586466,18.0,165.0,0.6419437340153452
junyi,temporal,0,lNrVQ1xnsnsWvtrLukPSOek8Go6yuhzXiDuwKdSMa58=,1713,0.0839745487103872,9.510519035757246,0.5522222222222222,20.0,1066.0,0.6512003404510978
junyi,temporal,0,lPKM8YFzXEcDQuekpp3DK5DdL1KlQ2T0z5lDPWaESgw=,1519,0.1001604497451102,9.344608992781216,0.5617348723329836,20.0,753.0,0.8214285714285714
junyi,temporal,0,lPqS7vvN6keLg+WxwQ7LhK/W2VR9OLpakcefYcleLn4=,57,0.135274825388925,7.666221925662725,0.267572633552015,20.0,279.0,0.657839740416873
junyi,temporal,0,lQnOj9Px/nPNqlSWfF0N5CkTn+EMnwvOowom5ryaouI=,2058,0.1272377652250523,9.077494458642754,0.4025128498001142,17.0,971.0,0.631578947368421
junyi,temporal,0,lZL4UoNcmffkQ/nM3VYvBC7BAwD1OPmiOb5c3tmIm5s=,934,0.1624342736212436,8.980927207648378,0.3723738835073594,16.0,862.0,0.6517857142857143
junyi,temporal,0,le4ffPTWLIzeU2EmO67iM9vRZBEaCA8vRvTMP0oxlbc=,1169,0.0969530338293696,7.76046702921342,0.4515991471215351,16.0,261.0,0.7443298969072165
junyi,temporal,0,lfFL8LesAlY1wX0+sveN0vu8YZEg5bKCXUOGCLqRxuM=,2015,0.1143971517781447,9.353141170607854,0.24380093636206,17.0,1266.0,0.5307874589865111
junyi,temporal,0,lfxdvwc+7PbngDWWYaBtEc92MvARW6XNfkdoU1e97sU=,1797,0.1266422069791661,9.26416545867109,0.1737111448066717,16.0,1361.0,0.5116144175254951
junyi,temporal,0,lvobiTtwUsd1ylmrciW7NzJnmmcqFC1J9PmoZ6R8xK0=,13586,0.1038727378612822,10.944664918551014,0.1627360988526037,22.0,5921.0,0.5029554172168773
junyi,temporal,0,lzRhsRBch0NUNxYhlfhKKF53dO6Eymsb/GPNZG010+w=,570,0.1346935871118483,8.953510763007166,0.2914403930695629,25.0,708.0,0.4899160311987529
junyi,temporal,0,lzijoqcCBafidRGCkuAcau0Fyc+z+574LY9rAn0Qnng=,4929,0.0786904662492864,9.40943710213184,0.1830847402065235,24.0,1379.0,0.15
junyi,temporal,0,m/JWFlWTObOlrpPo0GSe5ZY8bBRPfH9U/ZsdbbyIa5w=,3469,0.1226400839574001,8.448271745949816,0.3414059151307329,20.0,540.0,0.6517965726920951
junyi,temporal,0,m05vYiRhzb0tIGStVVCNMqTKMCT4UT7bf0UdiR5d0+4=,3009,0.1444777383724305,8.271548374755515,0.187468030690537,16.0,528.0,0.6096851960866762
junyi,temporal,0,m6DnlS38gmb+QFf7102iqmQim9m7dKlTfZ7bPLN+Ato=,253,0.1148446338037728,8.74528448245438,0.276592356687898,20.0,717.0,0.5102040816326531
junyi,temporal,0,m7rxdmifsJ8HxB91x1USFvW7op/ZusrvlAjq/FAmRE8=,368,0.1725965360522462,9.088624613292088,0.4661696600022591,20.0,1045.0,0.4573820395738204
junyi,temporal,0,mE6rCLdazwHjJQ+97f8SLUFEAFoZSGD+UnwBvtxU/iQ=,138,0.1761341446173795,8.150756470275551,0.5163059163059163,20.0,254.0,0.8536184210526315
junyi,temporal,0,mFkhx+OuLeG7T+2eWVBNjiY7HoTkp4O2/nAXxxunQAs=,3371,0.1192258031448244,8.194229304819817,0.2591876208897485,25.0,409.0,0.9322638146167558
junyi,temporal,0,mGErDb7klind1UmQITMFJDTDg1J+fQPigCXo35M5VOY=,601,0.1545275378748178,7.560080465021827,0.3194372068785825,17.0,292.0,0.4848066298342541
junyi,temporal,0,mGoRYD5V/cXy8XsqCcXYWPBKSKknFWuZrWhbNZhQmqw=,2979,0.117801850834363,9.956886129260823,0.3459423587409935,24.0,1989.0,0.3191571574205005
junyi,temporal,0,mHse/SVLKP809e4vXn9ZgxFQrJC336ILZZsA3RoIfTY=,1368,0.1149619069421522,8.334711621820917,0.3663865546218487,16.0,413.0,0.6346704871060171
junyi,temporal,0,mMl55exzvbIy5f5RyY0tmq7WvK5KPLjw/i63OE+diLU=,3945,0.1165310855778897,10.202220834799924,0.3588754543431496,21.0,2772.0,0.3432168099110458
junyi,temporal,0,mN1tllkKVTTojQYca9a9pFVaS70PFjtGTTiXHZVFwRg=,5730,0.1452753751431421,9.87158400352312,0.1860513138196272,18.0,2491.0,0.4095808383233533
junyi,temporal,0,mWLymE1Nkn97ABCS6bLlR35/Hk/RnkkXXFmQaVMAFTQ=,6123,0.137467659126983,8.905444318789714,0.2805589472256139,16.0,773.0,0.6598955310504934
junyi,temporal,0,mYFtDundRAjeRWK4Vb1dJh4pkXy95xGx/aLmxgXDmEo=,1867,0.0875797589288016,8.189522110748094,0.2098833981121599,17.0,465.0,0.5758916599624564
junyi,temporal,0,mbCGZ4XkKUbunQ2A7O9/djzj6vkRQiGHwH6GFZrffFA=,26,0.110877167720061,7.264730177929867,0.4327731092436975,20.0,148.0,0.7374388300016747
junyi,temporal,0,mf5PUtZaZKgrMrWPXCK8shRWejWlf18QjoDp60P8GxA=,3969,0.1171830222474924,9.171391621837609,0.3300405531870646,18.0,956.0,0.7142857142857143
junyi,temporal,0,mpK6ZQnWafdhjIV2XTI5WAMwImQ0bbZHwxY0A4y+kGc=,146,0.1690054580773392,7.690286020676768,0.4432753888380604,27.0,179.0,0.4371021555763824
junyi,temporal,0,mrG4s2qdh44vRQsx7/T2OnjSJj8UzM23ODdwSHYMNFQ=,47,0.2859535968684135,5.468060141135132,0.4491525423728814,9.0,23.0,0.5298953662182362
junyi,temporal,0,mt2EzJAE8X1OCXSqE0GMxBB8NsLY8xtig4aYFKSmrhQ=,3261,0.0958793493333701,8.889583991794973,0.2605099931082012,16.0,830.0,0.6109487111347329
junyi,temporal,0,mzSnT1CgsdPVx0yFebyrR837l1a+t4MBMugTwpmRQ7g=,3506,0.0777631593946233,8.497602541651233,0.1040391676866585,16.0,707.0,0.620081133782088
junyi,temporal,0,n+b0VzjA7b3kgqw8iXzwX0yTpYwNRczONSV0z2jNGtg=,4636,0.114132730379614,8.936561204693394,0.2930036822724882,23.0,829.0,0.6703860479110253
junyi,temporal,0,n0+5yVdX/Q8BcTmvBKZUbUq6T5X8LDLWkAv/FLIuEfg=,263,0.0567564283826958,8.317277766221235,0.1685805032983142,23.0,578.0,0.3619744058500914
junyi,temporal,0,n2hbC2W/fEWt1TwlS/Wwq8yLpJAllQM79eSfMWQzi3Y=,3177,0.0913150659275491,9.920885329712547,0.1577886977886977,18.0,2586.0,0.4145475520372341
junyi,temporal,0,n7S5SGJpFgGcbGt//qTyiHxZTrIcQXIl+L/ECKOYAnc=,392,0.1529378155816574,8.08271113423758,0.2425084955205437,25.0,381.0,0.3592736705577172
junyi,temporal,0,n8ucjLV4S1bWVucNLlgs5dy/AR5sQChHBqJVIzBH6MQ=,175,0.0902647078037262,6.880384082186005,0.389917695473251,12.0,92.0,0.2556860526411458
junyi,temporal,0,nBtFGzjZtlpB0wyz3JkA25mI5JiF+hdWJNzJUiMw1V8=,6251,0.1142828806373354,10.519915662682669,0.3677959238763666,36.0,3204.0,0.3188073394495412
junyi,temporal,0,nBwPY4ITPn4irJXI7w5Vv522X8MdSZdwqehjg03kgBE=,60,0.27133723013103,7.9208096792886,0.5346894297130403,20.0,220.0,0.3235294117647059
junyi,temporal,0,nDwmEHmpKe7ktc7gphnloA5Qcjt2UFcu89G8HJ/EyoQ=,38,0.3062272330157851,6.985641817639208,0.4907407407407407,20.0,120.0,0.7367899603698811
junyi,temporal,0,nIRTW5M2QjZ1cODlW4o+MNq2bGC6ItQeSqrFiDwCAOo=,1329,0.1180366139706193,9.05392045270488,0.2165828558063384,17.0,981.0,0.6212624584717608
junyi,temporal,0,nLHQ1qJlj3kW0aZ1DY+O6yD5N474TKSw+L1lDDMnnOA=,51,0.2082501655049604,6.683360945766275,0.3659147869674185,9.0,81.0,0.4494318181818182
junyi,temporal,0,nPsED61TTD7PvRSGYJUPEHBUKdezjtZUIvu4i8tBFdY=,1024,0.1308260838000023,9.691407573577898,0.2752673548865674,22.0,1895.0,0.3875598086124402
junyi,temporal,0,nSqkMbcuNaqkzvd89qwGhLvqOM1liLIgDjmIgS4Hgj8=,2390,0.1229231935385199,9.361257257293044,0.3435672514619883,16.0,1115.0,0.3356095858538855
junyi,temporal,0,nXCivRFCQRQbeb8yBFJJjoMht7oLbOOKEknNyNG78BQ=,385,0.1288598360082545,8.321421586897879,0.4554744525547445,26.0,381.0,0.4086772875441899
junyi,temporal,0,ncpSV/Tw2uD3d5TPnUjjXA+mqgn81thyxj8FxznUxZY=,1170,0.0777676469025512,7.385851078125209,0.5818858560794045,29.0,115.0,0.8064156923208703
junyi,temporal,0,nds7oVk2a6yC/6tk1sTPm75v/0ZPkvrJ00WGmYRciOI=,5578,0.1013136058887802,10.053242872620965,0.4008609556607835,20.0,2067.0,0.2859779714354877
junyi,temporal,0,nfZPn3ykTjw2O2jNya5/2VUvwyQ9m/3VqGzZ0Fg3t7I=,1920,0.1388031528138223,9.57366316988638,0.2748956884561891,16.0,1541.0,0.1660550273385945
junyi,temporal,0,nqzgl42VGCsfvLZy5eYGwqYuXblo5zIhTfjUMt6Kv7Y=,637,0.1089921799112619,8.178358165605836,0.4194272880404267,19.0,375.0,0.814959811988387
junyi,temporal,0,nuGqWNM24fHhFJ8DYewgXdy+p5eVZB+a+wblwZNPbEg=,313,0.1674893237590884,7.316548177182976,0.4780585106382978,16.0,157.0,0.2162171507607192
junyi,temporal,0,o/aHMWaMdC0+kGRlcK7UV02bbJaIcaE/j2nbSkgupxw=,3943,0.103497028408462,9.972687069337132,0.3083706606942888,27.0,2152.0,0.2639115863718284
junyi,temporal,0,o/g95+OW/vglmMGwH72w/A/K5Gc6TB/BDAHowBQDjGQ=,1765,0.1146117864416717,9.2850767180902,0.1148027842227378,16.0,1478.0,0.5072559366754618
junyi,temporal,0,o1lc2Mdlj6h+qx5O9IDt1qELkyQ3pKHvHsS6bojkdW4=,1773,0.1150677957678674,9.238441802087058,0.2490276157137301,16.0,1350.0,0.6818181818181818
junyi,temporal,0,o2v8hx0EmFclMvX5SlXFoeynGuxWWbcFjk7H1MUqkjw=,4243,0.1053874682839858,9.740439071085758,0.1792230723955268,16.0,2168.0,0.6477742422795617
junyi,temporal,0,o4eu7F3IQOZHR4xqfRGGCivSLHoG7zs88hxWfdfL40o=,544,0.1095266781921964,9.032767522204432,0.2421165790731008,18.0,982.0,0.4268230271862596
junyi,temporal,0,oA2Mmn3NImJPql4w+/mtQhYJopaJDLagBcvQ7o7Ej9s=,758,0.1561969090820217,8.479283618343016,0.5192187824641596,21.0,513.0,0.9354346720894764
junyi,temporal,0,oAoQyh9NT0lXlshN6sYYNSMTizpgCVqITEKcEthrDZU=,7640,0.1003567452314833,10.02937102422638,0.147958733797725,38.0,2511.0,0.3015873015873015
junyi,temporal,0,oNIM1eH6FUaiqw9ZJSkRfnJ3jbGUx8QoWBTNq/mmB5E=,769,0.1369161527877569,9.107421317968342,0.6148985700033256,43.0,660.0,0.916624300965938
junyi,temporal,0,oNW2oJaLDT1nfBVzmLcalNj1Z3lWGmnvRSEytScLsTs=,2381,0.1098848784055697,8.902863672196222,0.1945048966267681,17.0,951.0,0.6684827131764538
junyi,temporal,0,oPPWA1w9EpOYPS5U8pdx8YhZuOIKVaGZ1BRRHEOr48M=,2014,0.1391389627585213,8.528528701079983,0.4679588607594936,17.0,430.0,0.2517407323858937
junyi,temporal,0,oVxTuTeb3r2r9kzjJBtC875rvwJ9k4YjqpmptbNVwaI=,206,0.2023595585532992,8.304742269640771,0.4648688767936665,27.0,327.0,0.8444444444444444
junyi,temporal,0,oWKS08nkkpc5pzxpe0m0RJpXpA6GEKJ/ESJvXoAj8C4=,1184,0.1204061418499583,7.994969522697877,0.3966273187183811,16.0,359.0,0.7400513478818999
junyi,temporal,0,oX4x/m50Ln6LFrVAAgXT4aeeS7iOsjP5iG3MDVO35is=,52,0.1879015199195307,8.254528881939745,0.4994797086368366,17.0,266.0,0.7934392739068056
junyi,temporal,0,oYKp7Fq1ukhFHHrs/iNZHU4cV3PMvwqg0wFiSqvJ8jg=,1732,0.1169111826930272,8.992930352509733,0.3675574891236792,17.0,730.0,0.5907473309608541
junyi,temporal,0,oZX4t0FNoXmrwFyk77fGdpfqmvX+3PIIn7CYXH/6CY0=,6909,0.0888758850739404,7.017506142941256,0.2349775784753363,16.0,185.0,0.7087129175426302
junyi,temporal,0,oaQZ7IRVxNjjdG2iOLuZGC+k6uqpCbfHg7RHgPlR7gI=,705,0.088658046137198,8.20166019080868,0.3288535381239714,9.0,421.0,0.4428571428571428
junyi,temporal,0,odIwFdIiecFwVUAEEV40K3MSuCSlIZkbq92Zp9tkZq8=,1994,0.1191161025426801,6.668228248417403,0.3129770992366412,20.0,97.0,0.6157072011335329
junyi,temporal,0,odpQo0xwxNj77x4vDVOFe0SsN91+KI8cS8ytWOMB02Q=,1144,0.0905637534752885,6.940222469119639,0.5542635658914729,16.0,75.0,0.6549230675667457
junyi,temporal,0,ofj2YfPcmy8LgkDZmnVRSjxKny4tFQmum9uEfub8URE=,402,0.1644630404872662,9.040382074165628,0.4503319108582266,22.0,743.0,0.7314285714285714
junyi,temporal,0,oggomtrz9eq2rWMdcZAh+i1WGKGz84PfStIZUsiqfCM=,416,0.1200292369486795,9.384629757072872,0.6165672519532891,16.0,882.0,0.5126050420168067
junyi,temporal,0,ojfqcZpAoKASWGHibpbgNTzBg9Dn19Gd7XxOA5TQ8l0=,2123,0.1168240319465738,9.420033875565988,0.250081089847551,16.0,1670.0,0.7687650178051244
junyi,temporal,0,olB2B7ueYn8YeM/OoPIbIX+bgetpmV3h25n3vXx9wkY=,4197,0.1109863091539809,8.678291111758565,0.6580963732334412,17.0,361.0,0.9019264448336252
junyi,temporal,0,oujB8OrUofV7wuIygS0fGGodg6zwhEMNdNDLD2bzHhY=,111,0.1490486722296892,8.349011198176003,0.6097041420118343,25.0,257.0,0.8155844155844156
junyi,temporal,0,p+V3ts2UBQGzYvv9/LDQ9GAAN0r830ex3/6G7l5Drtg=,6954,0.1398466553651268,6.968850378341948,0.5630885122410546,16.0,112.0,0.6046051858294741
junyi,temporal,0,p3jpMnd9RbFnPh9KuKJwVlRfvp6F0p4ETps4sCI9dmA=,1123,0.1165700276429538,8.086410275323782,0.4281317328408741,19.0,243.0,0.245631067961165
junyi,temporal,0,pAUvW4XKSYhg1jlJZSgI+zcE64Vc1ZTK8rqKzNKk0+Q=,2437,0.1153077030534637,9.435561763085358,0.1843512974051896,23.0,1671.0,0.4280936454849498
junyi,temporal,0,pCMaU32mbXzBUo97xzQ8N2IV9uQoBgqqdfOz6dcl9RM=,188,0.2094129955332894,8.39366870513074,0.5282933454051607,20.0,416.0,0.7789763649539305
junyi,temporal,0,pHm5o9NLjlO2lXB7CH2U80qF20rcHwHgxaIwnQiSd/c=,5925,0.0907932439665605,9.894547710966654,0.1697694364562837,50.0,2207.0,0.2341463414634146
junyi,temporal,0,pHxumVVyXnSVT3+BWEh9DrffUG1ETbtem3Ea1tiDmt4=,2370,0.1671108182949968,9.935228438320191,0.3312826971517147,23.0,1978.0,0.5466101694915254
junyi,temporal,0,pQ/2AQfwKgwmw2M2LVFo2N6j9s48R5T0saCeTKoyYm4=,897,0.1405165518477941,7.624130585661289,0.3313782991202346,18.0,270.0,0.7556780461350014
junyi,temporal,0,pSJuXwvC2oTnrfqrMjAbRaAk0H97orogNflqY6S8fvg=,802,0.0800505600628115,7.074116816197362,0.1177966101694915,19.0,197.0,0.8110905580602714
junyi,temporal,0,pcvV6WqrDJpbJUdIXVS/AhhfRlw8NPela28C22qPeX4=,982,0.1382163937104953,8.830835365537549,0.2654582663353311,21.0,871.0,0.3820754716981132
junyi,temporal,0,pdYh3TvKBK1LgOTy1Vc5GCkzssnNDhK3xSBLdsGpfLA=,1088,0.1146472973264548,9.035034150076132,0.3143844595399833,20.0,1094.0,0.4435389988358556
junyi,temporal,0,pgZz2VlENmyB6DeW+lnVjNHeVQZDCenZM2Nc1RllQlI=,299,0.1046990166203333,7.510977752014095,0.4198139025725232,16.0,204.0,0.3496503496503496
junyi,temporal,0,piY6Rtl4scHsQEvP2kKvqjK8pOEnNJuHNijb/bxPCSw=,238,0.1176354613648179,8.034955024502159,0.1649384316267012,12.0,423.0,0.6586826671283572
junyi,temporal,0,po7dH4OmeU04x3Ji/XOLOur74ArAEobOa+Ras1+UdNM=,2321,0.0988131496477077,9.810823867672708,0.4476932360524439,16.0,1692.0,0.5889328063241107
junyi,temporal,0,psOl97Npo5l16YVN2pmzdl20PaJ8JJBhPfoVVdDMiHc=,736,0.1198993435015006,9.186150133174966,0.5918032786885246,22.0,723.0,0.7476465094719047
junyi,temporal,0,ptoq0DfX5wthTe3dAIOp8nh+CYffpkOTH0Y5myecBVc=,2586,0.0909155355372259,9.215029361462314,0.2814055345411108,16.0,1156.0,0.2541038283138811
junyi,temporal,0,q+qhddeoPj+932QSq5bGBAzgqT4XtW74phrSiM/jfw8=,90,0.1172788467672136,7.866338923046544,0.2451093210586881,25.0,371.0,0.4829931972789115
junyi,temporal,0,q/zqlSFnHvaaDZQ3T0MieHABIKLc1BwReJRJu5dz5NY=,6278,0.0890700060392568,9.255313737618916,0.1438952098671001,16.0,1352.0,0.7018255578093306
junyi,temporal,0,q19yLKk/sVMh6RTyMr5ukD1q4LIeGdKKIiUsjpZAQL0=,2900,0.1174450356014683,9.849981285012989,0.2702431819380704,36.0,1990.0,0.338680926916221
junyi,temporal,0,q4u/j6i3QRAvoheOBrj6QY/8q1aVDXN5t2VqjgaFXq4=,538,0.11171066674744,9.137662146478196,0.5123682512368251,24.0,679.0,0.3221857742197868
junyi,temporal,0,qAtLSVC787ORvbDSF5uaZalBGtpHCkGfy0rXm8xJD/I=,5145,0.1476040354658568,10.099794193896743,0.2515511361301722,16.0,2860.0,0.2160234899328859
junyi,temporal,0,qAxhX2oiVk/7ZL78L/aygBfw+dbSxNbYUQKRY8byEUo=,78,0.2771176222043159,8.314587291319576,0.4341009309162175,16.0,350.0,0.6344339753448794
junyi,temporal,0,qER34e/xF0nc6zZmlIGrL3knw6JHjbP6i3jC6rfCS8c=,4091,0.1376243700304978,8.661812881026181,0.2200103860135018,16.0,751.0,0.6427919708029197
junyi,temporal,0,qFKdCNiWQCeUTbvGJqYeg6lzdzk69fUJmjb6efOtAUU=,297,0.1201287839634343,6.75110146893676,0.360655737704918,21.0,107.0,0.8104749313882125
junyi,temporal,0,qFkV0za7uPY3RmryLxsEk7Ein+05CaxcU9fXymqOGxk=,1147,0.1299366650586491,8.980927207648378,0.2780223927538054,18.0,934.0,0.6189224704336399
junyi,temporal,0,qL32qjAo+JiSXztqNQlcTqRuI0e7ki0ohCVe1gkp4h8=,171,0.1572104259802584,7.280697195384741,0.5430737422467264,20.0,148.0,0.855
junyi,temporal,0,qNy9Nb6Srhtd8sHME31WQothbe0qdQQ7I4xK9F+2Ns0=,3378,0.1378559477762647,9.713778777308155,0.3134860666142779,16.0,1629.0,0.4972067039106145
junyi,temporal,0,qPHR8aBqOhKij9IS/Y8IR8prwWruoDBGU1tVUhXDJkE=,2136,0.1068569046594743,9.038008749211576,0.2869534220532319,23.0,926.0,0.4029124258232404
junyi,temporal,0,qTFR2TIte0fD2b2N9J1h/QspauQCDlkyzaanvg5SsNc=,3449,0.1240044940409613,9.0320506762956,0.3613435333492708,20.0,999.0,0.4810471888222821
junyi,temporal,0,qVt6XIA/cWnMm3kFpC0sZTJ8ad+ZMuYKfkyeLB40vB8=,2233,0.1502373694397168,8.713746330456916,0.2884141331142152,24.0,695.0,0.3059210526315789
junyi,temporal,0,qXZEcmfOOXDyc3HYJqoJL7PdSiHNmOpELzPkGSsYCHA=,211,0.1532400911497349,7.026426808699636,0.5342222222222222,19.0,127.0,0.5085470085470085
junyi,temporal,0,qcfEcg7Gqh0+C5nzkKMPSK81u+zNhZqxVHwNdqlD234=,204,0.116021108430098,8.77043908654689,0.4647515527950311,20.0,527.0,0.4823935101141079
junyi,temporal,0,qcohFOwrKFE+fSChJ/RVs1NVaSLbRVERMCuRWDV2qFA=,3166,0.1282887942000602,9.358587948436384,0.2689488660860567,16.0,1311.0,0.3758978451715882
junyi,temporal,0,qcuzdjxW5qVsEjL1f0auqwwjCQ27dwz0g7NpJaBDaIo=,1427,0.1442309955195398,8.255048902752295,0.3385335413416537,16.0,384.0,0.6670514690695033
junyi,temporal,0,qdz1OAuC9qg0p/4BrA4V1fBXexshZHZxt32IjY+UduM=,5115,0.1433728874304669,6.077642243349034,0.2183908045977011,20.0,69.0,0.6393354769560557
junyi,temporal,0,qkyb1eQM8HrW/1r3sz2c+00GK5edqo/fzRXXgF53eTI=,6775,0.1153363242164955,10.353511663841456,0.1575272588152777,8.0,3530.0,0.18791221534492
junyi,temporal,0,qoREG2KBVgevjuwDNMApauSTJsLjeqqVEyXdOAB0xMc=,4663,0.0930434362558927,9.793728488543389,0.5065290178571429,28.0,1253.0,0.3763742902017639
junyi,temporal,0,r+zxAQRiz0ZWhEixJ4ZiWlG2jDpl2qTa2mJ5ZnrVXA8=,8677,0.1355634987412184,6.843749949006225,0.4002134471718249,16.0,121.0,0.813953488372093
junyi,temporal,0,r1jH4OmuwWzBhFJiyLJB86PdGFP0YNRbv30C7gX3qUE=,4475,0.1300472839914949,9.834405391348684,0.321313759108444,16.0,1822.0,0.2792500292500292
junyi,temporal,0,r7ofQ4mqaPd26iV4SuiFWV4Jw8cBhNsXgEHGJLxpZOQ=,719,0.1405769172700974,7.955425088912672,0.3098245614035088,20.0,395.0,0.2550813847806329
junyi,temporal,0,r9uHkHNbfdzRkBW9Gogqi1vmxUXafa57W8BEsdMqCZs=,317,0.0894667025220694,7.20414929203594,0.4575892857142857,18.0,134.0,0.8866347233021417
junyi,temporal,0,rBSjOGOOKyFbSw+SyepIiwE7qocz4HhQqfUy1F5HEhM=,370,0.1111186686527248,7.759187438507795,0.3983774551665243,23.0,272.0,0.4024024090680399
junyi,temporal,0,rND+3bhmprW4wpS3cauOBkPcR2VbI2H7RpDMRUVHcCU=,1854,0.1417732558176634,9.42238253021922,0.2096917725103146,22.0,1732.0,0.7303921568627451
junyi,temporal,0,rQO212wsw18sbrh/TvMPK6d7BsxqTet330Yxso5NhKk=,11522,0.1403564341262869,8.606485298894999,0.257043541895353,17.0,618.0,0.6238235354077617
junyi,temporal,0,rWyTBc21lUbZZOxzXwmYY6yQCzZdvnkrd7TYKnb2mkc=,815,0.1277153533042774,9.368796057668156,0.3129054284738819,20.0,1475.0,0.6631229146485846
junyi,temporal,0,raJS0zfRPS5NRtiba9q43gsUyH0PaPvhjSc192V9Rw4=,42,0.2493003127830369,6.095824562432225,0.5011286681715575,20.0,45.0,0.9174871073605252
junyi,temporal,0,raMY2KsWUz4cVl+qdETMESK2+5AfHY2XD1XwN7GugPI=,1382,0.1304149856796291,8.507950610049305,0.2551988693720977,16.0,779.0,0.642369020501139
junyi,temporal,0,rgBDC18nMxXbJVgqjaW3ZPSdMNCn8V3qFt6nhx2EolI=,476,0.1077738717010542,6.061456918928017,0.1939252336448598,4.0,62.0,0.7725633072944259
junyi,temporal,0,rp9yfKKSxDxu3W+c66zfqMEOPAFoBxPk/WXvxBAXfUo=,2492,0.0902456379394438,9.442721128642876,0.2401109789932619,16.0,1704.0,0.2816568047337278
junyi,temporal,0,rrZveAGxgrsKF1qL65AmLVqda8Zbg24xqWyj34qac9c=,7753,0.1053581294909977,10.397665367329228,0.528613263376243,16.0,2259.0,0.2698174648792115
junyi,temporal,0,rvGNITIfQzjD82gpFgMVKC4UZHTbpR2iC06+vTx9KaA=,3230,0.1247015187089531,8.73568594451502,0.2210610932475883,18.0,829.0,0.5670683313975997
junyi,temporal,0,rwtEkQkEDS3aQkE+XIosHysCXQU9C8iB14xc1kQC/k0=,3844,0.0964567684831186,9.563318491070625,0.2866779089376053,23.0,1648.0,0.3125
junyi,temporal,0,rzWpkZfVptJjhCtmA5xHgJIsAZQKyQ0mwHzaE2K/I9Y=,2627,0.1051783071619752,9.528357644224036,0.1498217274248708,19.0,1778.0,0.4690849134377576
junyi,temporal,0,s3Y4TUK7PUKpvlrFcFIgHdMC8P2mf2hvD3j7fIdmTvg=,140,0.1896038272551128,6.230481447578482,0.3491124260355029,6.0,72.0,0.3617021276595745
junyi,temporal,0,s50m57r2jUJxOLDuXF77hZ35UjzqvVkzPKEWj9xqzxI=,6345,0.1309896013502442,10.142228824473392,0.3120667926906112,16.0,2641.0,0.338770103858389
junyi,temporal,0,s6iUzyQUzDGLXdahm0mCWfk5q8rcxE5JGLnSGk5h88M=,6653,0.1533030675128882,8.935640333747571,0.2974858496775042,18.0,1118.0,0.7772972972972974
junyi,temporal,0,s8wFEbIjj7l7GebegKyLlX7a4MHtSXocDaHEJu0soD8=,173,0.1332646929524364,8.289539484624141,0.1703089675960813,20.0,556.0,0.4545454545454545
junyi,temporal,0,sF5/ooX9Coeoi4ZQqBvtNL1W15RujzkLLPDIHAh3sIA=,5844,0.0856021822892428,5.673323267171493,0.6827586206896552,20.0,27.0,0.5697882071405342
junyi,temporal,0,sSl0A9RyQ3LbuoNIUSeLVfCmVa0Zff2L9FNm8PQsrSI=,88,0.1489183741452341,6.732210706467206,0.5167064439140812,16.0,89.0,0.2888165889224255
junyi,temporal,0,sXQotCwOU/fcmIsFMqsFT1+jDrgNl3Eetil55blgp1Y=,9310,0.1220985203073085,8.29054350077274,0.1959849435382684,16.0,426.0,0.5813377374071016
junyi,temporal,0,sZzqvkCEVEK4DRlsw4qO8upL5iffeB996S09fm5pMco=,5003,0.085853819981256,6.220590170099739,0.2031872509960159,19.0,39.0,0.7947204968944099
junyi,temporal,0,sabwQYnBMn/T08INMmZflUXyrrd2ltP6YajeNpwGWSU=,67,0.1324502839081323,6.70808408385307,0.4584352078239608,21.0,84.0,0.518983268983269
junyi,temporal,0,sbRL5aKtZBIUbbb8mbJqn1Zi8nvOprK9WY8NWGHonA0=,127,0.1057765941450915,8.9300972286214,0.2792852415618795,34.0,792.0,0.4827586206896552
junyi,temporal,0,sbX37mPX7s12nP6ST0kOrlxn3LZ4PhWGqmgvpEIj6ng=,2752,0.1156227887252942,9.900733764339506,0.3978640192539109,17.0,1826.0,0.3353584716234571
junyi,temporal,0,sd/gIUfo7qpyKxmzyZZwkHqzIqSHblf6c1K/iHrd/FA=,279,0.1312612884157145,8.31434234336979,0.3580004900759618,20.0,639.0,0.7783018867924528
junyi,temporal,0,sjpx9JKp33xDuwIsWu3bMa7KPQzxwl5Kvg+WoYNlnZY=,4021,0.0770664168852683,8.877800393882575,0.100557880055788,15.0,904.0,0.4944749694749695
junyi,temporal,0,ssoD0v75OrrqwAKQZP0ePSDhxD9qGSJwqCyB5pd+O+4=,2360,0.1110796951815107,9.48288342558516,0.1536704233932379,19.0,1616.0,0.5831303167059387
junyi,temporal,0,suDCkQs0H6kriJ78abNYmrtyOrBj80FflKWAiW3yfD8=,3277,0.1061836257643767,9.825147561084876,0.1516872160934458,17.0,2314.0,0.3835616438356164
junyi,temporal,0,svTmVFY7kPYUWAdDc4l5Zaim90TY7RGkFLs/eaU4FVc=,15712,0.0617505438296647,11.06751297975247,0.0568417765982358,14.0,7711.0,0.4394046775336641
junyi,temporal,0,t01hjun7X39jNVm5uQ4Zim5uJ7au2kSCDtgaN5TBBR4=,217,0.123278332655338,8.95660873889395,0.3904356792987883,30.0,683.0,0.5974359022797857
junyi,temporal,0,t0ecyrPtga+CgNqPsmtLQkYiw6JQE9TK0eIlMebASeU=,49,0.1951586725760479,8.842026529498812,0.4761491760624458,19.0,489.0,0.6307145877896749
junyi,temporal,0,t9NE+shI32BkAQiBqhqi7Yfxk/GqipntnvKPkuV9fCc=,498,0.1093216763045377,8.82555985506085,0.6020573108008818,21.0,518.0,0.4026162790697674
junyi,temporal,0,tAZ0mRV5cECGqeSg0QvaNNVKgKvxJ3r3SLQtJPb5SSY=,1412,0.1228251072219322,9.137984709784044,0.1653585635953123,17.0,1221.0,0.5105853051058531
junyi,temporal,0,tBZ3hZqed0H7wHFp8jHQT6bij5GrwxB8L32UylQKUrc=,3650,0.1166110519543992,8.760296220470051,0.4605490196078431,16.0,449.0,0.626194067370538
junyi,temporal,0,tBo6ECyT8IlKAM8UhQHWkqv92PRLcSiwuerfC7vNX+w=,788,0.125577088854652,8.59932602095476,0.3036668509305325,43.0,728.0,0.8930617441120305
junyi,temporal,0,tBr8loWJrEOlzcZDaQL0Q2qMEMUVGJJiWePsXb+7O9U=,3357,0.0879924568053352,9.310457163310955,0.2311798769453492,18.0,1354.0,0.4046865662121857
junyi,temporal,0,tDKyHKjiaYS/9r2OSVnPQ7tSPPSNRYT9jWOZCemk7/8=,3281,0.1518473317117152,5.6240175061873385,0.3876811594202898,10.0,31.0,0.4948568290897258
junyi,temporal,0,tF8tMFezQhn36I3yHWsSa2i67yZXerPE5QWgZGCFvFs=,2155,0.1563454969525185,8.422882511944996,0.2068586502528028,19.0,729.0,0.579064587973274
junyi,temporal,0,tKPJ+aL8jZdRX7rLqbXvQRirJzPopGK2mxUlBEHW1aA=,1690,0.1286846984484709,9.816567080505427,0.2455001636304135,16.0,2376.0,0.4438565837293822
junyi,temporal,0,tN8SpZieIVVCovn2b6LL/lY1ljwmZRYbAR3J6V6ScWs=,1187,0.0966624857876653,8.959825623865841,0.3055377103944494,25.0,836.0,0.846711259754738
junyi,temporal,0,tOR47i7wGbuHkGxkhX9tHItMHHuJtAttsvHDOjDRVOw=,15918,0.0939021636751127,10.61029105954356,0.1279932920663887,34.0,4479.0,0.2276422764227642
junyi,temporal,0,tPAGQq+YU6D1NO1cU3U4fdlaNEm6YSSlRHK6qq/RQfw=,571,0.1467179565318581,8.936824154997302,0.5448330265579806,21.0,522.0,0.3221989215098861
junyi,temporal,0,tPzc0JSXpr0JmIZKsEwoPNd7HYlbgErDMf2uJUXKJco=,6693,0.1255592477879353,9.276502574229852,0.2323317420200318,10.0,1205.0,0.3951612903225806
junyi,temporal,0,tTmVu9rH4l3d4gYHn961kutPiXDAPkhWRCWp1GWCwUc=,3382,0.1206594336560929,9.884406664723336,0.2082462667550073,16.0,2237.0,0.3927813163481953
junyi,temporal,0,tUeUQK4V+TthlYOfXGU45TfMrMvMlcmhUaMf6Sy4WxQ=,1323,0.1125295524811337,8.952993499320474,0.2058214747736093,16.0,1018.0,0.4666301569916028
junyi,temporal,0,tX7NdqantvoBvQvdkD5+zE0t7sWCWqUqRru/FcnRYEY=,17,0.2872240911511814,6.07993319509559,0.7752293577981652,19.0,32.0,0.9297883994464944
junyi,temporal,0,tXmG1LY2OjXE4bZJtz4tOad6vDfC4L7RdrdbNYUE6aM=,935,0.1544196277114134,8.826294231241318,0.5856093979441996,19.0,566.0,0.331295615328617
junyi,temporal,0,tZf/bEBKSTS+3LVGtBC9SDk0DW861g71Tm+ZVdS2co4=,2638,0.1177471154146998,8.10258642539079,0.1789824348879467,20.0,434.0,0.6329219070223842
junyi,temporal,0,taHJOb9QH97FhfZ3GgcNGP9N4IOkU1m8ZUle8xGkCz4=,1667,0.0915034871267885,8.951828676824181,0.2640849630876829,19.0,940.0,0.4627949183303085
junyi,temporal,0,tcefpcahExZLA6gms/r4H1DHPHzmBUwg8h7hfNlV4sc=,7081,0.0880656324040287,9.638870753015343,0.1229396051860055,17.0,1919.0,0.4903782349037823
junyi,temporal,0,ti7iE7Irnu/h0/BjiZZTK6MopfvXpnfJOccIVSxyA0I=,2860,0.1355531442069067,9.433003808053517,0.2474185543904586,21.0,1465.0,0.36
junyi,temporal,0,tiIUNJuhqyg5QFheXTdIr63OSY8kp2q1F7ScUUvTPsk=,354,0.1622129503195568,8.339978571990427,0.310484834010031,21.0,424.0,0.8276573787409701
junyi,temporal,0,tiLwNbKNBTH/JttT2Z5fA/wezgf65zakDT1fSS4Onjo=,8701,0.0899407731237697,7.035268599281097,0.4449339207048458,18.0,122.0,0.5911542610571737
junyi,temporal,0,tnrz/gdH6WgtHgJSpfzyUGtIqz/0OHL5ogbfxCsXR6Y=,195,0.1541493084036911,6.1463292576688975,0.4549356223175965,20.0,51.0,0.8678031849734585
junyi,temporal,0,tpPS7qXY6cPLmRqFIgY5ryhwHp+BGA5rPeRemY/bJ/Q=,632,0.1192236392982775,7.682021510826875,0.3833025830258303,20.0,255.0,0.2219424849834254
junyi,temporal,0,tqKbTGIV+RDS6qwn6Tp173RrtMV4LeR0UEBqa9etzIA=,672,0.1336253973793299,8.026170194946426,0.1869892121608368,7.0,478.0,0.8590476190476191
junyi,temporal,0,tsZO34MHUt335zNWrd05l1ILk9vvcWzIR2hEk6dNYc4=,324,0.3092801486728368,6.150602768446279,0.4893162393162393,22.0,41.0,0.8127957354941739
junyi,temporal,0,ttWja925wzclBgMnR8D0fmHiM9PQ1QV3cwXWu51m31U=,2002,0.1230066929070221,5.68697535633982,0.5068027210884354,20.0,22.0,0.6465702036441586
junyi,temporal,0,txKQr1wDyBrIVa1zb9Lvl17prOdzCzFhO+UpqBdTlhE=,2367,0.1086423763853501,9.8063707417564,0.204320035265594,16.0,1999.0,0.6507287389374241
junyi,temporal,0,u/LPC06b7BAhroZcvBEYJUUOpby5g4JLLjaI92XikLc=,291,0.1157909085753268,8.608677881538416,0.196604600219058,18.0,789.0,0.551205305279463
junyi,temporal,0,u2U8EISDcFel7/t+fC2pJWsANLAo2XCOdvqmg2fatRg=,3484,0.1313373153805641,9.639456900415627,0.2076442245083994,17.0,1825.0,0.4147157190635451
junyi,temporal,0,u4qhRZS44vAj0iPcn0h6LtwpEu5xpKwVBOXYhTziua8=,6064,0.1017402567375504,10.17072454136085,0.294840388884636,16.0,2139.0,0.4381443298969072
junyi,temporal,0,u5/b2b8+M7T27j8eNr9YzarIg/vTgSGyEzEUix490Es=,2343,0.1407946429528743,8.697345730925353,0.3523220848646843,16.0,812.0,0.5892467466645392
junyi,temporal,0,u5SYmgbMwMzEurXJkN8SzYMacAqwjR02xCA0/prnVeI=,2935,0.1479327871082322,7.142036574706803,0.4117181314330957,18.0,203.0,0.6196319018404908
junyi,temporal,0,uARLhNTVv+B9sHgK+FR/rGo126mTuK6g9WGLYh9qQZU=,3006,0.1575258904813986,9.669030241321645,0.3532460964662747,17.0,1813.0,0.5972222222222222
junyi,temporal,0,uFCpz18ILNOA86AuPKzKb6a5FpQZu4/+OQ3z40HL+e0=,3440,0.1135660561080903,9.633776365405584,0.2074520332656669,17.0,1745.0,0.4767596281540505
junyi,temporal,0,uL6KHETQYCoqBED2zQuy+zkxtwJwdoa9myALWa6dHRE=,4086,0.0622472977085658,8.135346948906706,0.0612543962485345,16.0,500.0,0.640764493619643
junyi,temporal,0,uNJhNi/pUS9w/pd7eVnHXB9PvBDWWQQdf22l/K+jxW4=,2169,0.1582988897333035,9.697754062731514,0.3086609336609336,16.0,1551.0,0.3767548780302915
junyi,temporal,0,uO5Sx0OY+EO1m+rKoS0oGmTFX2fe8N8OJhGa+9nP5BE=,594,0.1155629579682341,8.665095821339733,0.3852657004830918,26.0,528.0,0.3283032638523968
junyi,temporal,0,uOKltJJ7Lmvu4E6v/qzI3+SAr0/iWghlCX+3ZhwE1+Y=,1085,0.0882912618498648,8.338783971442199,0.1296030607364897,16.0,595.0,0.6552388289676425
junyi,temporal,0,uPQFTfURBN++Ua40NC/iECWGB8APSlwjR48SMzkr0cQ=,1334,0.1112244297227698,8.017637159908478,0.3003626772172766,9.0,322.0,0.253012048192771
junyi,temporal,0,uPxHwMXd5UwnfZuCmJPEZXMrFc82OGm2MzwjB6CWP54=,147,0.1846565576333577,7.421775793644647,0.5362058647516457,25.0,179.0,0.7992998833138857
junyi,temporal,0,uT7yFiOpFCZP5NXkxFZg0sUJ1zKo8HYmtUxumXs3khM=,2218,0.1087939429200053,9.807527161390215,0.3470196488524409,17.0,1571.0,0.7424242424242424
junyi,temporal,0,uX/j5LVl0PCKk2qBUgAktTGQtVdMKcT0MuXKsahNaX0=,2324,0.1177739896081193,9.745136396380753,0.1914469830111306,20.0,1997.0,0.6623910028909206
junyi,temporal,0,utmhbxXhQQSgaC8EVrCmsYgVsNCiRAd7R80icvSkcME=,1492,0.0751177218740171,3.1780538303479458,0.1739130434782608,13.0,3.0,0.9571608567828644
junyi,temporal,0,uwQG8/ZoR1/zZTjWe3OIyW1B3Qqs58hnkYXRteZxUxU=,1489,0.1331692324481251,10.308985993422082,0.3023333333333333,20.0,2990.0,0.4655915973871734
junyi,temporal,0,uwwPPNlPpZxnUbH8c1xmKAUIM1j1izVyGwNcFRDhpGo=,3436,0.121621384037327,9.821626526055809,0.3097628479947902,18.0,1786.0,0.4076086956521739
junyi,temporal,0,v0QQMEqKJpDj2celSchjacrZA92MTrfjIWGDYbugu6k=,1918,0.1304845123680738,9.729015110685571,0.4954456152884443,16.0,1250.0,0.5560975609756098
junyi,temporal,0,v0TbRc4ZlN2+X5KttQxhQOr4bWfGw70hWriCxujmRTM=,2371,0.1062938020806026,8.783242963740905,0.4496397363176452,13.0,558.0,0.5272727272727272
junyi,temporal,0,v0kd17IRi6S3Pb5Go3lcsG8G+brOsfhuCLG95fqRhY0=,3727,0.0908672822914094,9.16062477973025,0.1489384065587555,43.0,1380.0,0.5287560427444662
junyi,temporal,0,v0sbjtQ2OP0XxliWlaM9TYTIuItpb/xj6QRsVVITb9o=,429,0.0704263521657957,8.698180525197055,0.1518945084293106,15.0,844.0,0.6129032258064516
junyi,temporal,0,v1Oz7FC54hKUCiGnoQwiclh4/CkfCbxtwHTKE7EJVqw=,396,0.1250379333869939,7.624130585661289,0.3739002932551319,17.0,260.0,0.5238786318685844
junyi,temporal,0,v7yYzJI0/rHfpfs6AyQ6llqhVygGp+wcpMr8emORMxk=,1874,0.1118808844219682,8.861917004235215,0.3808983987530112,21.0,646.0,0.5913426265590609
junyi,temporal,0,v82Gd4uP/xcTasSq+nvw7cWkEDEigud4yXgwp4hOh2I=,507,0.0738080663246486,8.281977058867758,0.3171349025563148,10.0,422.0,0.7792207792207793
junyi,temporal,0,v90baLZYacc3s+oqAusl+90J4O6kJCF7s47aUGFf8gA=,4972,0.1114306358066263,10.041029641554612,0.1763116611469408,16.0,2462.0,0.4163563991822477
junyi,temporal,0,vANSd42hTmOLeN7SdvJlNigKaY6CjHCx2iVDaWBVKgE=,1233,0.1339418546310629,9.613536240640304,0.5894420314066154,20.0,935.0,0.5898203592814372
junyi,temporal,0,vIpEeG17kmCO+OLv8EEBw6fjOiDUaH2trdZZzM7XD3o=,2608,0.1316457925617203,8.242229891372231,0.3921516987095075,16.0,352.0,0.7431386347642506
junyi,temporal,0,vKy7mwWzDQnqrw/yaJ6PB2jW/wheq1QhTZ1+TEFcP8U=,534,0.1359154789731227,7.5251007461258,0.3448461953588775,6.0,176.0,0.5555555555555556
junyi,temporal,0,vOj4Z8p9VKUkpLIbagpQRE/n8WQ3XrWMBl+kWtdlktI=,2264,0.1578514582148536,8.958925938694943,0.3454218106995884,35.0,865.0,0.2883074103427779
junyi,temporal,0,vVpSKAMQbTMvtdERR0ksOeRmmaFt0R210t4Z//0RpPA=,1859,0.1322997954743951,9.123147160273806,0.2512003491924923,19.0,1152.0,0.4427550657318985
junyi,temporal,0,vY/EjWpZBxxkshbM63KTTP6JSh+NHfmwSBWQi2XN8so=,308,0.126573451685828,7.065613363597717,0.5316239316239316,31.0,106.0,0.2707746518372194
junyi,temporal,0,vY8SyP2MYgZZz//LD03tey6tg5oMmcO2xFzs4CJO+4M=,11,0.0326279726895418,4.962844630259907,0.295774647887324,20.0,17.0,0.8577749683944373
junyi,temporal,0,vb599W2257CQW/TGHxuRb4KR46aEykZxjDVpARmgaBs=,491,0.1560812118710444,7.880048200971577,0.553159288687098,18.0,259.0,0.2249388753056234
junyi,temporal,0,vbfF+FocMgYeYyHLA80N4d9gMts+9/pmqj80PmM6wFk=,1718,0.1362150452785561,9.268703615273097,0.3575471698113207,16.0,1147.0,0.6392085404573842
junyi,temporal,0,vhz7ZImgcFLciakjMFdmn0S/He85wqQkhLiYXRPpu18=,10816,0.099998176595239,10.5876948915266,0.2781323310546628,14.0,3430.0,0.551410373066424
junyi,temporal,0,vj2oAek5lK+ewqbR0hgGrkyAZpWXIxl9Qt3HpVZVBK8=,2162,0.1076626038029324,8.185907481482324,0.3332404569517971,17.0,386.0,0.5253104106972302
junyi,temporal,0,vlp5gR/PnY3FuaIANmLDZjLT7VR+mhj/8Skk+dfLf0I=,1601,0.0987195128898254,9.136263168579868,0.2441572428648357,25.0,1209.0,0.3643083421330517
junyi,temporal,0,voVpsR3NChso9TsHdzn/OkPeLiymYrV3qu8Xe0PUOHg=,700,0.1410457120982132,8.008032846969307,0.3538615179760319,16.0,433.0,0.4829659306467503
junyi,temporal,0,voXzLrgpNaTssnERUsWHe8i5qAk+0Mev4EacAigUwIk=,7484,0.1189747736008584,6.823286122355687,0.4771241830065359,21.0,94.0,0.4894429708222811
junyi,temporal,0,w3a6Wk12CqIrUktZei2Z0W3Rf8xdgEdjIW9QX0MWIf8=,11895,0.08068223979595,10.827964684213782,0.0870462209878992,20.0,5821.0,0.5081081081081081
junyi,temporal,0,w4MyAbgZRLh794BPy0qg9fg2PcokubWJcmd13HKCFXM=,3300,0.0805060175771453,8.982937763741589,0.6066541117388575,17.0,785.0,0.6205378973105135
junyi,temporal,0,w5q27rJT9sra6bvT/I3FOszvNlkLnlapMzE3tgPfiaI=,2487,0.1106393957312802,9.418085981110297,0.3698407539811504,16.0,1072.0,0.4544303257359977
junyi,temporal,0,w74XdHKzME2SVRy/43in0XtQlXuv7VUdjQzVzbOXJMs=,1212,0.1286879445571277,9.314249835366695,0.2223724535785108,16.0,1617.0,0.7108433734939759
junyi,temporal,0,w8mrAb/M/c9pr/FAngd/vU90ZIlBOtjnjrpToRgWGGA=,2333,0.0978681785975523,9.66198907549994,0.3896740514387573,16.0,1308.0,0.405175671474014
junyi,temporal,0,wFY4DytAuE9Kk58ZsRBfWoMUwJakEQKKm7fjCwSK+mA=,2570,0.1346171125785016,8.273846932784508,0.2615463128349068,20.0,419.0,0.6129182156133829
junyi,temporal,0,wIsDMrI/eBE3OPuBThlLMMwauFehCay2ubzznnf0I2I=,3253,0.1177575808156441,9.659949949068531,0.4132431742791528,18.0,1219.0,0.6288434700400667
junyi,temporal,0,wK18kWTTyXKCMshFfhwqTEKgqTQSBDhz4A8+ucEUoU8=,1061,0.1161040711768751,8.277666160851503,0.5528723945094052,16.0,344.0,0.2474030029032506
junyi,temporal,0,wMb6Jrr1SYX+L2nXlRZ8BW8cv6C6F4tPImJpElWri2E=,1630,0.1230554012882832,8.70201162840878,0.2652144995011639,16.0,660.0,0.6022651361826528
junyi,temporal,0,wNKSSVuLJ6b8OHoVpp8bN/+2S105KC7nrt9SHIBqNSk=,1622,0.1270354696412819,9.14569517848265,0.1938546890003201,16.0,1072.0,0.5955056179775281
junyi,temporal,0,wSCHTaapM4TIsQprXwBv2aKagVhZOWzILa3SKxVO4Mw=,1504,0.1320161928704963,8.65817178467581,0.3849895760945101,16.0,502.0,0.6173705944371926
junyi,temporal,0,wUssm1kBiL8949UikpoP4M7jA0qR8JoaLthb513afBA=,3159,0.1141797520433689,6.395261598115449,0.2608695652173913,16.0,97.0,0.6843100189035917
junyi,temporal,0,wWw2CLiK4yqlM5/ZJQgVspMEHVnWTfbbuGHAZs+py9c=,1767,0.1611616309467612,8.182559264068665,0.3788090578697232,17.0,420.0,0.8617886178861789
junyi,temporal,0,wWxHJ8aDeAVSEp62k6aRXGwVOAzzQz+w7iBA9wZium4=,879,0.1543757360098728,7.784889295655098,0.4752392842280483,16.0,299.0,0.7877697841726619
junyi,temporal,0,wXoFQMmHnMGZXrHfDmiM9pkDKC69Ma8aLEN5Xn/CVv0=,941,0.1644680283639498,9.673193497193076,0.31671388101983,27.0,1835.0,0.6423405654174885
junyi,temporal,0,wYT6ZsCY6u0j7kHgmCHdHuYUQtZfIJmcghxZrri81Jg=,2306,0.1377219743728371,9.455480221162288,0.2854347655944275,16.0,1569.0,0.5372417107160019
junyi,temporal,0,wZ49H8xuqS5c5fox/rUaZgS6R/TVKJkjRnvzEjrSOa0=,823,0.1162278678580521,9.342946336524204,0.3588508364719278,24.0,910.0,0.3094534711964549
junyi,temporal,0,wZCkmlfJ0G2xyiucQ85Ms+DMGXRSg8yhQ+MiwtSHS30=,300,0.1390199733028809,7.409741954080923,0.2671108419139915,16.0,260.0,0.7081447963800905
junyi,temporal,0,wfMjYGAyGx53y31nrto5i3wNTb3XBzevOPyNMNAwplA=,2716,0.0952023834193095,9.406975663409597,0.1148537627341439,20.0,1626.0,0.4893913978756974
junyi,temporal,0,wkd96LaG/2zfF/UXCPKhMm/u+QWPguay/di04trhNlc=,2139,0.1118366491158813,9.184612223403452,0.2721395587480759,16.0,964.0,0.504482225656878
junyi,temporal,0,wmSqGTqsAyWkNPvpGkVe/Jb9ezYUQbMHUQmyDPhmRLQ=,3096,0.0935229990517483,9.933774245141,0.1710002910643252,20.0,2272.0,0.3013259571478749
junyi,temporal,0,wzK9LGOjC7Om6cUDilMUGE3wYXuPD6EX+6TS832183c=,268,0.1522134152159105,8.006700845440367,0.6976666666666667,19.0,182.0,0.8135162870179518
junyi,temporal,0,x/98yRhBoFh9AIWvaf4wfapjBYSZJbPeSfSjYlmDyOk=,1212,0.1353196281480231,9.076694687106263,0.1870141746684956,17.0,1149.0,0.3806231671689497
junyi,temporal,0,x0Zcc+adPkTZK1q07Cmus67A43gQ4+u6simGbY7U40I=,1018,0.1406575718049275,9.126306376366172,0.1578374850429674,16.0,1365.0,0.576837416481069
junyi,temporal,0,x37TFkKPkx7jWPaTY+41UeSFOmMoZB7jw3UiTm8ZMGM=,224,0.1323327706891827,7.831617276352611,0.3252581413820492,20.0,282.0,0.6411701024752907
junyi,temporal,0,x9oDEpreQSuEiyFzA4syO+1WLv+obKycS0yqA80CQFw=,849,0.1237547663779538,8.542860938164814,0.5640475726262429,19.0,350.0,0.334841628959276
junyi,temporal,0,xA22xgunLQJJCnGh3+dhU07Djjbd3AufwqqhUQaTNFo=,3048,0.1095477179643643,9.06589246761031,0.2695863184654494,17.0,1062.0,0.6226843910806175
junyi,temporal,0,xCOPGQ151m467iuNwHOaIi4ZTipNvQ4/0wB+zcxGjLQ=,2642,0.128887690902835,9.42238253021922,0.1757948386052908,16.0,1612.0,0.2336217552533992
junyi,temporal,0,xQNx//qhkk2bCwEwFdNmcqn+xhyU6AwjhGgmphpgtV8=,4590,0.0659991039426562,9.99465279028822,0.0910169800985941,15.0,2494.0,0.5054558117938399
junyi,temporal,0,xRoZGzdttZPj1kvoQoPFWXD2LfUawhSL5nCz5NXjhn8=,54,0.2191172441967797,8.302513718514158,0.5048351103396975,17.0,308.0,0.5923718712753278
junyi,temporal,0,xVnGKh1Vrf5JAkpT+RvkYwfQHb46ugd21uvhWHJC0+U=,878,0.0820180426273762,8.62622695244036,0.5890582959641255,17.0,458.0,0.4333333333333333
junyi,temporal,0,xVsACcSxP4hrn2o14c9+W92tPVwJpfnfJptf2CExFAM=,1576,0.1421779640300227,8.954286157204713,0.2683462532299742,20.0,1010.0,0.259072728159602
junyi,temporal,0,xVyrQ6TU4c+yEZR+Fly4rGn3mt9kpDpIAqmrnlVqOsA=,461,0.1191233676301848,6.996681488176539,0.4935897435897436,63.0,117.0,0.5569956617441685
junyi,temporal,0,xaWHtJt0hf186kbfofLHHt94c0qSZE3L7nvrmIAexws=,8530,0.1162877522394768,7.353081920515432,0.2532051282051282,16.0,248.0,0.5933339875053152
junyi,temporal,0,xk269k5cel7t7lVVPwniYDSV03nxPEP6B43dF03A7gE=,775,0.10390333319188,6.961296045910167,0.2172675521821632,9.0,140.0,0.8606158123846206
junyi,temporal,0,xlVWFGWcVQ8HiY2o1mGb7xJ9fNjjd/XBRul7GwvTwjc=,3759,0.1295250397205326,9.879655819282782,0.2638263006964358,16.0,2054.0,0.5263157894736842
junyi,temporal,0,xlm1cA7g3Y3P8DLXvKvOMnzwshnSyIg4BZFF8NJtuXE=,582,0.1861567579370225,8.617038526385954,0.2697320782041998,16.0,656.0,0.304378749458841
junyi,temporal,0,xqUFQGqV26XnOt6wrAeKn6kM6Duc18fKQsh+1YnzaUo=,263,0.1291702583772148,7.748028524432376,0.4658894645941278,20.0,238.0,0.775738805875942
junyi,temporal,0,xqsA8iAEMS23iTamqyxrcPqpN9mMeybGKfFYVSTBBXI=,190,0.0906343054344975,8.14757773620177,0.4690214244354371,42.0,298.0,0.4717797925345095
junyi,temporal,0,xuhHPeIus65MVkMtd4itXccIpTh/I1+lXwsxGgvVDHg=,1195,0.1349017786109531,8.938137870372788,0.4554884453781512,32.0,846.0,0.3304439289638527
junyi,temporal,0,y1ky8jXzmdtx660XSqtKvCYTgf7m69k+vVtThncryWU=,1936,0.1732855451578675,9.02280524812934,0.2132947279527084,16.0,1118.0,0.232
junyi,temporal,0,y2cIQJI2w9BzUTARUpwIfpZKS7NOEaAdBnn0A7fA7Bk=,342,0.1384371356080062,8.17103418920548,0.2771493212669683,19.0,501.0,0.7702883395318311
junyi,temporal,0,yC0fMjNE4oQ+f9qyqRKdEydTAIscFvSra9wP052SgL4=,39,0.2461871231953876,6.309918278226516,0.3934426229508196,20.0,59.0,0.7471719457013575
junyi,temporal,0,yC2VB5lJ5y/sgxAF1VTGmJEeWwn9WiP2T6dEfU6m9jg=,667,0.0955900425144444,9.111072370317514,0.1443560857079744,16.0,1189.0,0.5271171462460857
junyi,temporal,0,yCUFt9uR6EEQokpBPpS4+FXT0ri7GVcI4M1ByCXveIE=,2979,0.1137886175056313,9.603327958573235,0.3856747451562816,20.0,1434.0,0.4215033301617507
junyi,temporal,0,yHJf0g7o8YLIn0qLcWkybcezKBHdmlj7ih14MWWbzNI=,1358,0.1564132180616989,7.212294468500341,0.5859778597785978,33.0,98.0,0.7437050359712231
junyi,temporal,0,yHgHyIJ05U7s8Ak1XnUHY08MP++zF14JXnyie5AL5s0=,3126,0.1246570354734305,6.222576268071369,0.3598409542743539,16.0,60.0,0.6951871657754011
junyi,temporal,0,yJ153/JFXN9IF2c3a3ySmTwTPNEGZp3YE11EtpxrgVw=,78,0.2070865035057067,5.726847747587197,0.5326797385620915,20.0,26.0,0.7286079182630907
junyi,temporal,0,yMjqmd4vaehZlSUXc9AMmPQBdPp+256dayxZ/xS7svg=,251,0.1518678865914949,8.264620829411216,0.4530002575328354,16.0,433.0,0.7414448669201521
junyi,temporal,0,yNZkf4iG5MD4X39lSv9FyBiCLLRauEz4BYFx+p8XxvQ=,10238,0.0864453355500395,6.499787040655854,0.4322289156626506,20.0,67.0,0.4411911911911912
junyi,temporal,0,yQCMHCiSG6RrDzqfXFSue4eu3I7cE9ExTdPUJFwwGQk=,216,0.0932242957987236,7.79770203551669,0.5834018077239113,24.0,224.0,0.8426448790183346
junyi,temporal,0,yQwYr+IKuFKwlC3oGLHemMwCjRjNIiJUqTzt5A+E4iI=,129,0.1828461767340353,7.821643126239982,0.5599679101484156,16.0,198.0,0.4212361945359426
junyi,temporal,0,yf0UgImLKDdaX3kKo0G5iCMShvG7/CRgxqj0RC42kN0=,438,0.0901382049720003,7.27655640271871,0.6048442906574394,67.0,97.0,0.6379821958456974
junyi,temporal,0,yyB3Cv5ZNO9vRc2FUExQu3LZs+xZSYKo7W//FZCkg/U=,207,0.1772888181595428,9.083529205109796,0.391802906448683,33.0,844.0,0.7215933403831493
junyi,temporal,0,z+lXIDsSULAbvl0C7jLN2xRImkpzGZWHjhQ88H3C92c=,2849,0.1183549670640901,9.663324996052324,0.1863436963570475,16.0,2111.0,0.5130529369108049
junyi,temporal,0,z40HWZR+gOnq+/hu58VFytoZlZYp9/VyuyENVRGJ/OU=,1574,0.1440398603129843,9.953990534709234,0.4578084145471832,16.0,2029.0,0.4155737704918033
junyi,temporal,0,z5YJ7GOEyGfxENlfIjBKbMbTzhp3V5TS6Zp62Y/PKPc=,11061,0.1406810536813168,7.44716835960004,0.3704784130688447,18.0,253.0,0.6227874224292922
junyi,temporal,0,z5n5ogbXXcooPCsEo2WcBzoYN1ydqrEI+EKnzZxmIP4=,3992,0.1077188840258632,8.884333185202735,0.4900928363585978,16.0,675.0,0.5564393939393939
junyi,temporal,0,z63YRJBWfFRlEmNRbbP4dElBqjDwsHUJ4X+mLaRj+pU=,769,0.1184681881909768,7.983440063006542,0.1845786421016717,16.0,402.0,0.5168350168350169
junyi,temporal,0,z7j7u9pIZBLTXsNZB7xMkIJ2CB++xDwCfAFzUG8Juco=,2116,0.1053934756221942,9.614738244123924,0.2849896549422679,17.0,1717.0,0.3557394002068252
junyi,temporal,0,z9WEaz3dU4bh7FPuKdAt6UrOgqpVnwWFrb/AL4dkKJs=,1305,0.1202971570042115,9.2471543450989,0.2103335261229998,18.0,1277.0,0.5932380464222594
junyi,temporal,0,zFUHHn64b2GorjfAU6+BVy85oSZxzLhsrqGzKB7JwZc=,1603,0.1480318944865206,9.065083359319043,0.2027292702671447,16.0,1159.0,0.5593395252837977
junyi,temporal,0,zHDjrBKb5lNSncPDp2hPXdb1zXdHj1Y/iQvzW7DTaIQ=,7,0.4859249421528406,7.698029170272805,0.5737630503858375,18.0,162.0,0.5369127516778524
junyi,temporal,0,zHqZC5BMQzmA8ZbWd776nwinT6LWg2mxiT0WiW/5YZE=,83,0.1492211373881591,7.850882664809852,0.3229450720685625,20.0,307.0,0.3888126286890871
junyi,temporal,0,zX5HAUpRYC4F7YPNs5tUeBqVi++rEmPUfsAtHpoZmEQ=,10970,0.0875523154148826,10.358885029392502,0.2706199460916442,17.0,2808.0,0.4852941176470588
junyi,temporal,0,zcH7Yl/gFwkU2Mej9UzQgaJL66wIdiMucPZwVyeqHxc=,5690,0.1401655737327015,9.822223265705164,0.3545937737281701,20.0,1520.0,0.2839471396278907
junyi,temporal,0,zh/Ht6E99DfEW1ZtC/mgD6MmKmVQEiH09UOhX+Dz3rI=,11293,0.137270574015155,7.1180162044653335,0.4712084347120844,20.0,134.0,0.6535052377115229
junyi,temporal,0,znVNbyVOWXo/XrF4bWN0DAWkAGmYu/jwUwO5BReUQxY=,187,0.0796187971046264,6.766191714660351,0.3252595155709342,10.0,84.0,0.2726333907056799
junyi,temporal,0,zpLoCKHOugDScAlFt0XHJJKFwU+r3YZaBlTf5G7qWpE=,5265,0.1098088041152221,10.193466984036592,0.267370075204849,16.0,2613.0,0.4175438596491228
junyi,temporal,0,zxxjH0rOlRk3Fe7P3H8+00eXPXeazjvuIXf2bdEyhJo=,695,0.0775354711419279,9.007367027451355,0.2852242097525116,19.0,1030.0,0.420849149336037
xes3g5m,learner_based,0,-1,306723,0.0046443546372459,13.891528561988055,1.0,1.0,10062.0,0.1278195488721804
xes3g5m,learner_based,0,0,1624,0.1667985520418074,8.590815331286851,0.2780152388031964,16.0,3402.0,0.4273789649415693
xes3g5m,learner_based,0,1,1660,0.1875006595891963,8.689801056022553,0.2238680356842282,11.0,5483.0,0.7969924812030075
xes3g5m,learner_based,0,10,8033,0.1112872388293985,10.214092379620332,0.2618750916287934,47.0,9224.0,0.5008347245409015
xes3g5m,learner_based,0,100,608,0.127117409940279,7.616775808698373,0.2447070408665682,18.0,1102.0,0.8345864661654135
xes3g5m,learner_based,0,101,2022,0.1496435973130472,8.880029117468442,0.2884775953242415,15.0,3511.0,0.8263772954924875
xes3g5m,learner_based,0,102,6854,0.0389580682729766,10.097902357017466,0.1853773002346548,39.0,4213.0,0.6861435726210351
xes3g5m,learner_based,0,103,489,0.0296782531773057,7.483806687665835,0.2328458942632171,12.0,1081.0,0.7894736842105263
xes3g5m,learner_based,0,104,8837,0.0768542532672389,10.375551557748782,0.1803524091688757,51.0,4139.0,0.8295739348370927
xes3g5m,learner_based,0,105,677,0.1066201949909217,7.785720896534624,0.2773388773388773,9.0,1728.0,0.8471177944862155
xes3g5m,learner_based,0,106,8156,0.0815156936648819,10.238351353460745,0.0909708807326321,36.0,9352.0,0.7468671679197995
xes3g5m,learner_based,0,107,952,0.1675680376764899,8.168486417126681,0.2719024666855685,13.0,1965.0,0.8245614035087719
xes3g5m,learner_based,0,108,9869,0.1601161720256837,10.44371662667136,0.1826841844612112,29.0,10259.0,0.3992490613266583
xes3g5m,learner_based,0,109,8862,0.1443374982770302,10.3573300412176,0.203931906244045,17.0,7967.0,0.352253756260434
xes3g5m,learner_based,0,11,3890,0.0810561531508896,9.487820581943367,0.188527695688414,24.0,8336.0,0.4636591478696741
xes3g5m,learner_based,0,110,212,0.0951659565150791,6.628041376179533,0.1483443708609271,4.0,646.0,0.9022556390977444
xes3g5m,learner_based,0,111,288,0.1354181478608451,6.934397209928558,0.1764132553606238,3.0,1000.0,0.606516290726817
xes3g5m,learner_based,0,112,3943,0.1637933336211556,9.547669384317375,0.2339590321889944,41.0,4058.0,0.8521303258145363
xes3g5m,learner_based,0,113,227,0.0244663577057043,6.693323668269949,0.0769230769230768,2.0,728.0,0.8747913188647746
xes3g5m,learner_based,0,114,3153,0.0900110968656505,9.313077449427295,0.2519628192401407,18.0,3949.0,0.8530884808013356
xes3g5m,learner_based,0,115,1122,7.917331646906369e-05,8.293549515060345,0.2651988991743808,7.0,2378.0,0.849624060150376
xes3g5m,learner_based,0,116,895,0.2472323863465318,8.028129059431759,0.3259380097879282,7.0,2220.0,0.8347245409015025
xes3g5m,learner_based,0,117,2021,0.0894646950382098,8.844768827529695,0.2044111287299985,33.0,4075.0,0.5041736227045075
xes3g5m,learner_based,0,118,1653,0.1924234837948875,8.647870515057853,0.3012111637704054,16.0,2840.0,0.869837296620776
xes3g5m,learner_based,0,119,2532,0.1638918764690244,9.075551045627543,0.1882581826504921,13.0,5464.0,0.3308270676691729
xes3g5m,learner_based,0,12,2914,0.0893344567470333,9.212737496575905,0.3099870298313878,21.0,4503.0,0.4023372287145242
xes3g5m,learner_based,0,120,445,0.1924045963724577,7.370860166536716,0.2159949622166247,8.0,1122.0,0.8621553884711779
xes3g5m,learner_based,0,121,3722,0.1154895032046979,9.492130118723123,0.171118153010412,22.0,7666.0,0.3959899749373433
xes3g5m,learner_based,0,122,483,0.1287788039856199,7.3632795869630385,0.1846446700507614,6.0,1126.0,0.90445282843103
xes3g5m,learner_based,0,123,5624,0.1149834399767336,9.873492155000728,0.2530915086562242,25.0,3116.0,0.8822055137844611
xes3g5m,learner_based,0,124,4047,0.0427337098050028,9.545955098183269,0.2711803817830843,20.0,2755.0,0.8822055137844611
xes3g5m,learner_based,0,125,717,0.2668482819877336,7.80016307039296,0.4143442622950819,4.0,2041.0,0.9031719532554258
xes3g5m,learner_based,0,126,454,0.3030350588316955,7.2991214627108,0.5419485791610283,3.0,1426.0,0.9083371757432928
xes3g5m,learner_based,0,127,2879,0.1768748223664806,9.174609562020384,0.2600538971807629,21.0,3519.0,0.9022556390977444
xes3g5m,learner_based,0,128,1699,0.2094514127548706,8.653121708640482,0.356556661428322,16.0,3185.0,0.9065108514190318
xes3g5m,learner_based,0,129,353,0.0992755184440668,7.136483208590247,0.1600318471337579,3.0,853.0,0.9098497495826378
xes3g5m,learner_based,0,13,1392,0.14785670130159,8.46884293047519,0.2015536426621876,9.0,3363.0,0.3823038397328882
xes3g5m,learner_based,0,130,1403,0.1371314579180189,8.490849216076635,0.2918463750256727,5.0,3093.0,0.9282136894824708
xes3g5m,learner_based,0,131,3035,0.1091996969713459,9.239704980606088,0.1634456637855685,12.0,2674.0,0.9523809523809524
xes3g5m,learner_based,0,132,4061,0.186435585988601,9.52617248784431,0.2638372347407569,33.0,7001.0,0.6116700201207244
xes3g5m,learner_based,0,133,2228,0.1707006424494302,8.936561204693394,0.2230405049973698,19.0,4610.0,0.7145837555709245
xes3g5m,learner_based,0,134,2461,0.1066660245290118,9.067047202149707,0.2515004616805171,18.0,4620.0,0.9111902927580894
xes3g5m,learner_based,0,135,4009,0.1304523408385985,9.568853625188556,0.20243169589826,24.0,4864.0,0.9339407744874716
xes3g5m,learner_based,0,136,103,0.0339832536007889,5.961005339623274,0.2661498708010336,5.0,259.0,0.963272120200334
xes3g5m,learner_based,0,137,644,0.0789140172719215,7.662937850461535,0.1292900799247767,5.0,943.0,0.9824561403508772
xes3g5m,learner_based,0,138,18054,0.1228327317700687,11.084493629075336,0.2211904469548133,108.0,11212.0,0.7719298245614035
xes3g5m,learner_based,0,139,6201,0.0925199129703247,9.964958874624228,0.1622701838529177,44.0,9359.0,0.342237061769616
xes3g5m,learner_based,0,14,7642,0.0297564378048943,10.205331372394005,0.1454189159210234,37.0,7860.0,0.9422138037445592
xes3g5m,learner_based,0,140,10052,0.1461257434147725,10.459410817205152,0.2257527960997992,52.0,10079.0,0.7969924812030075
xes3g5m,learner_based,0,141,1191,0.2349291931735945,8.357259153499912,0.2838028169014084,9.0,3964.0,0.2857142857142857
xes3g5m,learner_based,0,142,4390,0.2011787662221859,9.593900644696298,0.2558947798827858,35.0,6379.0,0.25
xes3g5m,learner_based,0,143,1169,0.0366591046203024,8.327967858305488,0.0331157843848198,1.0,3755.0,0.2330827067669172
xes3g5m,learner_based,0,144,2515,0.1569686336251946,9.04899722156742,0.307909272534963,13.0,4805.0,0.2489270386266094
xes3g5m,learner_based,0,145,2383,0.2593932799342326,9.022684613591526,0.312861969111969,30.0,4351.0,0.2337228714524207
xes3g5m,learner_based,0,146,2639,0.1514284545535694,9.08704215563169,0.2158615227966964,44.0,4945.0,0.2654424040066778
xes3g5m,learner_based,0,147,4235,0.1086852920180397,9.594786112860271,0.2089603050316606,22.0,6296.0,0.6176961602671118
xes3g5m,learner_based,0,148,3598,0.1730815609047327,9.382190628902842,0.1979114030655213,37.0,4996.0,0.3138564273789649
xes3g5m,learner_based,0,149,1795,0.1994345641945142,8.702344075220351,0.2691156914893616,40.0,2884.0,0.3672787979966611
xes3g5m,learner_based,0,15,775,0.0800960085549271,7.828834527588089,0.1843886897650338,8.0,2298.0,0.4590984974958264
xes3g5m,learner_based,0,150,1756,0.2509673433584933,8.675734219544788,0.393308296346876,14.0,3922.0,0.316913211999581
xes3g5m,learner_based,0,151,687,0.2444381164600937,7.757906208351747,0.44377939290295,5.0,2101.0,0.3032581453634085
xes3g5m,learner_based,0,152,1700,0.1796021380730706,8.620651899784468,0.2400793650793651,14.0,3978.0,0.3157894736842105
xes3g5m,learner_based,0,153,1263,0.2715942582737887,8.318742252692399,0.367162722615272,6.0,3678.0,0.3057644110275689
xes3g5m,learner_based,0,154,2424,0.1471203480464508,8.956995311928852,0.1760082463600051,19.0,4313.0,0.3171953255425709
xes3g5m,learner_based,0,155,21152,0.1234466563910686,11.210657534190029,0.2707642769201629,100.0,10233.0,0.2938230383973289
xes3g5m,learner_based,0,156,1009,0.1822553222285948,8.206037762778815,0.2536865101037684,3.0,3640.0,0.3140961325623972
xes3g5m,learner_based,0,157,5830,0.1657685683252039,9.94611591459175,0.26689027311931,27.0,8617.0,0.5271109006983075
xes3g5m,learner_based,0,158,676,0.1787068064885722,7.810758116529357,0.2611516626115167,2.0,2454.0,0.3016133229247983
xes3g5m,learner_based,0,159,557,0.066179474213185,7.620214770574455,0.0981354268891069,3.0,2023.0,0.3572621035058431
xes3g5m,learner_based,0,16,3626,0.1588917696682188,9.434443462785092,0.2516985053153225,29.0,5181.0,0.3784461152882205
xes3g5m,learner_based,0,160,2628,0.144685897634179,9.112837790614943,0.1317530319735391,9.0,6097.0,0.33889816360601
xes3g5m,learner_based,0,161,3498,0.2431617615696348,9.443038136095204,0.3531975592360725,7.0,5996.0,0.3634085213032581
xes3g5m,learner_based,0,162,6088,0.1584542136386543,9.968760179152325,0.2399287989507214,35.0,9527.0,0.4073455759599332
xes3g5m,learner_based,0,163,1525,0.2149349610744422,8.628376720376853,0.4426346876678002,5.0,4276.0,0.3856427378964941
xes3g5m,learner_based,0,164,4721,0.1295944935806609,9.72376262158944,0.1658986175115206,24.0,5536.0,0.3823038397328882
xes3g5m,learner_based,0,165,5523,0.0061274376221911,9.874985192063416,0.1930853526778824,34.0,8972.0,0.4210526315789473
xes3g5m,learner_based,0,166,17254,0.0961386648055183,11.011521979783142,0.2077533970644079,90.0,10474.0,0.5463659147869674
xes3g5m,learner_based,0,167,3020,0.1485637468145446,9.264923249746474,0.2049242424242424,16.0,7567.0,0.581453634085213
xes3g5m,learner_based,0,168,9016,0.1331533170666384,10.378478723292902,0.2189433751049473,56.0,10177.0,0.4641068447412353
xes3g5m,learner_based,0,169,3812,0.1590151598636797,9.519661619531444,0.2186582501467997,14.0,6882.0,0.4686716791979949
xes3g5m,learner_based,0,17,1886,0.015416266953118,8.754634047431272,0.1560182994163117,12.0,6120.0,0.7719298245614035
xes3g5m,learner_based,0,170,8267,0.0872341493081229,10.288681923801931,0.239480219069973,50.0,10674.0,0.6390977443609023
xes3g5m,learner_based,0,171,1412,0.2144878668549951,8.531884740159228,0.2578356002365464,2.0,4353.0,0.4285714285714285
xes3g5m,learner_based,0,172,5314,0.1862800104259779,9.860840977814656,0.2916405760801502,35.0,8123.0,0.3822630309775552
xes3g5m,learner_based,0,173,2033,0.1251732043594674,8.840290669088972,0.2943816970750073,17.0,5537.0,0.5338345864661654
xes3g5m,learner_based,0,174,2265,0.1280215849849358,8.971829343530851,0.192839913672718,18.0,5776.0,0.5213032581453634
xes3g5m,learner_based,0,175,2352,0.0131283327356063,9.04617302576227,0.1626399528579847,14.0,3745.0,0.4641068447412353
xes3g5m,learner_based,0,176,3105,0.2411343948227045,9.338117741918008,0.3262629818693892,5.0,6520.0,0.7844611528822055
xes3g5m,learner_based,0,177,8635,0.0919048373441398,10.337475327577494,0.1994686882431074,57.0,8492.0,0.5012531328320802
xes3g5m,learner_based,0,178,1630,0.0005600240937195,8.678291111758565,0.2244168227481695,2.0,4955.0,0.4486215538847117
xes3g5m,learner_based,0,179,9922,0.1025193245605959,10.480774847001538,0.2363360750077197,47.0,10039.0,0.4661654135338345
xes3g5m,learner_based,0,18,29954,0.0810949861273287,11.568880377114676,0.1671615258051705,137.0,12338.0,0.4536340852130325
xes3g5m,learner_based,0,180,10779,0.0815412706668298,10.555005120873751,0.2177074645537948,56.0,8277.0,0.8288508557457213
xes3g5m,learner_based,0,181,1631,0.2775790333642369,8.653470809708786,0.3927386978530285,6.0,4572.0,0.4853801169590643
xes3g5m,learner_based,0,182,2183,0.2191422095786685,8.944158830970403,0.2606369094231271,14.0,5208.0,0.4987468671679197
xes3g5m,learner_based,0,183,10448,0.1046790841094733,10.531696131937162,0.2125973748799488,58.0,7238.0,0.5141903171953256
xes3g5m,learner_based,0,184,1723,0.1796370257752003,8.729073550451737,0.2262502022981064,9.0,4579.0,0.4691151919866444
xes3g5m,learner_based,0,185,1180,0.1776226802502837,8.366370301681654,0.2230751337520353,2.0,3235.0,0.527027027027027
xes3g5m,learner_based,0,186,464,0.1670957051314419,7.477604243197589,0.2688172043010752,1.0,1765.0,0.5263157894736842
xes3g5m,learner_based,0,187,6761,0.1486837291356406,10.062412531523687,0.1793209349940283,40.0,9216.0,0.4987468671679197
xes3g5m,learner_based,0,188,9061,0.1409732567698028,10.357679330734523,0.1858272216401562,62.0,10060.0,0.4411027568922305
xes3g5m,learner_based,0,189,2527,0.0714440490148183,9.073374516903025,0.0926711778873724,19.0,6430.0,0.7092731829573935
xes3g5m,learner_based,0,19,210,0.2114036653545641,6.555356891810665,0.2250712250712251,3.0,499.0,0.4968682139405274
xes3g5m,learner_based,0,190,786,0.1566629495792228,7.868636894184167,0.2066590126291618,5.0,1860.0,0.5809682804674458
xes3g5m,learner_based,0,191,1122,0.0599178251247594,8.259975659768276,0.0564036222509702,2.0,3798.0,0.6215538847117794
xes3g5m,learner_based,0,192,6824,0.0543317534639538,10.097325869457748,0.0720023067100548,24.0,6205.0,0.6293823038397329
xes3g5m,learner_based,0,193,2474,0.072749354195967,9.109414453386222,0.0867352583250359,3.0,5316.0,0.6076794657762938
xes3g5m,learner_based,0,194,2116,0.1918470546691669,8.942983665985647,0.1842414739317914,4.0,4737.0,0.6015037593984962
xes3g5m,learner_based,0,195,1580,0.0449694517257186,8.624252263709645,0.0343278217109992,6.0,4288.0,0.6144377048940558
xes3g5m,learner_based,0,196,1481,0.1853177807552289,8.580543506917,0.1871948929778445,10.0,3911.0,0.6340852130325815
xes3g5m,learner_based,0,197,890,0.3254403929292034,8.056743774975313,0.4952441344324667,4.0,3123.0,0.619496716027778
xes3g5m,learner_based,0,198,8763,0.1143454974627224,10.349646646971848,0.1600576092174748,54.0,6163.0,0.6293823038397329
xes3g5m,learner_based,0,199,2392,0.0836837720802133,9.071423072789514,0.158009652953344,12.0,5026.0,0.6210350584307178
xes3g5m,learner_based,0,2,9680,0.0536529155667816,10.428393580510123,0.0851944978553468,41.0,10600.0,0.8647746243739566
xes3g5m,learner_based,0,20,1758,0.1378855431395179,8.65956043270316,0.2716863289382373,23.0,1447.0,0.4474123539232053
xes3g5m,learner_based,0,200,6155,0.1030684498736406,9.961520583786738,0.1546664150231197,41.0,7540.0,0.6210350584307178
xes3g5m,learner_based,0,201,1031,0.1810592956342528,8.158802490694002,0.2044088176352705,1.0,2773.0,0.6570713391739674
xes3g5m,learner_based,0,202,2211,0.1027885419925256,8.928640371201949,0.1430275715800636,13.0,3924.0,0.6357947434292867
xes3g5m,learner_based,0,203,4781,0.1557145897512744,9.69412362463029,0.213550335984218,43.0,7943.0,0.4761904761904761
xes3g5m,learner_based,0,204,9335,0.0813761896253016,10.427268887462334,0.1317262415968253,25.0,9602.0,0.6992481203007519
xes3g5m,learner_based,0,205,3193,0.021606755906854,9.339524830357009,0.1413253647389699,13.0,6883.0,0.731829573934837
xes3g5m,learner_based,0,206,10289,0.0958735696757435,10.512763874058926,0.1697071857752644,49.0,7555.0,0.7343358395989975
xes3g5m,learner_based,0,207,3759,0.1322079246374431,9.512295103714685,0.1468500443655723,14.0,6826.0,0.7343358395989975
xes3g5m,learner_based,0,208,17665,0.1019368292920741,11.047248462361992,0.2115819659072805,102.0,10531.0,0.7178631051752922
xes3g5m,learner_based,0,209,3145,0.1527517539373708,9.333354147871328,0.2683940573045631,14.0,7358.0,0.7634235875201144
xes3g5m,learner_based,0,21,138,0.2715200763870625,6.100318952020064,0.0898876404494382,1.0,445.0,0.4605757196495619
xes3g5m,learner_based,0,210,1347,0.1728721419979787,8.465899897028686,0.2019372499473573,6.0,4075.0,0.7395659432387313
xes3g5m,learner_based,0,211,1759,0.0613518124893242,8.729073550451737,0.1268813723903544,5.0,5398.0,0.731829573934837
xes3g5m,learner_based,0,212,4028,0.1573632050944559,9.58211080356025,0.2445869535236519,24.0,7285.0,0.7462437395659433
xes3g5m,learner_based,0,213,6786,0.1353824779694439,10.092122471386675,0.3283921990807834,43.0,9145.0,0.7443609022556391
xes3g5m,learner_based,0,214,10123,0.1353953798946684,10.502461406828813,0.287468410064828,81.0,9385.0,0.7595993322203672
xes3g5m,learner_based,0,215,475,0.1032766642292507,7.477604243197589,0.1052631578947368,1.0,1767.0,0.7412353923205343
xes3g5m,learner_based,0,216,1033,0.2193889784923072,8.225235324101668,0.3367264934369139,8.0,2607.0,0.2086811352253756
xes3g5m,learner_based,0,217,1570,0.1079164813836565,8.661466680572662,0.3137662337662338,5.0,4046.0,0.7712854757929883
xes3g5m,learner_based,0,218,1539,0.2166137051087346,8.619208116822968,0.3442919075144508,5.0,4630.0,0.7844611528822055
xes3g5m,learner_based,0,219,975,0.2349743438428507,8.167919362957816,0.3364539007092199,3.0,2863.0,0.7846410684474123
xes3g5m,learner_based,0,22,639,0.1571271355892057,7.641084249174914,0.1975012013455069,6.0,1174.0,0.4257095158597663
xes3g5m,learner_based,0,220,5874,0.0649186541954967,9.930275529292512,0.1455067666244767,27.0,7553.0,0.7944862155388471
xes3g5m,learner_based,0,221,2220,0.1445053693502854,8.945593270806897,0.2563534471523524,19.0,5834.0,0.7736625514403292
xes3g5m,learner_based,0,222,7139,0.1056371463324036,10.147687846375948,0.1600407347929967,27.0,6672.0,0.8922305764411027
xes3g5m,learner_based,0,223,4138,0.0843050226980638,9.599743846536995,0.0863143631436313,13.0,6735.0,0.901348230042562
xes3g5m,learner_based,0,224,1300,0.0689639362819982,8.452121194672523,0.1165670367207515,3.0,3985.0,0.8964263501727903
xes3g5m,learner_based,0,225,2507,0.1132604984613377,9.148677711584076,0.2409318157642803,4.0,4962.0,0.96028880866426
xes3g5m,learner_based,0,226,1379,0.1216663538210154,8.57376254290413,0.1453686200378071,3.0,3972.0,0.9674185463659148
xes3g5m,learner_based,0,227,3910,0.0702791268256066,9.585346272599638,0.1009004055261529,17.0,7112.0,0.9515859766277128
xes3g5m,learner_based,0,228,1644,0.2593761639862908,8.621733370690162,0.3634234234234234,11.0,2825.0,0.1736227045075125
xes3g5m,learner_based,0,229,3478,0.163971911539292,9.405166749908611,0.4254320987654321,35.0,2236.0,0.2431077694235588
xes3g5m,learner_based,0,23,6029,0.0978368069264212,9.951801412814678,0.1517461527466768,31.0,8014.0,0.7510373443983402
xes3g5m,learner_based,0,230,984,0.2250810292869101,8.059592328887545,0.2662029718621561,11.0,1467.0,0.2756892230576441
xes3g5m,learner_based,0,231,3855,0.1745647691626536,9.491752831414368,0.2272624349007472,30.0,6276.0,0.2531328320802005
xes3g5m,learner_based,0,232,8411,0.1553722816224795,10.244378583319053,0.2904384311773281,77.0,6914.0,0.2330827067669172
xes3g5m,learner_based,0,233,2177,0.1039189271728106,8.926251835034533,0.1399149614669147,12.0,2229.0,0.2170283806343906
xes3g5m,learner_based,0,234,2256,0.0031052317569893,8.968650903374874,0.163015792154865,19.0,2466.0,0.2230576441102756
xes3g5m,learner_based,0,235,2653,0.0002486307662283,9.140239744296691,0.1475005363655868,12.0,4028.0,0.2454090150250417
xes3g5m,learner_based,0,236,3472,0.1442695279925023,9.403766708502244,0.2572323415478447,25.0,2983.0,0.2470784641068447
xes3g5m,learner_based,0,237,3870,0.160072130492757,9.53097354456765,0.2124972784672327,27.0,7410.0,0.345575959933222
xes3g5m,learner_based,0,238,2307,0.1848637788734344,9.010302809376448,0.2746151966772538,8.0,5989.0,0.8270676691729323
xes3g5m,learner_based,0,239,2473,0.0837550506020473,9.05005424204284,0.158018314158253,27.0,4589.0,0.6215538847117794
xes3g5m,learner_based,0,24,19992,0.0828238363563763,11.159146324143522,0.1290134184211275,75.0,11372.0,0.5864661654135338
xes3g5m,learner_based,0,240,2572,0.1439318435139788,9.050640993218508,0.2275020532676287,32.0,4645.0,0.3806343906510851
xes3g5m,learner_based,0,241,3396,0.1466013044863316,9.390743422947509,0.2208583834335337,20.0,7196.0,0.5664160401002506
xes3g5m,learner_based,0,242,2158,0.1545587144774007,8.855235623206967,0.3154065620542082,25.0,3046.0,0.6143572621035058
xes3g5m,learner_based,0,243,2496,0.1411746455239784,9.024974184996005,0.1605874563621042,14.0,2999.0,0.2888146911519199
xes3g5m,learner_based,0,244,1786,0.142964308776758,8.720460512725655,0.1596474045053868,14.0,3990.0,0.3405593968950876
xes3g5m,learner_based,0,245,451,0.1659710882966872,7.315218389752975,0.2490013315579228,3.0,1448.0,0.347245409015025
xes3g5m,learner_based,0,246,507,0.1750536527562674,7.383989457978509,0.216283405842138,3.0,1503.0,0.3634085213032581
xes3g5m,learner_based,0,247,1271,0.1666105102868133,8.405814603432848,0.2061717352415026,6.0,4455.0,0.8696741854636592
xes3g5m,learner_based,0,248,2935,0.0781201208059153,9.236690147298964,0.1346191311124098,23.0,5409.0,0.5162907268170426
xes3g5m,learner_based,0,249,1724,0.1559082329696748,8.724857555881988,0.2197302129042743,23.0,2582.0,0.4160401002506265
xes3g5m,learner_based,0,25,2035,0.1488228715137085,8.81269461292015,0.2500744269127717,15.0,4827.0,0.3639398998330551
xes3g5m,learner_based,0,250,1173,0.1159629019511028,8.278682162970906,0.1714068054850177,7.0,2222.0,0.4223706176961602
xes3g5m,learner_based,0,251,1155,0.1225642594071891,8.291045131081729,0.1725608226736894,4.0,3976.0,0.5396825396825397
xes3g5m,learner_based,0,252,5748,0.1598997464004856,9.921523915022227,0.2218730049599764,37.0,7742.0,0.6360601001669449
xes3g5m,learner_based,0,253,1990,0.115116683129881,8.81314100828505,0.2026484154143728,19.0,4735.0,0.5509181969949917
xes3g5m,learner_based,0,254,337,0.1432333128178208,6.97914527506881,0.1537744641192917,2.0,1073.0,0.4736842105263157
xes3g5m,learner_based,0,255,369,0.0541544374811098,7.108244139731541,0.0573300573300573,5.0,1219.0,0.4842105263157895
xes3g5m,learner_based,0,256,1006,0.0019870610577064,8.131236549696116,0.0,6.0,2122.0,0.5137844611528822
xes3g5m,learner_based,0,257,16828,0.0945094080365369,11.007916226525678,0.2269797345440686,93.0,6900.0,0.5588972431077694
xes3g5m,learner_based,0,258,3959,0.1684005759160304,9.52850315168155,0.2571844307020735,25.0,4498.0,0.5242070116861436
xes3g5m,learner_based,0,259,808,0.1813492313334485,7.944846711001996,0.3468085106382979,5.0,2200.0,0.5004173622704507
xes3g5m,learner_based,0,26,2006,0.1342943593991002,8.87360810154911,0.1974789915966386,9.0,5429.0,0.4090150250417362
xes3g5m,learner_based,0,260,6138,0.1096482596214637,9.984744906843062,0.2151023418771898,51.0,5194.0,0.5644858492470427
xes3g5m,learner_based,0,261,4151,0.0788587731219715,9.579141495712756,0.2635037001175738,18.0,2714.0,0.5225375626043406
xes3g5m,learner_based,0,262,2244,0.108102521764483,8.9947928972836,0.1339950372208437,10.0,2511.0,0.5509181969949917
xes3g5m,learner_based,0,263,5865,0.058181448053856,9.929983416340091,0.1734028048305415,33.0,2802.0,0.5609348914858097
xes3g5m,learner_based,0,264,2121,0.1272142038978978,8.904630097005011,0.2325865580448065,20.0,2606.0,0.5685840707964602
xes3g5m,learner_based,0,265,1848,0.1078586511869407,8.77539495854551,0.1240729295426452,16.0,4792.0,0.5012531328320802
xes3g5m,learner_based,0,266,11175,0.0705935902453404,10.623763400484323,0.1578383902284726,69.0,7792.0,0.9724310776942356
xes3g5m,learner_based,0,267,356,0.0137272782419178,7.177782416195197,0.3086325439266616,4.0,1306.0,0.5818713450292398
xes3g5m,learner_based,0,268,377,0.1801805938186435,7.261225091971921,0.1187631763879129,1.0,1423.0,0.5893155258764607
xes3g5m,learner_based,0,269,246,0.1487351739551962,6.669498089857879,0.1512071156289708,4.0,787.0,0.6072664359861591
xes3g5m,learner_based,0,27,98,0.1124944535163658,5.857933154483459,0.2406876790830945,5.0,345.0,0.5388471177944862
xes3g5m,learner_based,0,270,905,0.1417417878624648,8.059908334578276,0.3764222503160556,21.0,1743.0,0.9778652668416448
xes3g5m,learner_based,0,271,2101,0.1258739507165354,8.925454386826402,0.1303191489361702,6.0,2756.0,0.6368564872757614
xes3g5m,learner_based,0,272,4636,0.1252738874381716,9.711236864664288,0.1857463184049451,41.0,7434.0,0.6961602671118531
xes3g5m,learner_based,0,273,207,0.0645430752116701,6.490723534502507,0.1048632218844984,1.0,658.0,0.7025640698874714
xes3g5m,learner_based,0,274,217,0.1506716657069421,6.71901315438526,0.1777509068923821,4.0,768.0,0.723404255319149
xes3g5m,learner_based,0,275,316,0.1414377980720387,6.960347729101308,0.1718898385565052,6.0,910.0,0.7443609022556391
xes3g5m,learner_based,0,276,419,0.1262723941295929,7.297091005160418,0.2189830508474576,11.0,1172.0,0.7296620775969962
xes3g5m,learner_based,0,277,1694,0.1407037569108773,8.711607995897575,0.1503623188405797,11.0,2465.0,0.7819548872180451
xes3g5m,learner_based,0,278,470,3.3191385523375295e-07,7.458186157340487,0.035199076745528,1.0,1733.0,0.7994987468671679
xes3g5m,learner_based,0,279,842,0.0476817876110771,7.981733286691885,0.15892002734108,14.0,2376.0,0.8080133555926544
xes3g5m,learner_based,0,28,808,0.0755060151989323,7.934871565945177,0.1368194842406876,19.0,1434.0,0.3829391758285217
xes3g5m,learner_based,0,280,477,0.1122256933440076,7.326465613840322,0.1658986175115206,9.0,929.0,0.8671679197994987
xes3g5m,learner_based,0,281,78,0.1185747525201012,5.71042701737487,0.1495016611295681,3.0,298.0,0.7879799666110183
xes3g5m,learner_based,0,282,489,0.0447313528540544,7.52294091807237,0.1314223904813413,4.0,1302.0,0.8881856540084389
xes3g5m,learner_based,0,283,1248,0.1566735850737574,8.4040244933106,0.2287186379928315,7.0,2824.0,0.8414023372287145
xes3g5m,learner_based,0,284,479,0.1369843528105217,7.407924322559599,0.2202669902912621,10.0,1303.0,0.7943019312988353
xes3g5m,learner_based,0,285,1194,0.1411789422985134,8.364973978438726,0.1791288143489401,10.0,3924.0,0.785
xes3g5m,learner_based,0,286,171,0.0439004597622746,6.2324480165505225,0.1220472440944882,6.0,428.0,0.5551378446115288
xes3g5m,learner_based,0,287,690,0.155585632556598,7.768533300926033,0.2483079526226734,7.0,1606.0,0.3958247036623277
xes3g5m,learner_based,0,288,557,0.1517571964162389,7.456454555176209,0.1554913294797687,4.0,1466.0,0.8872180451127819
xes3g5m,learner_based,0,289,248,0.1887948324488059,6.68586094706836,0.2199999999999999,3.0,674.0,0.7774528140049624
xes3g5m,learner_based,0,29,1203,0.1157988056028861,8.282735880201754,0.2028325746079918,21.0,1386.0,0.4307178631051753
xes3g5m,learner_based,0,290,493,0.072068494947914,7.442492722794441,0.0738569753810082,2.0,1705.0,0.9065108514190318
xes3g5m,learner_based,0,291,983,0.1838727562853439,8.117610746466228,0.3923031026252983,10.0,1748.0,0.8914858096828047
xes3g5m,learner_based,0,292,794,0.2089680309695665,7.959625305098115,0.2159329140461215,3.0,2209.0,0.9215358931552587
xes3g5m,learner_based,0,293,628,0.1977810140777213,7.736743682453495,0.2397379912663755,2.0,2097.0,0.9181969949916527
xes3g5m,learner_based,0,294,1124,0.0232183182510061,8.274866820685254,0.3910272750446087,9.0,1998.0,0.9382303839732888
xes3g5m,learner_based,0,295,537,0.0596548393945406,7.578656850594762,0.0552429667519182,1.0,1950.0,0.9499165275459098
xes3g5m,learner_based,0,296,737,1.2255325335423192e-05,7.87359778968554,0.3644325971058644,4.0,2128.0,0.9549248747913188
xes3g5m,learner_based,0,297,339,1.5525470563170677e-06,7.080867896690782,0.1414141414141414,1.0,1185.0,0.963272120200334
xes3g5m,learner_based,0,298,167,0.2530869231517511,6.356107660695892,0.408695652173913,2.0,553.0,0.96661101836394
xes3g5m,learner_based,0,299,888,0.1560116702146531,8.042699496897637,0.2607717041800643,11.0,3035.0,0.9694100347562606
xes3g5m,learner_based,0,3,3357,0.1796173200744077,9.32420462812523,0.2717536813922356,24.0,3687.0,0.3258145363408521
xes3g5m,learner_based,0,30,4081,0.1518254895858636,9.560222295507314,0.1702847476740907,36.0,5023.0,0.2982456140350877
xes3g5m,learner_based,0,300,1145,0.0968166021454272,8.283999304248526,0.1172013134629956,7.0,3806.0,0.8895966029723992
xes3g5m,learner_based,0,301,3679,0.0888846585882914,9.476006870370282,0.077442110105812,25.0,5754.0,0.8731218697829716
xes3g5m,learner_based,0,302,372,0.1724788902874445,7.213768308118642,0.1960206337509211,5.0,1314.0,0.3383458646616541
xes3g5m,learner_based,0,303,2592,0.2506316669049286,9.15143926405602,0.4242070648138326,6.0,6074.0,0.3934837092731829
xes3g5m,learner_based,0,304,1012,0.1779005859307269,8.161089512845797,0.2256498143387603,3.0,3174.0,0.3358395989974937
xes3g5m,learner_based,0,305,311,0.1722433799649448,6.96979066990159,0.2737535277516463,7.0,1034.0,0.342237061769616
xes3g5m,learner_based,0,306,307,0.2271845040396189,6.907755278982137,0.3473473473473474,7.0,908.0,0.2520868113522537
xes3g5m,learner_based,0,307,3383,0.1798318208305662,9.366745651140318,0.1968867601778994,13.0,5570.0,0.350584307178631
xes3g5m,learner_based,0,308,466,0.1159792294597869,7.330405211844402,0.1114754098360655,13.0,1453.0,0.2781954887218045
xes3g5m,learner_based,0,309,22,0.1139314147559079,4.110873864173311,0.15,1.0,59.0,0.3497495826377295
xes3g5m,learner_based,0,31,1461,0.0689960571451133,8.564267598802166,0.1395038167938931,14.0,3278.0,0.3433583959899749
xes3g5m,learner_based,0,310,391,0.1515208739062945,7.066466970136958,0.2596071733561059,10.0,815.0,0.4193548387096774
xes3g5m,learner_based,0,311,2438,0.1610580425955113,8.979290649090876,0.2299647177419355,18.0,3047.0,0.5137844611528822
xes3g5m,learner_based,0,312,195,0.2199280202126082,6.421622267806518,0.2312703583061889,6.0,583.0,0.2956159179250296
xes3g5m,learner_based,0,313,3259,0.1267695098538656,9.308917935337176,0.332850022655188,26.0,3330.0,0.2928870292887029
xes3g5m,learner_based,0,314,225,0.3325041337496885,6.576469569048224,0.3626220362622036,8.0,662.0,0.2504173622704507
xes3g5m,learner_based,0,315,363,0.2188084849766542,7.129297548929373,0.2405773857257418,3.0,1238.0,0.352253756260434
xes3g5m,learner_based,0,316,161,3.774548205583162e-05,6.285998094508865,0.4626865671641791,1.0,536.0,0.3430078693236588
xes3g5m,learner_based,0,317,493,0.0867382258959936,7.379008127628304,0.1111805121798875,2.0,1197.0,0.3461538461538461
xes3g5m,learner_based,0,318,321,0.165615327664973,6.984716320118266,0.2947173308619092,2.0,1009.0,0.3934837092731829
xes3g5m,learner_based,0,319,93,0.1705474218814283,5.973809611869261,0.1913265306122449,6.0,303.0,0.3227559717323358
xes3g5m,learner_based,0,32,12933,0.1214068530704919,10.71168069304257,0.1953605490685444,67.0,8771.0,0.5442404006677797
xes3g5m,learner_based,0,320,444,0.3078391437978811,7.327780538421631,0.4378698224852071,13.0,1240.0,0.4436090225563909
xes3g5m,learner_based,0,321,310,0.0028195715119382,6.963189985870238,0.4242424242424242,11.0,836.0,0.4611528822055137
xes3g5m,learner_based,0,322,443,0.0421851245465927,7.240649694255466,0.1398852223816356,2.0,974.0,0.3247078464106844
xes3g5m,learner_based,0,323,409,0.1370412183196328,7.301147805856032,0.1141120864280891,2.0,1481.0,0.4285714285714285
xes3g5m,learner_based,0,324,434,0.1085100136358288,7.365180126021013,0.1139962001266624,3.0,1578.0,0.4323873121869783
xes3g5m,learner_based,0,325,718,0.2114538247731104,7.883069351305753,0.4398340248962655,11.0,1471.0,0.4912280701754385
xes3g5m,learner_based,0,326,1476,0.0374695185418158,8.491670234185152,0.1514467473835419,7.0,4531.0,0.8095238095238095
xes3g5m,learner_based,0,327,951,0.080129033307115,8.086410275323782,0.1794398276392735,20.0,2568.0,0.6015037593984962
xes3g5m,learner_based,0,328,42,0.3849838776513934,4.787491742782046,0.546218487394958,1.0,119.0,0.4707903780068728
xes3g5m,learner_based,0,329,1830,0.1465201590198748,8.760923376338836,0.2064586925850446,13.0,3837.0,0.5538847117794486
xes3g5m,learner_based,0,33,12070,0.1147806108860737,10.641799285050446,0.2165507682749061,76.0,8405.0,0.5158597662771286
xes3g5m,learner_based,0,330,4838,0.1312206903435582,9.75597313724758,0.2097821047751507,28.0,6112.0,0.5125208681135225
xes3g5m,learner_based,0,331,130,0.2138966721554215,6.052089168924417,0.2712264150943396,1.0,422.0,0.4810021715390312
xes3g5m,learner_based,0,332,587,0.1922555333907752,7.642524134232902,0.2365642994241842,6.0,2068.0,0.4908180300500834
xes3g5m,learner_based,0,333,121,0.1657638307467005,5.945420608606575,0.7664041994750657,2.0,344.0,0.4837092731829573
xes3g5m,learner_based,0,334,554,0.1503124810227259,7.607878073278507,0.5603576751117735,3.0,1879.0,0.518796992481203
xes3g5m,learner_based,0,335,5361,0.1739635590458914,9.828494573494698,0.2367144551040206,34.0,7533.0,0.5091819699499165
xes3g5m,learner_based,0,336,6730,0.1396016301645086,10.053630210965848,0.2306037264942553,65.0,7918.0,0.5989974937343359
xes3g5m,learner_based,0,337,1491,0.1794321769501015,8.556029215201436,0.3503944583413507,4.0,4448.0,0.581453634085213
xes3g5m,learner_based,0,338,572,0.2774975763845919,7.629003889652957,0.4041828793774319,5.0,2056.0,0.6892230576441103
xes3g5m,learner_based,0,339,1150,0.1452377982165806,8.306472160100585,0.2143739194862929,14.0,3264.0,0.5809682804674458
xes3g5m,learner_based,0,34,14687,0.1198734805861589,10.854778565594904,0.1689262263422171,64.0,11332.0,0.3583959899749373
xes3g5m,learner_based,0,340,3765,0.0559446055813912,9.509778075438817,0.0744255003706448,12.0,5494.0,0.6190476190476191
xes3g5m,learner_based,0,341,1408,0.0683650840154024,8.521384396034705,0.0741035856573705,1.0,4026.0,0.5943238731218697
xes3g5m,learner_based,0,342,1408,1.1960280790698636e-05,8.521384396034705,0.0741035856573705,1.0,4026.0,0.5964912280701754
xes3g5m,learner_based,0,343,2962,0.1964431460102178,9.271529540288606,0.2462841015992474,6.0,4165.0,0.5920167571394854
xes3g5m,learner_based,0,344,887,0.0928506334936185,8.052614818815567,0.0795924864692773,2.0,3121.0,0.6327212020033389
xes3g5m,learner_based,0,345,134,5.22635128973958e-05,5.899897353582492,0.5,2.0,206.0,0.6944908180300501
xes3g5m,learner_based,0,346,66,0.3592283105034298,5.181783550292085,0.5819209039548023,1.0,176.0,0.6861435726210351
xes3g5m,learner_based,0,347,66,0.0001118352426966,5.214935757608986,0.5628415300546448,3.0,179.0,0.6861435726210351
xes3g5m,learner_based,0,348,154,0.1334109369562576,6.089044875446846,0.1999999999999999,11.0,346.0,0.7707729256362944
xes3g5m,learner_based,0,349,2893,0.0855652969218178,9.230142999272362,0.1220707912540445,25.0,4142.0,0.6716791979949874
xes3g5m,learner_based,0,35,3720,0.1457976452710847,9.45915167003897,0.2022769806612601,22.0,4221.0,0.4540901502504174
xes3g5m,learner_based,0,350,528,0.1746106995069031,7.52456122628536,0.1830453563714903,2.0,1839.0,0.6828046744574291
xes3g5m,learner_based,0,351,1098,0.0816464335531486,8.234299635696253,0.0902574993363418,2.0,2996.0,0.6741854636591479
xes3g5m,learner_based,0,352,2797,0.15303113201458,9.191768986390748,0.1970453387671931,19.0,6378.0,0.7284105131414268
xes3g5m,learner_based,0,353,93,0.3141395624148689,5.805134968916488,0.6858006042296072,2.0,330.0,0.8080133555926544
xes3g5m,learner_based,0,354,96,0.2037116884307579,5.820082930352362,0.5863095238095238,1.0,334.0,0.8070175438596491
xes3g5m,learner_based,0,355,803,0.0039860792379445,7.965892735084528,0.4885416666666666,2.0,2870.0,0.7779632721202003
xes3g5m,learner_based,0,356,479,0.1123484383560674,7.488852955733459,0.1292669278119753,2.0,1781.0,0.7747035573122529
xes3g5m,learner_based,0,357,674,0.2378554181344337,7.7437032581737535,0.2801387684301821,4.0,2252.0,0.7769423558897243
xes3g5m,learner_based,0,358,258,0.0539525593378285,6.878326468291325,0.0855670103092783,2.0,970.0,0.8380634390651085
xes3g5m,learner_based,0,359,4941,0.1476201798072247,9.76422548520262,0.1890913270877636,28.0,6403.0,0.8446115288220551
xes3g5m,learner_based,0,36,3561,0.1080024928206693,9.41058370340406,0.2014571054354944,24.0,6595.0,0.4307178631051753
xes3g5m,learner_based,0,360,1396,0.0951456113749805,8.543445562560303,0.1358144972720186,4.0,3502.0,0.9147869674185464
xes3g5m,learner_based,0,361,1913,0.137606069572188,8.82893352896109,0.1606619800820152,6.0,4381.0,0.91056117113977
xes3g5m,learner_based,0,362,2539,0.0168805201853929,9.10642325855641,0.1418109187749667,9.0,4308.0,0.9131886477462438
xes3g5m,learner_based,0,363,3060,0.0372982934677327,9.331229689251636,0.1183091102445941,26.0,4331.0,0.98330550918197
xes3g5m,learner_based,0,364,277,0.0618634595778297,6.900730664045173,0.1764112903225806,4.0,982.0,0.4799498746867168
xes3g5m,learner_based,0,365,2513,0.1473554267668216,9.053569596026234,0.1628451099672437,7.0,3500.0,0.2170283806343906
xes3g5m,learner_based,0,366,1920,0.0473515053511324,8.798152718107191,0.0320193324271258,5.0,4916.0,0.3984962406015037
xes3g5m,learner_based,0,367,1878,0.2547244250356608,8.769662508112274,0.3407925407925408,13.0,5244.0,0.2982456140350877
xes3g5m,learner_based,0,368,750,0.1959095470105919,7.900636613018005,0.3576723498888065,16.0,2143.0,0.5242070116861436
xes3g5m,learner_based,0,369,428,5.598684298270375e-05,7.463936604468925,0.4670109007458405,2.0,1743.0,0.4780976220275344
xes3g5m,learner_based,0,37,3478,0.1278646181205254,9.384797753713336,0.1915161696766064,28.0,3959.0,0.4674457429048414
xes3g5m,learner_based,0,370,371,0.094302297526905,7.226209010100671,0.1513828238719068,4.0,1372.0,0.4417533817850134
xes3g5m,learner_based,0,371,1095,0.2333223466127106,8.295798110636145,0.2790813779331004,2.0,3180.0,0.5096340781708362
xes3g5m,learner_based,0,372,593,0.1311296155938524,7.543273346705446,0.1860095389507153,9.0,1528.0,0.4574290484140234
xes3g5m,learner_based,0,373,1771,0.0556567875684704,8.688116703257823,0.1509020401281402,10.0,5013.0,0.5413533834586466
xes3g5m,learner_based,0,374,1809,0.2235235400335563,8.742254901886351,0.3141670659639035,14.0,4395.0,0.2681704260651629
xes3g5m,learner_based,0,375,373,0.0370800365524081,7.1929342212158,0.0782543265613242,1.0,1329.0,0.556390977443609
xes3g5m,learner_based,0,376,940,0.0031521189873857,8.079308192051961,0.073775573465592,5.0,2253.0,0.6453951552292305
xes3g5m,learner_based,0,377,487,0.1018893648726861,7.484368643286131,0.1219786396852163,2.0,1779.0,0.5542570951585977
xes3g5m,learner_based,0,378,2547,0.0872678877255602,9.098067129493398,0.1358397672597068,9.0,3144.0,0.7295492487479132
xes3g5m,learner_based,0,379,4814,0.0545597106348344,9.734536214680343,0.1278271166370633,15.0,3456.0,0.581453634085213
xes3g5m,learner_based,0,38,2406,0.1251568501056129,9.011889433252344,0.142090498841322,26.0,3819.0,0.4442508710801394
xes3g5m,learner_based,0,380,1055,0.3667195025338795,8.23217423638394,0.5714285714285714,7.0,3048.0,0.6270337922403004
xes3g5m,learner_based,0,381,952,0.0459318055826074,8.087640287778983,0.0614817091915155,8.0,2871.0,0.6942355889724311
xes3g5m,learner_based,0,382,797,0.1001860568699528,7.914252278742441,0.2387568555758683,16.0,2133.0,0.6766917293233082
xes3g5m,learner_based,0,383,250,0.0011404219854157,6.9167150203536085,0.0734126984126983,3.0,1003.0,0.6444073455759599
xes3g5m,learner_based,0,384,394,0.0213646749932753,7.31455283232408,0.0179880079946702,1.0,1495.0,0.6586826347305389
xes3g5m,learner_based,0,385,306,0.1027415230587975,7.044032897274685,0.154585152838428,2.0,1102.0,0.6090225563909775
xes3g5m,learner_based,0,386,688,0.1251219576116391,7.793999089503996,0.1480412371134021,1.0,2396.0,0.6666666666666666
xes3g5m,learner_based,0,387,791,0.0050489279089417,7.950149887652018,0.0497354497354497,3.0,2790.0,0.7321652065081352
xes3g5m,learner_based,0,388,969,0.1210521804979763,8.10892415597534,0.1793560036111947,7.0,3095.0,0.7746243739565943
xes3g5m,learner_based,0,389,2241,0.1002167172367035,8.91972065553706,0.1699879630867995,16.0,4788.0,0.7192982456140351
xes3g5m,learner_based,0,39,2935,0.145524372753181,9.171391621837609,0.2095247998336279,29.0,4377.0,0.4586466165413533
xes3g5m,learner_based,0,390,1459,0.066242268159628,8.56216655705897,0.0694205393000574,1.0,4239.0,0.8170426065162907
xes3g5m,learner_based,0,391,813,0.0373539467920551,7.938088726896952,0.0424848268475543,1.0,2801.0,0.8464106844741235
xes3g5m,learner_based,0,392,2103,0.0440543778133514,8.913281137711804,0.0554583389419841,3.0,4616.0,0.8847117794486216
xes3g5m,learner_based,0,393,720,0.0920698901534908,7.828834527588089,0.0987654320987654,1.0,2500.0,0.9147869674185464
xes3g5m,learner_based,0,394,1104,1.7486654079632017e-06,8.271548374755515,0.239386189258312,4.0,2968.0,0.913485444939397
xes3g5m,learner_based,0,395,554,0.1267052910090885,7.518607216815252,0.3221075502444324,3.0,1840.0,0.2587646076794658
xes3g5m,learner_based,0,396,502,0.1607804218556665,7.342779189331845,0.163860103626943,6.0,870.0,0.2253756260434056
xes3g5m,learner_based,0,397,234,0.1201623257380934,6.489204931325317,0.1095890410958904,5.0,567.0,0.3141426783479349
xes3g5m,learner_based,0,398,278,0.1831902017982138,6.790097235513905,0.21509009009009,3.0,760.0,0.713032581453634
xes3g5m,learner_based,0,399,199,0.212154724102766,6.4692503167957724,0.8322981366459627,2.0,629.0,0.3909774436090225
xes3g5m,learner_based,0,4,197,0.0934013643326882,6.452048954437226,0.1026856240126382,1.0,633.0,0.3504380475594493
xes3g5m,learner_based,0,40,1775,0.1811582628616564,8.649273531773446,0.2259421560035056,14.0,2974.0,0.5137844611528822
xes3g5m,learner_based,0,400,268,0.1153989990066546,6.787844982309579,0.7234762979683973,2.0,867.0,0.5035909932935104
xes3g5m,learner_based,0,401,1680,0.2356013877873054,8.665095821339733,0.279848171152519,13.0,3161.0,0.2704507512520868
xes3g5m,learner_based,0,402,3203,0.1776071344073391,9.330431852234003,0.292860310421286,41.0,2871.0,0.3155258764607679
xes3g5m,learner_based,0,403,269,0.1048318097250169,6.818924065275521,0.1455142231947483,2.0,913.0,0.4461152882205513
xes3g5m,learner_based,0,404,368,0.1546961981211633,7.048386408721883,0.2121739130434782,10.0,1022.0,0.5388471177944862
xes3g5m,learner_based,0,405,875,0.1087611309885978,7.927685045615778,0.1341991341991342,10.0,1280.0,0.5325542570951586
xes3g5m,learner_based,0,406,238,0.0753899913343811,6.727431724850855,0.0683453237410072,1.0,834.0,0.6466165413533834
xes3g5m,learner_based,0,407,1173,0.2424537556018451,8.252706676567644,0.3573103987490227,10.0,2774.0,0.5875
xes3g5m,learner_based,0,408,1533,0.1836773235652417,8.571113033405668,0.4643669446550417,11.0,2556.0,0.679465776293823
xes3g5m,learner_based,0,409,1304,0.212683452141553,8.431853144249223,0.3141612200435729,11.0,2960.0,0.8638285721229206
xes3g5m,learner_based,0,41,8881,0.1628411002416374,10.365962915361072,0.2237161119682609,61.0,9117.0,0.6165413533834586
xes3g5m,learner_based,0,410,959,1.7450404108460526e-06,8.13622555490846,0.2857979502196193,3.0,1804.0,0.849624060150376
xes3g5m,learner_based,0,411,1015,1.5442744581524386e-05,8.19229373114764,0.283499446290144,4.0,1995.0,0.8480801335559266
xes3g5m,learner_based,0,412,1005,0.0012271415725633,8.18423477409482,0.2735138152386268,5.0,1971.0,0.853566958698373
xes3g5m,learner_based,0,413,2285,0.1309163799323552,8.978912601074276,0.2403882516072103,21.0,5046.0,0.5538847117794486
xes3g5m,learner_based,0,414,478,0.173972729383091,7.344719054149673,0.2566257272139625,2.0,1330.0,0.9816360601001668
xes3g5m,learner_based,0,415,77,0.0146043393499173,5.41164605185504,0.1614349775784753,5.0,177.0,0.8359788359788359
xes3g5m,learner_based,0,416,26,2.6705024839130304e-05,4.262679877041316,0.4142857142857142,2.0,39.0,0.3030050083472454
xes3g5m,learner_based,0,417,26,0.001870153685804,4.262679877041316,0.4142857142857142,2.0,39.0,0.3063439065108514
xes3g5m,learner_based,0,418,99,0.1435625965782263,5.752572638825633,0.2770700636942675,4.0,250.0,0.4688934355923196
xes3g5m,learner_based,0,419,141,0.15527728104845,6.284134161070802,0.1289719626168224,4.0,279.0,0.33889816360601
xes3g5m,learner_based,0,42,772,0.1096380709299825,7.845416036592485,0.1508029768899333,9.0,1663.0,0.5513784461152882
xes3g5m,learner_based,0,420,281,0.1765914900191924,6.941190055068375,0.2962245885769603,6.0,523.0,0.4486215538847117
xes3g5m,learner_based,0,421,54,0.0001197107359751,5.25227342804663,0.1894736842105263,1.0,190.0,0.4126834339737421
xes3g5m,learner_based,0,422,1143,0.1187993099005307,8.281977058867758,0.1467982789167299,13.0,2156.0,0.9048414023372288
xes3g5m,learner_based,0,423,19,0.4317598717875386,3.912023005428146,0.653061224489796,1.0,49.0,0.4357262103505843
xes3g5m,learner_based,0,424,842,0.073689843123146,7.917536353943631,0.1373906705539358,24.0,315.0,0.4965836925786863
xes3g5m,learner_based,0,425,1000,0.0847840785719453,8.126222529458525,0.1851523217982845,34.0,320.0,0.4937343358395989
xes3g5m,learner_based,0,426,141,0.0893527815210903,6.100318952020064,0.1348314606741573,7.0,238.0,0.5939849624060151
xes3g5m,learner_based,0,427,300,0.1713068168610335,6.866933284461882,0.2043795620437956,6.0,957.0,0.5363408521303258
xes3g5m,learner_based,0,428,27,0.3634614451590028,4.276666119016055,0.4225352112676056,1.0,71.0,0.5141903171953256
xes3g5m,learner_based,0,429,60,0.0774029147913097,5.351858133476067,0.4809523809523809,2.0,188.0,0.4258873393835172
xes3g5m,learner_based,0,43,3583,0.1576426225876061,9.442879644930755,0.2227153840057065,21.0,6967.0,0.6335616438356164
xes3g5m,learner_based,0,430,349,0.2448095412682049,7.156176637480615,0.2622950819672131,5.0,1241.0,0.5639097744360902
xes3g5m,learner_based,0,431,1230,0.0930662382939239,8.401557847817314,0.1841455198742421,27.0,1482.0,0.7045075125208681
xes3g5m,learner_based,0,432,87,0.1849782852919795,5.472270673671475,0.3755274261603375,2.0,237.0,0.5506883604505632
xes3g5m,learner_based,0,433,44,0.0623205358331854,4.919980925828125,0.088235294117647,1.0,136.0,0.602922163505592
xes3g5m,learner_based,0,434,61,0.1078328573312915,5.231108616854587,0.0752688172043011,2.0,186.0,0.5600373382160231
xes3g5m,learner_based,0,435,670,0.1001533854697177,7.684783943522785,0.1724931002759889,10.0,1051.0,0.5859551753393666
xes3g5m,learner_based,0,436,229,0.1023141383132428,6.654152520183219,0.1070967741935483,7.0,747.0,0.9774436090225564
xes3g5m,learner_based,0,437,99,0.1554301392399903,5.666426688112432,0.1423611111111111,2.0,272.0,0.6000734421591996
xes3g5m,learner_based,0,438,125,2.4263097419660932e-05,6.19644412779452,0.1918367346938775,6.0,214.0,0.8030050083472454
xes3g5m,learner_based,0,439,125,0.0004370568070811,6.19644412779452,0.1918367346938775,6.0,214.0,0.8046744574290484
xes3g5m,learner_based,0,44,1641,0.1896291755113369,8.67265729404031,0.2253424657534246,12.0,5045.0,0.568922305764411
xes3g5m,learner_based,0,440,78,0.173745173554963,5.805134968916488,0.1661631419939576,3.0,246.0,0.8280467445742905
xes3g5m,learner_based,0,441,262,0.118347969844596,6.9865664594064265,0.1951896392229417,11.0,307.0,0.8263772954924875
xes3g5m,learner_based,0,442,16,0.1356946565210819,4.189654742026425,0.1846153846153846,1.0,65.0,0.8095238095238095
xes3g5m,learner_based,0,443,172,0.1269619298602606,6.428105272684596,0.1278317152103559,6.0,323.0,0.6950255358649193
xes3g5m,learner_based,0,444,42,0.0733656354603313,5.214935757608986,0.1147540983606557,1.0,174.0,0.8287841191066998
xes3g5m,learner_based,0,445,18,0.2586667297614946,4.143134726391533,0.2419354838709677,1.0,62.0,0.8450947903983665
xes3g5m,learner_based,0,446,161,0.3276234784398354,6.434546518787453,0.3504823151125402,4.0,343.0,0.2520868113522537
xes3g5m,learner_based,0,447,1577,0.0363841485338417,8.734881892047483,0.0424778761061946,9.0,1784.0,0.7468671679197995
xes3g5m,learner_based,0,448,4315,0.0937205657536499,9.719324300862802,0.1588217613465584,29.0,4584.0,0.7598870056497176
xes3g5m,learner_based,0,449,41,0.1014772188372728,5.087596335232384,0.0745341614906832,8.0,89.0,0.9398998330550918
xes3g5m,learner_based,0,45,121,0.064657789123945,5.918893854273146,0.0862533692722371,1.0,371.0,0.6215538847117794
xes3g5m,learner_based,0,450,197,0.0845217976842056,6.565264970035361,0.1424541607898448,11.0,359.0,0.9367396593673966
xes3g5m,learner_based,0,451,317,0.3570294590043534,7.076653815443951,0.5046491969568893,2.0,1183.0,0.7946577629382304
xes3g5m,learner_based,0,452,83,0.1097785887948001,5.723585101952381,0.1442622950819672,4.0,232.0,0.3959899749373433
xes3g5m,learner_based,0,453,32,0.1784465726232156,4.543294782270004,0.2903225806451612,2.0,88.0,0.9402985074626866
xes3g5m,learner_based,0,454,15,0.0814151446024576,3.951243718581428,0.0196078431372549,1.0,51.0,0.9348914858096828
xes3g5m,learner_based,0,455,16,6.109399406248328e-06,3.912023005428146,0.0204081632653061,1.0,49.0,0.9348914858096828
xes3g5m,learner_based,0,456,36,0.0542517407450144,4.820281565605037,0.0162601626016259,1.0,116.0,0.9749582637729548
xes3g5m,learner_based,0,457,113,0.1039486220009149,5.926926025970411,0.1336898395721925,6.0,340.0,0.8435386411233563
xes3g5m,learner_based,0,458,37,0.0738499986158834,4.795790545596741,0.05,1.0,112.0,0.975922333223316
xes3g5m,learner_based,0,459,49,0.1210811065167797,5.099866427824199,0.0797546012269938,1.0,163.0,0.9949874686716792
xes3g5m,learner_based,0,46,2647,0.1277137999969287,9.066123521215774,0.3293669131238447,22.0,3801.0,0.5032068998597552
xes3g5m,learner_based,0,460,49,0.0783552892354069,5.099866427824199,0.0368098159509202,1.0,163.0,0.9949874686716792
xes3g5m,learner_based,0,461,63,0.032973011334737,5.262690188904886,0.0260416666666666,2.0,163.0,0.9949874686716792
xes3g5m,learner_based,0,462,1079,0.26980566616766,8.183676582620658,0.4121753700083775,9.0,2317.0,0.6290726817042607
xes3g5m,learner_based,0,463,276,0.0549396032406745,6.835184586147301,0.061356297093649,2.0,523.0,0.4536340852130325
xes3g5m,learner_based,0,464,202,0.0810850333857,6.54534966033442,0.1093525179856115,5.0,694.0,0.386609071274298
xes3g5m,learner_based,0,465,265,0.0967894497063924,6.831953565565855,0.0939524838012959,1.0,924.0,0.4085213032581453
xes3g5m,learner_based,0,466,769,0.2365434477075848,7.858254182186029,0.3128383604021655,10.0,2368.0,0.340567612687813
xes3g5m,learner_based,0,467,491,0.0286370235402326,7.436617265234227,0.0424528301886792,1.0,1696.0,0.671118530884808
xes3g5m,learner_based,0,468,3354,0.1595022715305349,9.375600540841845,0.2241437775517124,18.0,7201.0,0.6215538847117794
xes3g5m,learner_based,0,469,330,0.1025126838209954,7.00850518208228,0.1167420814479638,2.0,1014.0,0.9949874686716792
xes3g5m,learner_based,0,47,745,0.07549012758811,7.798112628829788,0.1757700205338809,6.0,1494.0,0.568922305764411
xes3g5m,learner_based,0,470,1485,0.1037949566456163,8.491670234185152,0.1366714549558793,9.0,4378.0,0.3383458646616541
xes3g5m,learner_based,0,471,2819,0.1162726328616842,9.17585244151751,0.1407867494824016,8.0,5918.0,0.5058430717863105
xes3g5m,learner_based,0,472,482,9.148303290672053e-05,7.491645473605133,0.0379464285714286,1.0,1787.0,0.5843071786310517
xes3g5m,learner_based,0,473,763,0.0683914503748848,7.918992488165245,0.0840611353711789,2.0,2646.0,0.6040100250626567
xes3g5m,learner_based,0,474,667,1.8959154860546832e-06,7.812782818577581,0.0789154188587616,1.0,2438.0,0.5896860986547086
xes3g5m,learner_based,0,475,301,0.5055829691280357,7.00669522683704,0.2638259292837716,2.0,1093.0,0.1501877346683354
xes3g5m,learner_based,0,476,391,0.2728127851254021,7.261225091971921,0.3408292340126493,3.0,1391.0,0.2554257095158597
xes3g5m,learner_based,0,477,1157,0.2559688108907401,8.250358951477294,0.3471786833855799,16.0,1692.0,0.2771285475792988
xes3g5m,learner_based,0,478,1095,0.0009395433605906,8.216628493133443,0.3488246419886517,13.0,1617.0,0.2821368948247078
xes3g5m,learner_based,0,479,585,0.1968178987964732,7.6093665379542115,0.2336309523809523,1.0,2009.0,0.3458646616541353
xes3g5m,learner_based,0,48,613,0.1861159162398883,7.60688453121963,0.3610144206862258,6.0,1452.0,0.5523809523809524
xes3g5m,learner_based,0,480,1930,0.1333821499475019,8.759354748566208,0.358140995446695,36.0,2040.0,0.9774436090225564
xes3g5m,learner_based,0,481,508,0.1130641093110944,7.45876269238096,0.1084198385236447,3.0,1734.0,0.8045112781954887
xes3g5m,learner_based,0,482,413,0.0002149006748252,7.2640301428995295,0.1555711282410652,6.0,1426.0,0.7979966611018364
xes3g5m,learner_based,0,483,541,0.0245994079129602,7.540090320145325,0.0159489633173843,1.0,1881.0,0.8095238095238095
xes3g5m,learner_based,0,484,592,3.76289273026779e-05,7.6251071482389,0.2861328125,2.0,2043.0,0.8057693558528283
xes3g5m,learner_based,0,485,418,0.4224945902079572,7.323830566202317,0.3273927392739274,4.0,1394.0,0.9849749582637728
xes3g5m,learner_based,0,486,715,0.0957869956022376,7.823645930834952,0.1705364291433146,5.0,1327.0,0.9912390488110138
xes3g5m,learner_based,0,487,401,0.1166916416395929,7.387090235656757,0.1784386617100372,4.0,1156.0,0.996969585659712
xes3g5m,learner_based,0,488,678,0.0614183241186419,7.734121303328305,0.4032399299474606,5.0,2002.0,0.3383458646616541
xes3g5m,learner_based,0,489,686,0.0772621532363828,7.791522819150732,0.1066556428276147,4.0,1569.0,0.4661654135338345
xes3g5m,learner_based,0,49,67,0.1264404956974201,5.429345628954441,0.1674008810572687,1.0,227.0,0.6441102756892231
xes3g5m,learner_based,0,490,199,0.1178612054779601,6.508769136971682,0.1343283582089552,1.0,670.0,0.5242070116861436
xes3g5m,learner_based,0,491,407,0.1831097731244697,7.1785454837637,0.299236641221374,4.0,1308.0,0.5450751252086812
xes3g5m,learner_based,0,492,227,0.184281464000364,6.733401891837359,0.1859356376638855,1.0,836.0,0.9548872180451128
xes3g5m,learner_based,0,493,121,3.6186237451067008e-06,6.0112671744041615,0.144963144963145,1.0,407.0,0.9812606473594548
xes3g5m,learner_based,0,494,125,0.2831364567279816,6.218600119691729,0.2654690618762475,2.0,501.0,0.2406015037593984
xes3g5m,learner_based,0,495,77,0.2455812409495958,5.746203190540153,0.4967948717948718,5.0,312.0,0.3377872895929306
xes3g5m,learner_based,0,496,309,0.2932278775462344,6.913737350659685,0.4169154228855721,1.0,1004.0,0.2678347934918648
xes3g5m,learner_based,0,497,326,0.2123348427457985,6.9957661563048505,0.7131072410632447,2.0,1015.0,0.2778473091364205
xes3g5m,learner_based,0,498,432,0.3017488424138045,7.182352111885263,0.4988593155893536,5.0,1117.0,0.3043478260869565
xes3g5m,learner_based,0,499,292,0.1854853141332892,6.884486652042782,0.180327868852459,2.0,975.0,0.5699977643172496
xes3g5m,learner_based,0,5,5266,0.0553060689378794,9.831454349636296,0.1123649846848299,21.0,9672.0,0.8336380255941499
xes3g5m,learner_based,0,50,69,0.0145528750416843,5.4638318050256105,0.1659574468085106,2.0,235.0,0.6413043478260869
xes3g5m,learner_based,0,500,239,0.0585946110625792,6.513230110912307,0.101040118870728,5.0,671.0,0.4887218045112781
xes3g5m,learner_based,0,501,515,0.055519549903071,7.532623618788788,0.0712372790573111,3.0,1601.0,0.6928213689482471
xes3g5m,learner_based,0,502,467,0.2357116776188738,7.387090235656757,0.2205700123915737,3.0,1467.0,0.6616541353383458
xes3g5m,learner_based,0,503,262,0.0020102345101858,6.775366090936392,0.176,6.0,851.0,0.8822055137844611
xes3g5m,learner_based,0,504,537,0.0551503854187485,7.622174594817622,0.1082272282076395,6.0,1949.0,0.9598653080905224
xes3g5m,learner_based,0,505,351,3.9723385832117685e-05,7.203405521083095,0.1191362620997765,6.0,1343.0,0.979966611018364
xes3g5m,learner_based,0,506,152,0.0325748176638674,6.161207321695077,0.0655391120507399,2.0,285.0,0.4085213032581453
xes3g5m,learner_based,0,507,107,0.0928598737048211,5.83773044716594,0.0818713450292397,1.0,264.0,0.4812030075187969
xes3g5m,learner_based,0,508,458,0.1868922485762548,7.321188556739478,0.1767041694242224,6.0,940.0,0.4583333333333333
xes3g5m,learner_based,0,509,119,0.2173638680574147,5.786897381366708,0.2184615384615384,1.0,254.0,0.531328320802005
xes3g5m,learner_based,0,51,1374,0.1823096772373342,8.442254104751743,0.2087106511427339,7.0,4201.0,0.3255425709515859
xes3g5m,learner_based,0,510,195,0.1704398609503793,6.398594934535208,0.2299999999999999,7.0,470.0,0.505008347245409
xes3g5m,learner_based,0,511,130,0.1782695538722551,5.988961416889864,0.1532663316582915,2.0,259.0,0.6162840322843837
xes3g5m,learner_based,0,512,192,0.0526001043617724,6.359573868672378,0.0467937608318891,6.0,252.0,0.6427378964941569
xes3g5m,learner_based,0,513,285,0.1652774220512232,6.815639990074331,0.1503841931942919,5.0,611.0,0.6967418546365914
xes3g5m,learner_based,0,514,107,0.4806689315013942,5.840641657373398,0.3673469387755101,3.0,331.0,0.671118530884808
xes3g5m,learner_based,0,515,116,0.2026793843673157,6.0330862217988015,0.2716346153846154,3.0,331.0,0.3146911519198664
xes3g5m,learner_based,0,516,199,0.0747199160369796,6.410174881966167,0.0840197693574958,2.0,606.0,0.4360902255639097
xes3g5m,learner_based,0,517,155,0.0746169679587887,6.180016653652572,0.0580912863070539,5.0,312.0,0.924812030075188
xes3g5m,learner_based,0,518,370,0.0601348519083379,7.160845906664299,0.0854700854700855,4.0,1055.0,0.6826347305389222
xes3g5m,learner_based,0,519,218,0.072294007258504,6.529418838262226,0.1988304093567251,2.0,684.0,0.991652754590985
xes3g5m,learner_based,0,52,405,0.2541434271936592,7.217443431696533,0.3502202643171805,10.0,1207.0,0.5225375626043406
xes3g5m,learner_based,0,520,96,0.0337493577972054,5.517452896464707,0.0524193548387096,4.0,192.0,0.9047619047619048
xes3g5m,learner_based,0,521,170,0.1596251488617032,6.218600119691729,0.2315369261477046,12.0,368.0,0.3572621035058431
xes3g5m,learner_based,0,522,171,0.177304127302609,6.315358001522335,0.2463768115942028,3.0,522.0,0.8480906996893557
xes3g5m,learner_based,0,523,60,0.0905898028218264,5.303304908059076,0.185,6.0,174.0,0.7561579240254225
xes3g5m,learner_based,0,524,94,0.2164563013666725,5.69035945432406,0.2101694915254237,3.0,237.0,0.9192200557103064
xes3g5m,learner_based,0,525,27,0.1959431814374747,4.23410650459726,0.2352941176470588,1.0,67.0,0.9552593086812596
xes3g5m,learner_based,0,526,445,0.0131885861331986,7.323170717943469,0.0204755614266842,6.0,792.0,0.9523809523809524
xes3g5m,learner_based,0,527,40,0.2433946199351339,5.081404364984463,0.5875,1.0,160.0,0.3370927318295739
xes3g5m,learner_based,0,528,130,0.2603921377028411,6.163314804034641,0.2383966244725738,1.0,473.0,0.5983301325099059
xes3g5m,learner_based,0,529,155,0.0991251207713738,6.317164686747284,0.1066907775768535,7.0,512.0,0.8250883392226148
xes3g5m,learner_based,0,53,198,0.2024408308492216,6.496774990185863,0.270392749244713,3.0,592.0,0.5538940287521779
xes3g5m,learner_based,0,530,252,0.0976048242682448,6.776506992372183,0.2431506849315068,2.0,871.0,0.5738526644480053
xes3g5m,learner_based,0,531,277,6.684215638221739e-05,6.85751406254539,0.3189473684210526,1.0,947.0,0.6494156928213689
xes3g5m,learner_based,0,532,46,5.947390262761587e-05,5.043425116919247,0.0259740259740259,1.0,154.0,0.5588972431077694
xes3g5m,learner_based,0,533,46,0.0587226152420043,4.927253685157205,0.0364963503649634,1.0,137.0,0.5989974937343359
xes3g5m,learner_based,0,534,86,0.0741785330107188,5.602118820879701,0.0592592592592592,4.0,174.0,0.7286015539683934
xes3g5m,learner_based,0,535,114,0.1620829296706799,5.991464547107982,0.1553884711779448,3.0,233.0,0.7493734335839599
xes3g5m,learner_based,0,536,450,0.1078345143795013,7.484368643286131,0.1275997751545812,8.0,435.0,0.3583959899749373
xes3g5m,learner_based,0,537,78,0.0705269468136322,5.488937726156687,0.0912863070539419,1.0,203.0,0.8446115288220551
xes3g5m,learner_based,0,538,63,0.1370521258740198,5.159055299214529,0.0867052023121387,3.0,160.0,0.8195488721804511
xes3g5m,learner_based,0,539,63,0.0622517589816358,5.159055299214529,0.0809248554913294,3.0,160.0,0.8245614035087719
xes3g5m,learner_based,0,54,1344,0.1739279584835458,8.418256443556213,0.2073763250883392,13.0,3162.0,0.3508771929824561
xes3g5m,learner_based,0,540,81,0.1429537608874617,5.402677381872279,0.1945701357466063,8.0,184.0,0.8130217028380634
xes3g5m,learner_based,0,541,107,0.1043919756764842,5.683579767338681,0.1877133105802048,8.0,207.0,0.8864774624373957
xes3g5m,learner_based,0,542,42,0.0098175456126531,4.795790545596741,0.0833333333333333,1.0,119.0,0.8601596584052724
xes3g5m,learner_based,0,543,85,0.1117833624867832,5.713732805509369,0.1026490066225165,1.0,297.0,0.7050905953408111
xes3g5m,learner_based,0,544,49,0.0549109300270588,4.962844630259907,0.1619718309859155,2.0,141.0,0.8659147869674185
xes3g5m,learner_based,0,545,189,0.1363459625256755,6.570882962339584,0.1879382889200561,7.0,356.0,0.7894736842105263
xes3g5m,learner_based,0,546,1490,0.1906175939266214,8.544029845369797,0.3320350535540409,10.0,2540.0,0.4808013355592654
xes3g5m,learner_based,0,547,63,0.1263141770984004,5.3981627015177525,0.1409090909090908,1.0,195.0,0.8205838829154798
xes3g5m,learner_based,0,548,81,0.1677965891122082,5.351858133476067,0.1666666666666666,5.0,142.0,0.924812030075188
xes3g5m,learner_based,0,549,88,0.0620063926008614,5.493061443340548,0.0413223140495867,3.0,119.0,0.9240086861561247
xes3g5m,learner_based,0,55,24052,0.1027879676603675,11.336677426964654,0.1963501908396946,106.0,11671.0,0.3984962406015037
xes3g5m,learner_based,0,550,49,0.197030753923618,5.010635294096256,0.2147651006711409,4.0,56.0,0.8664440734557596
xes3g5m,learner_based,0,551,14,0.0002089612533567,3.6635616461296463,0.0263157894736841,1.0,38.0,0.8663896803779063
xes3g5m,learner_based,0,552,6,0.1712854458990534,3.218875824868201,0.1666666666666666,1.0,24.0,0.8589965516297655
xes3g5m,learner_based,0,553,38,0.0802099521418935,4.875197323201151,0.0846153846153846,5.0,50.0,0.8671777098997493
xes3g5m,learner_based,0,554,42,0.1158735865638369,5.14166355650266,0.1176470588235294,7.0,68.0,0.8547579298831386
xes3g5m,learner_based,0,555,14,0.1382352411746978,4.04305126783455,0.1071428571428571,1.0,46.0,0.9068895109225484
xes3g5m,learner_based,0,556,12,6.921859739827951e-07,3.7612001156935615,0.0,1.0,42.0,0.9098497495826378
xes3g5m,learner_based,0,557,11,6.48486189525066e-07,3.5263605246161616,0.0,1.0,31.0,0.9448621553884712
xes3g5m,learner_based,0,558,153,0.0729704082401749,6.406879986069314,0.0661157024793388,1.0,605.0,0.951048951048951
xes3g5m,learner_based,0,559,28,0.2467046450059619,4.23410650459726,0.0735294117647058,1.0,68.0,0.2935280605520479
xes3g5m,learner_based,0,56,13896,0.1188318755124098,10.785331756675916,0.1997267420196249,88.0,10105.0,0.6193656093489148
xes3g5m,learner_based,0,560,39,0.0588140501998938,4.5217885770490405,0.0109890109890109,1.0,91.0,0.2554257095158597
xes3g5m,learner_based,0,561,19,0.0247177869252254,3.80666248977032,0.0227272727272727,1.0,44.0,0.3297161936560935
xes3g5m,learner_based,0,562,338,0.1686823062462162,6.86171134048073,0.3081761006289308,3.0,612.0,0.3521303258145363
xes3g5m,learner_based,0,563,49,0.5012335794198574,4.68213122712422,0.6822429906542056,1.0,107.0,0.2631578947368421
xes3g5m,learner_based,0,564,100,0.1993791965288005,5.43372200355424,0.4561403508771929,4.0,129.0,0.2647185576629386
xes3g5m,learner_based,0,565,155,0.1223403129666562,6.013715156042802,0.088235294117647,4.0,341.0,0.3138564273789649
xes3g5m,learner_based,0,566,77,0.1662191377057657,5.484796933490655,0.0708333333333333,3.0,240.0,0.5144057974652825
xes3g5m,learner_based,0,567,89,0.1019931115377485,5.634789603169249,0.1612903225806451,2.0,279.0,0.5776293823038398
xes3g5m,learner_based,0,568,58,0.0670840956013777,5.318119993844216,0.0689655172413793,5.0,193.0,0.556390977443609
xes3g5m,learner_based,0,569,83,0.000256781514171,5.53338948872752,0.2023809523809523,2.0,251.0,0.5051145183492955
xes3g5m,learner_based,0,57,17194,0.1243109821101849,11.009819964219377,0.2437152685895739,123.0,10777.0,0.5475792988313857
xes3g5m,learner_based,0,570,33,0.0320045966090577,4.727387818712341,0.0803571428571429,1.0,112.0,0.5866377128129171
xes3g5m,learner_based,0,571,97,0.1309093099001065,5.613128106388071,0.1501831501831502,1.0,228.0,0.7393483709273183
xes3g5m,learner_based,0,572,48,0.1062007806419084,4.990432586778736,0.0890410958904109,3.0,135.0,0.7745281400496232
xes3g5m,learner_based,0,573,51,0.0337637300584831,4.8283137373023015,0.0241935483870967,2.0,71.0,0.91899824686926
xes3g5m,learner_based,0,574,98,0.087001625372439,5.713732805509369,0.086092715231788,2.0,302.0,0.7945719892385388
xes3g5m,learner_based,0,575,40,0.263787017762661,4.804021044733257,0.2892561983471075,1.0,110.0,0.9022556390977444
xes3g5m,learner_based,0,576,99,0.201996995209673,5.700443573390687,0.3053691275167784,6.0,273.0,0.2807017543859649
xes3g5m,learner_based,0,577,70,0.1159072579017707,5.537334267018537,0.1185770750988142,1.0,253.0,0.5513784461152882
xes3g5m,learner_based,0,578,95,0.1826206392026506,5.7430031878094825,0.4533762057877814,1.0,310.0,0.4085213032581453
xes3g5m,learner_based,0,579,190,2.739454536785573e-05,6.423246963533519,0.7317073170731707,1.0,614.0,0.4420289855072464
xes3g5m,learner_based,0,58,5189,0.1612025806079904,9.796347676978224,0.1904046307118606,20.0,8848.0,0.6165413533834586
xes3g5m,learner_based,0,580,141,0.1471522581938601,6.419994928147142,0.2267536704730831,5.0,353.0,0.6227045075125208
xes3g5m,learner_based,0,581,225,0.1028447827034526,6.705639094860003,0.3615196078431373,4.0,483.0,0.6263049108581136
xes3g5m,learner_based,0,582,408,0.0776684794063661,7.336285660021297,0.089308996088657,4.0,776.0,0.959933222036728
xes3g5m,learner_based,0,583,203,1.5231952570512386e-06,6.635946555686647,0.0683311432325887,2.0,761.0,0.9582637729549248
xes3g5m,learner_based,0,584,81,0.2374597600212803,5.8805329864007,0.2436974789915966,1.0,357.0,0.9849749582637728
xes3g5m,learner_based,0,585,203,0.2239273038468027,6.570882962339584,0.2412342215988779,3.0,703.0,0.3508771929824561
xes3g5m,learner_based,0,586,983,0.0514419973984728,8.074337694089515,0.2124610591900311,11.0,1667.0,0.5210734585931949
xes3g5m,learner_based,0,587,228,0.0549406373971386,6.3784261836515865,0.0306122448979592,2.0,220.0,0.2220367278797996
xes3g5m,learner_based,0,588,114,0.0456598808890894,5.683579767338681,0.0204778156996586,1.0,219.0,0.2205513784461152
xes3g5m,learner_based,0,589,118,0.1780215761805805,5.62040086571715,0.1854545454545454,3.0,244.0,0.2871452420701169
xes3g5m,learner_based,0,59,2613,0.126503976738245,9.076923258535832,0.1834285714285713,35.0,5045.0,0.6360601001669449
xes3g5m,learner_based,0,590,23,0.2836780812915253,3.951243718581428,0.7058823529411764,1.0,51.0,0.2581453634085213
xes3g5m,learner_based,0,591,22,0.3124607850543477,4.04305126783455,0.3392857142857143,1.0,56.0,0.28684817218338
xes3g5m,learner_based,0,592,30,0.4466484364393788,4.219507705176107,0.5074626865671642,1.0,67.0,0.3107769423558897
xes3g5m,learner_based,0,593,112,5.288106665563781e-05,5.598421958998375,0.1635687732342007,1.0,216.0,0.337228714524207
xes3g5m,learner_based,0,594,134,0.0140743124982176,5.780743515792329,0.1486068111455109,2.0,227.0,0.3433583959899749
xes3g5m,learner_based,0,595,137,0.1036940774452076,5.8971538676367405,0.0909090909090909,3.0,267.0,0.3659147869674185
xes3g5m,learner_based,0,596,37,0.1393735313353859,4.543294782270004,0.3225806451612903,4.0,92.0,0.357630979498861
xes3g5m,learner_based,0,597,49,0.2684324684799933,4.934473933130692,0.144927536231884,1.0,136.0,0.4290484140233723
xes3g5m,learner_based,0,598,107,0.1063025758784507,5.891644211825772,0.1772853185595567,6.0,226.0,0.7595993322203672
xes3g5m,learner_based,0,599,22,0.0918817388063127,4.02535169073515,0.0363636363636363,1.0,55.0,0.6541353383458647
xes3g5m,learner_based,0,6,9073,0.1106224273531581,10.35932886796936,0.2596278804399505,51.0,10199.0,0.4390651085141903
xes3g5m,learner_based,0,60,536,0.0495797875602277,7.5310163320779155,0.0659871244635192,7.0,1785.0,0.6334071708954374
xes3g5m,learner_based,0,600,35,0.1353356906345912,4.276666119016055,0.0563380281690141,1.0,70.0,0.8621553884711779
xes3g5m,learner_based,0,601,27,0.0988566831306174,4.48863636973214,0.0568181818181817,1.0,87.0,0.8174432363436472
xes3g5m,learner_based,0,602,29,0.2322534918785095,4.477336814478207,0.264367816091954,5.0,87.0,0.8080133555926544
xes3g5m,learner_based,0,603,57,0.0165489248016424,5.37989735354046,0.0138888888888888,3.0,211.0,0.2894736842105263
xes3g5m,learner_based,0,604,87,0.2261615821796646,5.666426688112432,0.8090277777777778,1.0,287.0,0.3536533319944268
xes3g5m,learner_based,0,605,82,0.2991169621889684,5.746203190540153,0.2948717948717948,1.0,311.0,0.3597662771285476
xes3g5m,learner_based,0,606,90,0.1919612968754437,6.016157159698354,0.2224938875305623,1.0,406.0,0.4599303135888501
xes3g5m,learner_based,0,607,146,8.080214493281296e-06,6.186208623900494,0.5938144329896907,1.0,482.0,0.4887218045112781
xes3g5m,learner_based,0,608,115,0.0030583531960197,6.1463292576688975,0.0257510729613733,1.0,461.0,0.6108491567902807
xes3g5m,learner_based,0,609,34,0.0001479228378135,4.691347882229144,0.3703703703703703,3.0,107.0,0.6892230576441103
xes3g5m,learner_based,0,61,2009,0.1401825118140325,8.855092980028635,0.238550435154801,30.0,4771.0,0.631578947368421
xes3g5m,learner_based,0,610,67,0.1241363825193091,5.476463551931511,0.0756302521008402,1.0,236.0,0.7493734335839599
xes3g5m,learner_based,0,611,58,0.1300852455455681,5.356586274672012,0.1042654028436018,1.0,211.0,0.7568922305764411
xes3g5m,learner_based,0,612,259,0.0902768317272944,6.826545223556594,0.0662323561346363,7.0,511.0,0.7619047619047619
xes3g5m,learner_based,0,613,139,0.0987257195516027,6.184148890937483,0.0950413223140496,1.0,472.0,0.8170426065162907
xes3g5m,learner_based,0,614,103,0.2763514936386236,5.886104031450156,0.2200557103064067,2.0,355.0,0.9649122807017544
xes3g5m,learner_based,0,615,25,0.2045038595016749,4.454347296253507,0.0705882352941176,1.0,83.0,0.2921535893155259
xes3g5m,learner_based,0,616,25,0.0078601294366251,4.23410650459726,0.5735294117647058,1.0,68.0,0.3340299831381458
xes3g5m,learner_based,0,617,30,0.1968058295858403,4.189654742026425,0.1846153846153846,2.0,65.0,0.3906510851419031
xes3g5m,learner_based,0,618,122,0.151089857347676,6.152732694704104,0.1727078891257996,1.0,466.0,0.2821368948247078
xes3g5m,learner_based,0,619,82,0.0356132955676872,5.730099782973574,0.0814332247557003,3.0,281.0,0.5826377295492488
xes3g5m,learner_based,0,62,4675,0.1477448854069375,9.685704607464016,0.1822194591234068,31.0,8173.0,0.3659147869674185
xes3g5m,learner_based,0,620,33,0.3608549060299992,4.663439094112067,0.5238095238095238,1.0,105.0,0.5141903171953256
xes3g5m,learner_based,0,621,8,0.285840873606503,3.5263605246161616,0.1515151515151515,2.0,33.0,0.9598997493734336
xes3g5m,learner_based,0,622,7,0.0325965711048671,3.4011973816621555,0.0344827586206896,1.0,29.0,0.9582637729549248
xes3g5m,learner_based,0,623,102,0.1804633826957833,5.808142489980444,0.2319277108433735,1.0,330.0,0.6020874389646905
xes3g5m,learner_based,0,624,232,5.880644032198491e-05,6.744059186311348,0.1674528301886793,3.0,433.0,0.6766917293233082
xes3g5m,learner_based,0,625,295,0.1458859654064527,6.962243464266207,0.1507109004739336,4.0,873.0,0.6867167919799498
xes3g5m,learner_based,0,626,166,0.2061966330669287,6.375024819828097,0.3327645051194539,7.0,458.0,0.7195325542570952
xes3g5m,learner_based,0,627,78,0.0107232938288913,5.746203190540153,0.9903846153846154,1.0,311.0,1.0
xes3g5m,learner_based,0,628,61,0.3921764098295748,5.384495062789089,0.3824884792626728,1.0,202.0,0.2036727879799666
xes3g5m,learner_based,0,629,124,0.1690639735146936,6.12029741895095,0.1519823788546255,2.0,450.0,0.2431077694235588
xes3g5m,learner_based,0,63,1350,0.0921919946087082,8.49596955496461,0.0986922762566407,7.0,4300.0,0.6124275567009655
xes3g5m,learner_based,0,630,37,5.469979413876783e-06,4.890349128221754,0.2954545454545454,1.0,131.0,0.9485760939765788
xes3g5m,learner_based,0,631,19,0.3189368051060132,4.0943445622221,0.2372881355932203,1.0,41.0,0.175438596491228
xes3g5m,learner_based,0,632,20,0.4228785106679425,4.04305126783455,0.3571428571428571,1.0,40.0,0.1779448621553884
xes3g5m,learner_based,0,633,47,0.4265883805408597,5.081404364984463,0.3874999999999999,2.0,111.0,0.1791979949874686
xes3g5m,learner_based,0,634,100,0.2420366161712445,6.049733455231958,0.2695035460992907,2.0,216.0,0.3283208020050125
xes3g5m,learner_based,0,635,784,0.1336156413629081,7.870165946469845,0.2128391287734046,10.0,1103.0,0.5392320534223706
xes3g5m,learner_based,0,636,88,2.811093083873143e-05,5.583496308781699,0.0264150943396226,2.0,149.0,0.753968253968254
xes3g5m,learner_based,0,637,69,0.1009827844150687,5.455321115357702,0.0901287553648069,5.0,231.0,0.7393483709273183
xes3g5m,learner_based,0,638,59,0.0158580314186609,5.2832037287379885,0.0357142857142857,3.0,195.0,0.8066807251852502
xes3g5m,learner_based,0,639,45,0.1431241843435499,5.087596335232384,0.0993788819875776,3.0,160.0,0.7969924812030075
xes3g5m,learner_based,0,64,6952,0.0654410410924815,10.104957928168844,0.1131504721416015,38.0,4587.0,0.71875
xes3g5m,learner_based,0,640,124,0.1616449359271135,6.030685260261263,0.1325301204819277,1.0,415.0,0.2904564315352697
xes3g5m,learner_based,0,641,26,0.063031157953365,4.430816798843313,0.0240963855421686,1.0,78.0,0.8972431077694235
xes3g5m,learner_based,0,642,7,4.7134878966570426e-07,3.5263605246161616,0.0,1.0,32.0,0.8515625
xes3g5m,learner_based,0,643,330,2.196952561638113e-05,6.98933526597456,0.1752767527675276,2.0,625.0,0.345575959933222
xes3g5m,learner_based,0,644,433,0.2704197252922052,7.252053951852814,0.2950354609929078,3.0,694.0,0.4019772396941893
xes3g5m,learner_based,0,645,216,0.5312258682420684,6.572282542694008,0.5910364145658263,3.0,682.0,0.4217116246375538
xes3g5m,learner_based,0,646,208,0.0044267934155621,6.504288173536645,0.2023988005997001,4.0,663.0,0.543859649122807
xes3g5m,learner_based,0,647,172,0.14900804879577,6.234410725718371,0.1532416502946955,2.0,269.0,0.8446115288220551
xes3g5m,learner_based,0,648,78,0.2844790510642223,5.442417710521793,0.1130434782608695,1.0,230.0,0.8488520968531512
xes3g5m,learner_based,0,649,285,0.1732379108275238,6.849066282633458,0.2834394904458599,2.0,550.0,0.8764607679465777
xes3g5m,learner_based,0,65,8944,0.117482939631955,10.323874113321294,0.1991133004926109,68.0,8548.0,0.5714285714285714
xes3g5m,learner_based,0,650,285,2.014929084246783e-06,6.849066282633458,0.2834394904458599,2.0,550.0,0.8781302170283807
xes3g5m,learner_based,0,651,50,0.171647310256958,5.298317366548036,0.2211055276381909,2.0,179.0,0.7913188647746243
xes3g5m,learner_based,0,652,41,0.0554669543010432,5.2574953720277815,0.0523560209424084,1.0,182.0,0.8831385642737897
xes3g5m,learner_based,0,653,89,0.2734739824804461,5.831882477283517,0.4147058823529411,2.0,243.0,0.4981255308555194
xes3g5m,learner_based,0,654,104,0.1855005203515247,6.030685260261263,0.1975903614457831,3.0,288.0,0.9198664440734556
xes3g5m,learner_based,0,655,160,0.2261219356317724,6.285998094508865,0.5727611940298507,1.0,380.0,0.5099167274799317
xes3g5m,learner_based,0,656,141,0.1560930779983176,6.111467339502679,0.16,2.0,409.0,0.5889724310776943
xes3g5m,learner_based,0,657,414,1.938506699940587e-05,7.113956109566034,0.1628664495114006,3.0,439.0,0.1804511278195488
xes3g5m,learner_based,0,658,449,0.2344069328876772,7.197435354096591,0.2411985018726591,4.0,436.0,0.1927409261576971
xes3g5m,learner_based,0,659,549,0.0507628049681095,7.513163545234075,0.0671764063353358,2.0,858.0,0.6834733893557423
xes3g5m,learner_based,0,66,4747,0.1225381323836499,9.698674957906642,0.1567965633629947,15.0,8098.0,0.7612687813021702
xes3g5m,learner_based,0,660,98,0.1716369092464447,5.929589143389895,0.0826666666666666,2.0,155.0,0.9749582637729548
xes3g5m,learner_based,0,661,31,0.2914073654720859,4.795790545596741,0.1916666666666666,5.0,111.0,0.6176046176046176
xes3g5m,learner_based,0,662,17,0.0747339795617496,4.204692619390966,0.0454545454545454,1.0,66.0,0.3923205342237061
xes3g5m,learner_based,0,663,16,6.107704934739196e-05,4.0943445622221,0.135593220338983,1.0,59.0,0.4185463659147869
xes3g5m,learner_based,0,664,17,0.092027955195483,3.9318256327243257,0.06,1.0,50.0,0.4056761268781302
xes3g5m,learner_based,0,665,73,0.1511568523024859,5.313205979041787,0.1633663366336634,7.0,127.0,0.4730691503382831
xes3g5m,learner_based,0,666,26,0.2145667156347861,4.276666119016055,0.1549295774647887,1.0,71.0,0.4841402337228714
xes3g5m,learner_based,0,667,13,0.0826124342588278,3.1354942159291497,0.1363636363636363,1.0,22.0,0.8040062609590308
xes3g5m,learner_based,0,668,26,0.2162345051765443,4.262679877041316,0.2142857142857143,2.0,64.0,0.9392734710339066
xes3g5m,learner_based,0,669,12,0.4862726902744422,3.218875824868201,0.2916666666666666,1.0,24.0,0.8080530546321466
xes3g5m,learner_based,0,67,5417,0.1105442440508369,9.854769885738698,0.1626942461150776,63.0,7054.0,0.6126878130217028
xes3g5m,learner_based,0,670,29,0.2888313965743472,4.394449154672439,0.15,2.0,73.0,0.9047619047619048
xes3g5m,learner_based,0,671,27,0.1684856246466989,4.543294782270004,0.1505376344086021,1.0,93.0,0.9937421777221528
xes3g5m,learner_based,0,672,13,0.2559904983410468,3.828641396489095,0.2444444444444444,1.0,45.0,0.2320534223706176
xes3g5m,learner_based,0,673,15,0.2201874256134033,3.828641396489095,0.1999999999999999,1.0,45.0,0.2170283806343906
xes3g5m,learner_based,0,674,15,0.2088261115054289,3.7612001156935615,0.1904761904761904,1.0,42.0,0.2354885544411948
xes3g5m,learner_based,0,675,33,0.2112962522289969,4.418840607796598,0.2195121951219512,2.0,76.0,0.3981636060100167
xes3g5m,learner_based,0,676,19,0.101543677670498,4.060443010546419,0.1228070175438597,1.0,57.0,0.4357262103505843
xes3g5m,learner_based,0,677,19,0.0596656066022421,3.8918202981106265,0.2291666666666666,1.0,48.0,0.613898585184061
xes3g5m,learner_based,0,678,27,0.1068690799659601,4.343805421853684,0.1578947368421053,1.0,76.0,0.791153800347262
xes3g5m,learner_based,0,679,58,0.0040638405701209,5.3471075307174685,0.0239234449760765,2.0,106.0,0.7813021702838063
xes3g5m,learner_based,0,68,2138,0.0207720086056045,8.888342869109282,0.0409881313828318,17.0,2684.0,0.5388471177944862
xes3g5m,learner_based,0,680,76,0.097681576484128,5.641907070938114,0.0711743772241992,1.0,281.0,0.3684210526315789
xes3g5m,learner_based,0,681,188,1.7998474407362223e-05,6.493753839851686,0.1409090909090908,3.0,363.0,0.5889724310776943
xes3g5m,learner_based,0,682,60,0.0001507016041861,5.517452896464707,0.3266129032258065,1.0,248.0,0.6165413533834586
xes3g5m,learner_based,0,683,33,0.1334108785425621,4.61512051684126,0.14,2.0,65.0,0.7105263157894737
xes3g5m,learner_based,0,684,44,2.339404022125746e-05,5.068904202220232,0.5126582278481013,1.0,158.0,0.8120300751879699
xes3g5m,learner_based,0,685,35,0.3104157162031957,4.74493212836325,0.631578947368421,4.0,82.0,0.962406015037594
xes3g5m,learner_based,0,686,17,0.1545650853830225,3.912023005428146,0.1428571428571429,1.0,49.0,0.1986644407345576
xes3g5m,learner_based,0,687,49,0.3701246371517279,5.2574953720277815,0.4712041884816754,1.0,191.0,0.1954887218045112
xes3g5m,learner_based,0,688,51,0.2409299408980443,5.068904202220232,0.3291139240506329,1.0,158.0,0.2139543072557426
xes3g5m,learner_based,0,689,77,0.3585246715727928,5.828945617610208,0.3480825958702065,2.0,182.0,0.2337228714524207
xes3g5m,learner_based,0,69,2584,0.1396874536659865,9.11305824916963,0.2152777777777778,30.0,3492.0,0.6260434056761269
xes3g5m,learner_based,0,690,60,0.378286212713768,5.332718793265369,0.1116504854368931,1.0,206.0,0.3619295422536315
xes3g5m,learner_based,0,691,69,0.1801595448151878,5.384495062789089,0.2672811059907833,2.0,183.0,0.3689482470784641
xes3g5m,learner_based,0,692,58,0.0168179635627566,5.351858133476067,0.2428571428571428,3.0,210.0,0.4991652754590985
xes3g5m,learner_based,0,693,54,0.5428960608357254,5.262690188904886,0.3385416666666666,2.0,192.0,0.4960334893996259
xes3g5m,learner_based,0,694,40,0.0699676651507616,5.0369526024136295,0.065359477124183,2.0,153.0,0.5742904841402338
xes3g5m,learner_based,0,695,106,0.2206137340234697,5.993961427306569,0.2199999999999999,3.0,215.0,0.6592901284931862
xes3g5m,learner_based,0,696,158,0.1004307715434439,6.375024819828097,0.0989761092150171,4.0,227.0,0.679465776293823
xes3g5m,learner_based,0,697,29,0.1020552927050096,4.6443908991413725,0.0291262135922329,1.0,103.0,0.7117794486215538
xes3g5m,learner_based,0,698,107,3.171159066188628e-07,5.945420608606575,0.1207349081364829,2.0,219.0,0.7518796992481203
xes3g5m,learner_based,0,699,40,0.2217787734232842,5.081404364984463,0.28125,2.0,157.0,0.7621035058430717
xes3g5m,learner_based,0,7,3542,0.1511254469048605,9.387230538772933,0.1944863415451651,15.0,7827.0,0.7124056398345069
xes3g5m,learner_based,0,70,52,0.0054391871022738,5.231108616854587,0.0268817204301075,2.0,186.0,0.6966855340598688
xes3g5m,learner_based,0,700,73,0.2736754517440926,5.513428746164983,0.1700404858299595,2.0,244.0,0.991652754590985
xes3g5m,learner_based,0,701,14,0.1427907347679138,3.4011973816621555,0.0,1.0,29.0,0.9937421777221528
xes3g5m,learner_based,0,702,69,0.4068900288485053,5.476463551931511,0.592436974789916,2.0,238.0,0.3233082706766917
xes3g5m,learner_based,0,703,47,0.1039481620165578,5.313205979041787,0.1485148514851485,1.0,202.0,0.5513784461152882
xes3g5m,learner_based,0,704,61,0.0002521648558267,5.513428746164983,0.1255060728744939,2.0,231.0,0.6090225563909775
xes3g5m,learner_based,0,705,43,0.1205671193987824,5.010635294096256,0.0402684563758389,3.0,50.0,0.8769230769230769
xes3g5m,learner_based,0,706,15,0.3851949691772461,3.828641396489095,0.1555555555555555,1.0,45.0,0.5394242803504381
xes3g5m,learner_based,0,707,23,0.0011610059739268,4.110873864173311,0.9833333333333332,1.0,58.0,0.7387312186978298
xes3g5m,learner_based,0,708,15,0.363815983136495,3.4339872044851463,0.2333333333333332,1.0,30.0,0.3578248626574783
xes3g5m,learner_based,0,709,81,0.0253603907279026,5.652489180268651,0.0070422535211267,2.0,284.0,0.2814193246053363
xes3g5m,learner_based,0,71,822,0.2174159549972621,7.932721027481948,0.2196697774587221,3.0,2442.0,0.7919799498746867
xes3g5m,learner_based,0,710,17,0.364160932983984,3.8501476017100575,0.5652173913043479,2.0,46.0,0.2418546365914786
xes3g5m,learner_based,0,711,19,0.1262285129020088,4.143134726391533,0.0806451612903226,1.0,62.0,0.2279739415316253
xes3g5m,learner_based,0,712,32,4.567650272012505e-07,4.61512051684126,0.61,1.0,62.0,0.9849624060150376
xes3g5m,learner_based,0,713,180,0.2530463867503891,6.511745329644728,0.3229166666666666,1.0,665.0,0.9147869674185464
xes3g5m,learner_based,0,714,39,0.1262586842744778,4.68213122712422,0.102803738317757,1.0,107.0,0.2353923205342237
xes3g5m,learner_based,0,715,33,0.1481710715275822,4.418840607796598,0.097560975609756,2.0,82.0,0.2994987468671679
xes3g5m,learner_based,0,716,15,0.286974836885929,3.7612001156935615,0.2619047619047618,2.0,35.0,0.951159187079087
xes3g5m,learner_based,0,717,7,0.1426326006187439,3.258096538021482,0.04,1.0,24.0,0.9899749373433584
xes3g5m,learner_based,0,718,10,3.231975700379586e-05,3.091042453358316,0.0476190476190476,3.0,19.0,0.9573934837092732
xes3g5m,learner_based,0,719,21,0.069907336007981,4.691347882229144,0.037037037037037,2.0,108.0,0.7807938042100242
xes3g5m,learner_based,0,72,1078,0.0426164795166783,8.232440158470336,0.151595744680851,8.0,3088.0,0.6494156928213689
xes3g5m,learner_based,0,720,30,0.3366108279675245,4.6443908991413725,0.4660194174757281,1.0,84.0,0.4453441295546558
xes3g5m,learner_based,0,721,46,0.236669266677421,5.262690188904886,0.2760416666666666,1.0,192.0,0.5538847117794486
xes3g5m,learner_based,0,722,11,0.4523718716915357,3.951243718581428,0.5098039215686274,2.0,51.0,0.2681704260651629
xes3g5m,learner_based,0,723,22,0.1325368887998841,4.189654742026425,0.1384615384615384,2.0,65.0,0.1986644407345576
xes3g5m,learner_based,0,725,12,0.3223406253188537,3.8501476017100575,0.2608695652173913,4.0,42.0,0.4373433583959899
xes3g5m,learner_based,0,726,22,0.0320663579780578,3.8501476017100575,0.0434782608695651,1.0,46.0,0.3219212471914343
xes3g5m,learner_based,0,727,20,0.0001098304119897,4.406719247264253,0.0987654320987654,1.0,80.0,0.962406015037594
xes3g5m,learner_based,0,728,31,0.1185164518894687,4.624972813284271,0.0396039603960396,1.0,101.0,0.7042606516290727
xes3g5m,learner_based,0,729,14,1.989769970938455e-05,3.871201010907891,0.0851063829787234,1.0,47.0,0.9974937343358397
xes3g5m,learner_based,0,73,15354,0.0480332318473729,10.900860451658485,0.1643613293497104,101.0,10024.0,0.7944862155388471
xes3g5m,learner_based,0,730,10,0.2242512922268361,3.80666248977032,0.6136363636363636,2.0,44.0,0.4085213032581453
xes3g5m,learner_based,0,731,10,0.2017712775617838,3.218875824868201,0.125,1.0,24.0,0.3171953255425709
xes3g5m,learner_based,0,732,29,0.0017627546969791,4.394449154672439,0.0124999999999999,1.0,80.0,0.2405010857695156
xes3g5m,learner_based,0,733,36,0.0781168422773573,4.59511985013459,0.0612244897959183,2.0,98.0,0.3131514094083288
xes3g5m,learner_based,0,734,60,8.271857307086836e-05,4.962844630259907,0.0915492957746478,2.0,106.0,0.2979966611018364
xes3g5m,learner_based,0,735,26,0.000214641576897,3.828641396489095,0.0888888888888889,1.0,45.0,0.3408521303258145
xes3g5m,learner_based,0,736,26,0.2774554314091801,3.8501476017100575,0.1521739130434782,1.0,46.0,0.3446115288220551
xes3g5m,learner_based,0,737,15,0.0195762120187282,3.4339872044851463,0.1333333333333333,1.0,29.0,0.4173622704507512
xes3g5m,learner_based,0,738,15,0.0930661559104919,3.4011973816621555,0.0689655172413793,1.0,29.0,0.4156928213689482
xes3g5m,learner_based,0,739,2,0.0003468394279479,2.302585092994046,0.0,1.0,9.0,0.7729549248747913
xes3g5m,learner_based,0,74,1528,0.2642553815973362,8.575462099540212,0.4368748820532175,8.0,4877.0,0.5433070866141733
xes3g5m,learner_based,0,740,14,0.4020450833538364,3.9318256327243257,0.76,1.0,50.0,0.9649415692821368
xes3g5m,learner_based,0,741,53,0.3053961709704039,5.220355825078324,0.5380434782608696,2.0,184.0,0.9658979780626404
xes3g5m,learner_based,0,742,53,2.547913117471232e-07,5.220355825078324,0.5380434782608696,2.0,184.0,0.9682804674457428
xes3g5m,learner_based,0,743,4,4.62412172260565e-07,3.4657359027997265,0.7741935483870968,1.0,31.0,0.973288814691152
xes3g5m,learner_based,0,744,19,0.2483860601021565,4.127134385045092,0.6721311475409837,2.0,61.0,0.962406015037594
xes3g5m,learner_based,0,745,11,0.5524792293594643,3.4011973816621555,0.3793103448275862,1.0,29.0,0.7952755905511811
xes3g5m,learner_based,0,746,15,0.1161220461130142,3.6375861597263857,0.081081081081081,1.0,37.0,0.9048414023372288
xes3g5m,learner_based,0,747,15,0.2734663084149361,3.6375861597263857,0.2162162162162162,1.0,37.0,0.9031719532554258
xes3g5m,learner_based,0,748,13,1.725788292620949e-05,3.8501476017100575,0.1739130434782608,1.0,45.0,0.9542694517191856
xes3g5m,learner_based,0,749,12,0.3738473566869895,3.8501476017100575,0.108695652173913,1.0,46.0,0.954915448822306
xes3g5m,learner_based,0,75,102,0.0850648258575328,5.730099782973574,0.0553745928338762,3.0,305.0,0.7178631051752922
xes3g5m,learner_based,0,750,13,0.2476393756716369,4.127134385045092,0.7049180327868853,1.0,60.0,0.6716791979949874
xes3g5m,learner_based,0,751,20,0.1393043965101242,4.290459441148391,0.2222222222222222,3.0,72.0,0.6001669449081803
xes3g5m,learner_based,0,752,2,3.671646118164063e-05,2.833213344056216,0.125,1.0,16.0,0.4165275459098497
xes3g5m,learner_based,0,753,2,2.264976501464844e-06,2.833213344056216,0.0,1.0,16.0,0.3772954924874791
xes3g5m,learner_based,0,754,10,0.0004068220889167,3.4011973816621555,0.1034482758620689,1.0,29.0,0.9949874686716792
xes3g5m,learner_based,0,755,15,0.4368319066241383,3.80666248977032,0.4318181818181817,2.0,39.0,0.9282283154443888
xes3g5m,learner_based,0,756,16,0.2993048569187522,4.02535169073515,0.3272727272727272,2.0,43.0,0.9365609348914858
xes3g5m,learner_based,0,757,4,0.4783456176519394,3.091042453358316,0.2380952380952381,1.0,21.0,0.9315525876460768
xes3g5m,learner_based,0,758,11,0.0040765643670139,3.737669618283368,0.2439024390243902,3.0,39.0,0.4235588972431077
xes3g5m,learner_based,0,759,11,0.0170826478437944,3.5263605246161616,0.0909090909090909,1.0,33.0,0.7662771285475793
xes3g5m,learner_based,0,76,5503,0.1004799801247695,9.873492155000728,0.1341714756801318,19.0,7233.0,0.5444248362845356
xes3g5m,learner_based,0,760,13,0.3539346823325524,3.49650756146648,0.21875,2.0,28.0,0.8972431077694235
xes3g5m,learner_based,0,761,10,0.1160625640302896,4.007333185232471,0.1851851851851852,2.0,54.0,0.5068890925142573
xes3g5m,learner_based,0,762,9,0.0513287342617458,3.784189633918261,0.0465116279069767,1.0,43.0,0.4941569282136895
xes3g5m,learner_based,0,763,12,0.1665925232908885,4.143134726391533,0.0483870967741935,2.0,54.0,0.4931109074857427
xes3g5m,learner_based,0,764,11,1.1735115880292826e-05,3.970291913552122,0.1153846153846154,1.0,52.0,0.4947824486090016
xes3g5m,learner_based,0,765,41,0.0720828238380803,4.969813299576001,0.0069930069930069,2.0,143.0,0.3508771929824561
xes3g5m,learner_based,0,766,10,0.2318699264898896,3.688879454113936,0.1025641025641025,1.0,39.0,0.6060100166944908
xes3g5m,learner_based,0,767,12,0.2415104468818754,3.1354942159291497,0.0909090909090909,1.0,20.0,0.9879562186716792
xes3g5m,learner_based,0,768,11,0.2423599683507663,3.58351893845611,0.6,1.0,35.0,0.2556390977443609
xes3g5m,learner_based,0,769,10,0.0028227150440216,2.70805020110221,0.0714285714285714,1.0,14.0,0.9736842105263156
xes3g5m,learner_based,0,77,5304,0.1451620163834199,9.832313733081604,0.1823892617449664,24.0,6976.0,0.5375626043405676
xes3g5m,learner_based,0,770,14,0.5243536986942803,3.80666248977032,0.5227272727272727,1.0,44.0,0.994991652754591
xes3g5m,learner_based,0,771,14,0.0714195667285375,3.80666248977032,0.0,1.0,44.0,0.9949874686716792
xes3g5m,learner_based,0,772,29,2.8613086166681465e-07,4.543294782270004,0.1397849462365591,1.0,93.0,0.9699248120300752
xes3g5m,learner_based,0,773,36,0.1878587971958848,4.812184355372417,0.139344262295082,2.0,122.0,0.314404542240409
xes3g5m,learner_based,0,774,2,0.63123369961977,2.302585092994046,0.5555555555555556,2.0,8.0,0.4173622704507512
xes3g5m,learner_based,0,775,18,0.0007399243703206,3.8501476017100575,0.0434782608695651,2.0,24.0,0.9540901502504172
xes3g5m,learner_based,0,776,4,1.0334766387121164e-06,3.091042453358316,0.0,2.0,19.0,0.9674185463659148
xes3g5m,learner_based,0,777,9,0.4357940554618835,3.091042453358316,0.2380952380952381,1.0,20.0,0.9699248120300752
xes3g5m,learner_based,0,778,8,0.348783927668137,3.1780538303479458,0.9130434782608696,1.0,20.0,0.3408521303258145
xes3g5m,learner_based,0,779,10,0.0073993522045213,3.4011973816621555,0.2413793103448276,2.0,29.0,0.9949874686716792
xes3g5m,learner_based,0,78,27722,0.0882888406424213,11.488602034223852,0.187804828066724,140.0,10302.0,0.6215538847117794
xes3g5m,learner_based,0,780,16,0.315974410623312,4.158883083359672,0.3015873015873016,3.0,37.0,0.8981636060100167
xes3g5m,learner_based,0,781,6,0.5106273597727218,3.713572066704308,0.375,1.0,40.0,0.9782971619365608
xes3g5m,learner_based,0,782,2,0.4912338256835937,1.9459101490553128,0.5,1.0,6.0,0.33811841246953
xes3g5m,learner_based,0,783,27,0.0347401400407155,4.499809670330265,0.0674157303370787,2.0,89.0,0.9774436090225564
xes3g5m,learner_based,0,784,4,0.3323612585663795,2.772588722239781,0.4666666666666667,4.0,15.0,0.7909887359198998
xes3g5m,learner_based,0,785,24,0.041112673394946,4.330733340286331,0.5066666666666666,3.0,75.0,0.8070175438596491
xes3g5m,learner_based,0,786,53,0.2531959398072773,5.327876168789581,0.473170731707317,1.0,130.0,0.543859649122807
xes3g5m,learner_based,0,787,1,3.5762786876336605e-07,2.4849066497880004,0.0,1.0,11.0,0.9515859766277128
xes3g5m,learner_based,0,788,8,1.0577423286473042e-05,2.833213344056216,0.0,1.0,15.0,0.9791318864774624
xes3g5m,learner_based,0,79,411,0.181154669337813,7.127693699347399,0.1759036144578313,8.0,939.0,0.7443609022556391
xes3g5m,learner_based,0,796,2,0.323347955942154,2.302585092994046,0.3333333333333333,1.0,9.0,0.7268170426065163
xes3g5m,learner_based,0,797,2,0.499961256980896,2.4849066497880004,0.0,1.0,11.0,0.5108514190317195
xes3g5m,learner_based,0,798,3,0.0006517171859741,2.4849066497880004,0.2727272727272727,1.0,11.0,0.4574290484140234
xes3g5m,learner_based,0,799,5,0.0038437294890172,2.772588722239781,0.4666666666666667,2.0,14.0,0.6844741235392321
xes3g5m,learner_based,0,8,1394,0.0551555969199918,8.449770515098804,0.1382409586989086,13.0,4027.0,0.3589315525876461
xes3g5m,learner_based,0,80,739,0.1049062984066741,7.87777633327726,0.1626848691695108,11.0,1701.0,0.7218045112781954
xes3g5m,learner_based,0,800,1,0.0002290360425831,0.6931471805599453,1.0,1.0,1.0,0.8320802005012531
xes3g5m,learner_based,0,801,1,3.5762786876336605e-07,2.302585092994046,0.1111111111111111,4.0,6.0,0.9072681704260652
xes3g5m,learner_based,0,802,1,0.0005106925964355,2.079441541679836,0.2857142857142857,3.0,7.0,0.9674185463659148
xes3g5m,learner_based,0,803,1,0.9691267609596252,0.6931471805599453,0.0,1.0,1.0,0.9799498746867168
xes3g5m,learner_based,0,804,5,0.1985146403312683,2.3978952727983707,0.0,1.0,10.0,0.9849749582637728
xes3g5m,learner_based,0,805,4,0.2495242357254028,2.4849066497880004,0.0909090909090909,1.0,11.0,0.986644407345576
xes3g5m,learner_based,0,806,4,0.0155854523181915,2.3978952727983707,0.0999999999999999,1.0,10.0,0.9874791318864776
xes3g5m,learner_based,0,807,2,1.5676021576038757e-05,2.079441541679836,0.0,1.0,7.0,0.9912390488110138
xes3g5m,learner_based,0,808,2,0.0436152219772338,0.6931471805599453,0.0,1.0,1.0,0.9348370927318296
xes3g5m,learner_based,0,809,7,0.0419077447482517,4.007333185232471,0.074074074074074,2.0,54.0,0.6654135338345865
xes3g5m,learner_based,0,81,12365,0.1031699002195205,10.670953397338373,0.1883486132064523,59.0,9555.0,0.5889724310776943
xes3g5m,learner_based,0,810,3,0.3245723477254311,2.3978952727983707,0.3,1.0,10.0,0.3920820414977343
xes3g5m,learner_based,0,82,2303,0.1344279408686613,8.983565234427923,0.2376411543287327,40.0,2805.0,0.7343358395989975
xes3g5m,learner_based,0,820,18,0.1828301692019319,4.04305126783455,0.3928571428571429,1.0,56.0,0.4310776942355889
xes3g5m,learner_based,0,821,42,0.1274331034648985,4.969813299576001,0.1398601398601399,3.0,132.0,0.4135338345864661
xes3g5m,learner_based,0,822,11,0.116282045841217,4.356708826689592,0.2337662337662337,2.0,53.0,0.6541353383458647
xes3g5m,learner_based,0,823,11,8.546361747442598e-05,4.356708826689592,0.2337662337662337,2.0,53.0,0.656641604010025
xes3g5m,learner_based,0,824,22,0.140113193732263,4.934473933130692,0.2318840579710145,4.0,85.0,0.6578947368421053
xes3g5m,learner_based,0,825,7,0.3254857670648821,2.833213344056216,0.375,1.0,16.0,0.7882205513784462
xes3g5m,learner_based,0,826,27,3.355536969580028e-07,4.499809670330265,0.2696629213483146,1.0,89.0,0.93734335839599
xes3g5m,learner_based,0,827,42,0.277839437856095,4.927253685157205,0.3941605839416058,2.0,106.0,0.949874686716792
xes3g5m,learner_based,0,828,29,0.4838856232577357,4.663439094112067,0.5142857142857142,2.0,105.0,0.9523809523809524
xes3g5m,learner_based,0,83,1070,0.1491210776722825,8.236950048061455,0.3468361133174477,19.0,1672.0,0.6741854636591479
xes3g5m,learner_based,0,830,18,0.3169282298638589,4.262679877041316,0.4428571428571428,1.0,70.0,0.9461152882205514
xes3g5m,learner_based,0,831,10,0.3665257399432449,3.258096538021482,0.76,1.0,25.0,0.6140350877192983
xes3g5m,learner_based,0,832,27,0.3679779443320714,4.31748811353631,0.6351351351351351,2.0,74.0,0.9398496240601504
xes3g5m,learner_based,0,833,5,0.4426620885729789,2.772588722239781,0.7333333333333334,1.0,15.0,0.3609022556390977
xes3g5m,learner_based,0,834,5,1.0593576735118405e-05,2.772588722239781,0.7333333333333334,1.0,15.0,0.3659147869674185
xes3g5m,learner_based,0,836,9,0.1111012167127511,3.58351893845611,1.0,1.0,35.0,0.7694235588972431
xes3g5m,learner_based,0,838,2,0.4958018660545348,0.6931471805599453,0.0,1.0,1.0,0.7694235588972431
xes3g5m,learner_based,0,839,3,0.5089658896128336,2.772588722239781,0.6,3.0,15.0,0.4185463659147869
xes3g5m,learner_based,0,84,544,0.1586299489490824,7.576097340623111,0.1656410256410256,6.0,1640.0,0.7278797996661102
xes3g5m,learner_based,0,841,2,0.1940831467509269,1.3862943611198906,0.6666666666666667,1.0,3.0,0.347245409015025
xes3g5m,learner_based,0,844,1,0.0006822150899097,1.791759469228055,1.0,1.0,5.0,0.556390977443609
xes3g5m,learner_based,0,845,1,0.0001507997512816,1.791759469228055,0.0,1.0,5.0,0.5588972431077694
xes3g5m,learner_based,0,846,1,0.042385034263134,1.6094379124341005,0.75,1.0,4.0,0.7886954447889339
xes3g5m,learner_based,0,848,1,5.781650543201789e-05,1.9459101490553128,0.3333333333333333,2.0,6.0,0.8546365914786967
xes3g5m,learner_based,0,849,2,0.8264464139938354,2.6390573296152584,0.4615384615384615,1.0,13.0,0.5614035087719298
xes3g5m,learner_based,0,85,426,0.1765943928717355,7.372118028337787,0.3446540880503145,10.0,820.0,0.7393483709273183
xes3g5m,learner_based,0,850,2,0.4999561309814453,1.9459101490553128,0.0,2.0,3.0,0.9862155388471178
xes3g5m,learner_based,0,858,1,7.390975952037415e-06,1.791759469228055,0.1999999999999999,1.0,5.0,0.556390977443609
xes3g5m,learner_based,0,859,1,1.1920928955078125e-07,2.302585092994046,0.2222222222222222,1.0,9.0,0.6741854636591479
xes3g5m,learner_based,0,86,2080,0.1684432062544286,8.969796305981806,0.276046304541407,28.0,2396.0,0.7212020033388982
xes3g5m,learner_based,0,87,1983,0.2010216621093191,8.88723835429314,0.2894445979552362,9.0,5488.0,0.9448621553884712
xes3g5m,learner_based,0,88,9375,0.1039781568144851,10.467891857203348,0.1919981801120368,52.0,9360.0,0.9415692821368948
xes3g5m,learner_based,0,89,236,4.004279206190716e-05,6.70196036600254,0.2952029520295203,2.0,642.0,0.8696741854636592
xes3g5m,learner_based,0,9,7120,0.1479947679812328,10.095924443071176,0.2050901291094337,50.0,9529.0,0.3350340136054421
xes3g5m,learner_based,0,90,28,0.2232961963329995,4.812184355372417,0.4672131147540983,1.0,121.0,0.7741118237999004
xes3g5m,learner_based,0,91,7206,0.093011450400833,10.184258296685131,0.2385016237444301,21.0,7890.0,0.9172932330827068
xes3g5m,learner_based,0,92,1441,0.1082122834188647,8.566173813637858,0.1737142857142857,28.0,2611.0,0.7744360902255639
xes3g5m,learner_based,0,93,920,0.0212668473487158,8.113426639943654,0.2726183343319353,9.0,2419.0,0.7863105175292153
xes3g5m,learner_based,0,94,259,0.0540253328182883,6.799055862058796,0.0591517857142857,3.0,894.0,0.7945719892385388
xes3g5m,learner_based,0,95,316,0.0415075327022166,7.1049654482698426,0.0402629416598192,1.0,1215.0,0.7734553775743707
xes3g5m,learner_based,0,96,808,0.0131612823242816,7.970049304976135,0.1061549100968187,6.0,2348.0,0.7979966611018364
xes3g5m,learner_based,0,97,368,0.08855448183801,7.226936018493289,0.1032727272727273,3.0,1121.0,0.7972465581977471
xes3g5m,learner_based,0,98,1362,0.0509256589021133,8.57772369115627,0.2234983995481076,14.0,2430.0,0.7796327212020033
xes3g5m,learner_based,0,99,3111,0.0889205919575378,9.292933670280036,0.2168508287292817,21.0,3363.0,0.8400806784118388
xes3g5m,temporal,0,0,1569,0.2263326171603513,8.736168065858228,0.306925919974289,6.0,3589.0,0.4834123222748815
xes3g5m,temporal,0,1,4546,0.1636077749980577,8.261526448396468,0.2570395246706277,5.0,3382.0,0.4261168384879725
xes3g5m,temporal,0,10,15080,0.1857599920585152,10.089178426799686,0.2610880398671096,38.0,6813.0,0.4803149606299212
xes3g5m,temporal,0,100,772,0.3585200547689107,6.78897174299217,0.2220969560315671,8.0,408.0,0.9707602339181286
xes3g5m,temporal,0,101,2886,0.3698033812536711,7.455876687491824,0.2296124927703875,9.0,1145.0,0.9754224270353302
xes3g5m,temporal,0,102,142,0.501194519843434,10.27577498483828,0.1962095106822881,34.0,5642.0,0.925601750547046
xes3g5m,temporal,0,103,7,0.2017865446415872,7.05617528410041,0.2398619499568594,9.0,722.0,0.9848024316109424
xes3g5m,temporal,0,104,12081,0.1550353519782732,8.942068693044225,0.1494899293748365,36.0,1368.0,0.9710863863617736
xes3g5m,temporal,0,105,798,0.1443617355106669,5.8805329864007,0.1792717086834734,4.0,309.0,0.9812332439678284
xes3g5m,temporal,0,106,2442,0.1403763703809142,9.780811314668616,0.1270774448841153,23.0,8737.0,0.4904458598726114
xes3g5m,temporal,0,107,523,0.1557902099785482,5.820082930352362,0.1755952380952381,10.0,201.0,0.9895938910401344
xes3g5m,temporal,0,108,2035,0.2032895186766827,10.527873977525282,0.1991108968693928,18.0,10111.0,0.5
xes3g5m,temporal,0,109,194,0.2010490897339024,10.634002769564812,0.2070468667212561,16.0,9844.0,0.5073891625615764
xes3g5m,temporal,0,11,6252,0.0289246678471854,9.446360661104071,0.2083563699549798,20.0,7179.0,0.4742268041237113
xes3g5m,temporal,0,111,60,0.2267478537972214,6.61338421837956,0.1586021505376343,3.0,739.0,0.4511906507215113
xes3g5m,temporal,0,112,18442,0.2386937711547102,6.981934677156389,0.1598513011152416,19.0,734.0,0.5233518245971546
xes3g5m,temporal,0,114,11122,0.2830708680113868,6.257667587882639,0.1401151631477927,3.0,520.0,0.6763754045307443
xes3g5m,temporal,0,115,4983,0.2017466784694531,6.257667587882639,0.1401151631477927,3.0,520.0,0.6835106382978723
xes3g5m,temporal,0,117,231,0.0907263157171604,9.157150543462064,0.2071511443940512,31.0,5556.0,0.6237623762376238
xes3g5m,temporal,0,119,1857,0.3392926709636428,9.273690687476943,0.1529146719234019,11.0,5929.0,0.4210526315789473
xes3g5m,temporal,0,12,19,0.2260756906678005,9.502786080276984,0.3201702000597193,20.0,6079.0,0.5157232704402516
xes3g5m,temporal,0,120,1641,0.3003852354352639,6.410174881966167,0.1943986820428336,4.0,252.0,0.3687821612349914
xes3g5m,temporal,0,121,1724,0.2609663237232381,9.74572201363806,0.175351288056206,18.0,9709.0,0.542136968928345
xes3g5m,temporal,0,126,1831,0.3905701984660589,5.793013608384144,0.2752293577981651,2.0,252.0,0.534453781512605
xes3g5m,temporal,0,127,12225,0.2011942703839522,7.452402451223638,0.2849680789320952,12.0,446.0,0.4673629242819843
xes3g5m,temporal,0,128,7102,0.2369506950623586,7.080867896690782,0.3156565656565656,11.0,390.0,0.5179029304029305
xes3g5m,temporal,0,13,1,0.5,8.828201089171515,0.2018173823831159,9.0,4792.0,0.5024390243902439
xes3g5m,temporal,0,132,3522,0.4266165831549683,9.09638749190015,0.3040798027348128,27.0,4969.0,0.4536211663178565
xes3g5m,temporal,0,133,1449,0.1815593224121283,7.6236419465115715,0.2229828850855746,14.0,1141.0,0.917391304347826
xes3g5m,temporal,0,134,6359,0.2448397699696872,8.69165057315339,0.1512096774193548,10.0,5270.0,0.8180122093422046
xes3g5m,temporal,0,135,17304,0.2492968184907366,6.656726524178391,0.0772200772200771,1.0,767.0,0.9146341463414634
xes3g5m,temporal,0,136,482,0.2368374722955094,2.3978952727983707,0.0999999999999999,1.0,10.0,0.9856595904693536
xes3g5m,temporal,0,138,69586,0.2810827418719051,8.402679804627477,0.3423059668012561,24.0,1900.0,0.8501850161913233
xes3g5m,temporal,0,139,2560,0.3371712293781871,10.231567529594749,0.1665406086799927,44.0,12808.0,0.4705882352941176
xes3g5m,temporal,0,14,28056,0.1062852765648005,8.32457884513685,0.2823186999757457,9.0,2703.0,0.6286919831223629
xes3g5m,temporal,0,140,37799,0.228047508291069,9.36947859331448,0.2412146025247356,26.0,8509.0,0.3801868112947658
xes3g5m,temporal,0,141,398,0.2647989245064921,8.638525476583762,0.2772856130403969,8.0,5301.0,0.3866646157815608
xes3g5m,temporal,0,142,2,0.3185065984725952,9.9626522857041,0.2543595060797436,38.0,9203.0,0.3506818322692617
xes3g5m,temporal,0,144,109,0.2265115369969996,9.408453253565146,0.3047579983593109,14.0,6831.0,0.3509438546333912
xes3g5m,temporal,0,145,1,0.0427062511444091,9.378985497953892,0.3145488340655626,30.0,6233.0,0.325870231133389
xes3g5m,temporal,0,146,68,0.283652891035692,9.45053767785622,0.2159037281736668,41.0,7137.0,0.3622943263644902
xes3g5m,temporal,0,147,2,0.0001271069049835,9.95237295026594,0.2108471025189277,25.0,8963.0,0.8568738229755178
xes3g5m,temporal,0,148,581,0.1251357365688132,9.708870717648022,0.2036812051998542,37.0,6845.0,0.4324324324324324
xes3g5m,temporal,0,149,4,0.7199394795752596,9.059168584174444,0.2686133085155886,40.0,4045.0,0.5
xes3g5m,temporal,0,15,325,0.1241466297766337,8.013343181386672,0.1950331125827814,8.0,2795.0,0.5155283246283648
xes3g5m,temporal,0,151,2,0.8647791892290115,8.12355783506165,0.4362396204033214,6.0,2996.0,0.4488200326056701
xes3g5m,temporal,0,152,1,0.972146451473236,8.991313336173812,0.2389193227091633,15.0,5703.0,0.4557334357923497
xes3g5m,temporal,0,153,2,0.0053705775058745,8.688622307043769,0.3663633299629255,8.0,5277.0,0.4440293826575415
xes3g5m,temporal,0,154,3,0.3790497779846191,9.332911924364364,0.1726090418472972,22.0,6174.0,0.453804347826087
xes3g5m,temporal,0,155,79,0.2356356484226033,11.56204890692978,0.2712740636365367,100.0,14629.0,0.4273430337444178
xes3g5m,temporal,0,156,5,0.5937016773488722,8.53503310954457,0.249361367655728,3.0,5058.0,0.4594594594594595
xes3g5m,temporal,0,157,24,0.3996804389171302,10.293737494837812,0.2686996547756041,28.0,12200.0,0.7129396724687946
xes3g5m,temporal,0,158,4,0.2030908611577615,8.160803920954665,0.2697142857142857,2.0,3486.0,0.4550641025641025
xes3g5m,temporal,0,159,4,0.0975081417709588,7.762596048540069,0.1085106382978723,2.0,2341.0,0.4647333173881847
xes3g5m,temporal,0,16,1937,0.3819751562040125,9.678968055041988,0.2151843274707392,24.0,5821.0,0.4752941176470588
xes3g5m,temporal,0,160,20,0.0998311519622802,9.464594918315443,0.1330076004343104,9.0,8660.0,0.4953161335614935
xes3g5m,temporal,0,161,22,0.2255545064067105,9.781658844170996,0.3528946625247106,7.0,8428.0,0.545774647887324
xes3g5m,temporal,0,162,275,0.1318874860236274,10.311781987654452,0.2426206621459912,33.0,13492.0,0.5658914728682171
xes3g5m,temporal,0,163,594,0.3781660088880444,8.889308319842847,0.4669791810285399,5.0,5742.0,0.5636363636363636
xes3g5m,temporal,0,164,32,0.2160751504507061,10.0715834020661,0.1633558748943364,24.0,7828.0,0.5845341417161525
xes3g5m,temporal,0,165,1253,0.2672960498260327,10.139231385826076,0.2035866645599621,33.0,12108.0,0.573152530032763
xes3g5m,temporal,0,166,29884,0.1449737425144201,10.931122859815252,0.2022437732608073,72.0,13686.0,0.6351931330472103
xes3g5m,temporal,0,167,6319,0.2127055280333232,9.058004710672485,0.1920568367109247,11.0,7548.0,0.6171746080858086
xes3g5m,temporal,0,168,31,0.1670352896870744,10.7247640608066,0.2187080739877274,58.0,14448.0,0.6584362139917695
xes3g5m,temporal,0,169,500,0.1968367163320071,9.730918287184853,0.2221760057044387,13.0,9108.0,0.6674876847290641
xes3g5m,temporal,0,17,6037,0.0033223168475798,8.022568946988255,0.1879921259842519,9.0,2796.0,0.4981411611868928
xes3g5m,temporal,0,170,18672,0.1341868595361771,10.0411603576612,0.2369395669034029,33.0,12460.0,0.5751633986928104
xes3g5m,temporal,0,171,11,0.1925138484009287,8.854807632616227,0.2581704010275438,2.0,6007.0,0.6531365313653137
xes3g5m,temporal,0,172,38,0.2037409634427412,10.204369620451851,0.2891931902294596,34.0,11520.0,0.5574468085106383
xes3g5m,temporal,0,173,2845,0.1451514616046826,8.85978949474541,0.2340244248792956,15.0,5925.0,0.6570838252656435
xes3g5m,temporal,0,174,71,0.0828046326486157,9.313618721429684,0.1869757373500495,17.0,8161.0,0.7350597609561753
xes3g5m,temporal,0,175,970,0.1276999139641886,9.28720881623276,0.1619744397110576,11.0,4669.0,0.6747935550979685
xes3g5m,temporal,0,176,8552,0.2106652387908287,8.909370405197466,0.3739189189189189,3.0,6150.0,0.6971316952811761
xes3g5m,temporal,0,177,4374,0.0566468411658008,10.523606946562516,0.2080038728416976,49.0,10798.0,0.6959155988194101
xes3g5m,temporal,0,178,11,0.0001668952907909,9.019785010255124,0.2241045498547919,2.0,6969.0,0.6818181818181818
xes3g5m,temporal,0,179,1039,0.2247300948867441,10.803364309142028,0.2324895801565517,44.0,14045.0,0.6824146981627297
xes3g5m,temporal,0,18,36296,0.0630817848151568,11.640394770216032,0.1706076025142172,114.0,16578.0,0.5576407506702413
xes3g5m,temporal,0,180,39811,0.2133698940296062,9.584589972931424,0.1932865593616728,29.0,8415.0,0.6723404255319149
xes3g5m,temporal,0,181,11,0.5837389518485658,8.999001866111735,0.3902891030392883,6.0,6451.0,0.746268656716418
xes3g5m,temporal,0,182,13,0.3628677039478833,9.287301413112312,0.2596536716362626,14.0,7347.0,0.7443946188340808
xes3g5m,temporal,0,183,115,0.2122263288955487,10.869082602094426,0.2123139016867836,58.0,10208.0,0.7730496453900709
xes3g5m,temporal,0,184,16,0.4262073205318302,9.06126014896203,0.2241699558857673,9.0,6381.0,0.7057052441229656
xes3g5m,temporal,0,185,8,0.6412245482206345,8.70251025718999,0.2243643011467508,2.0,4581.0,0.808695652173913
xes3g5m,temporal,0,186,6,0.1414713462193807,7.791109510610028,0.2650951199338296,1.0,2416.0,0.8003831417624521
xes3g5m,temporal,0,187,55,0.2564603862268003,10.41205061864786,0.1791803229395315,40.0,13104.0,0.7720588235294118
xes3g5m,temporal,0,188,32,0.3511988364625722,10.710878178453925,0.1867528991971454,62.0,14319.0,0.7340624750976174
xes3g5m,temporal,0,189,4978,0.0823844011161502,8.899048433885268,0.1044511196067722,14.0,7047.0,0.9302325581395348
xes3g5m,temporal,0,190,12,0.4730591898163159,8.20303024171486,0.2024102985483429,5.0,2614.0,0.9826388888888888
xes3g5m,temporal,0,191,1,0.9724607467651368,7.612336837167746,0.062809099901088,2.0,1954.0,0.8867460853994993
xes3g5m,temporal,0,192,34,0.1069388514494194,9.40640045488065,0.0695437731196054,20.0,3348.0,0.9140127388535032
xes3g5m,temporal,0,193,3,0.3414097925027211,8.440959885416648,0.0813903281519862,3.0,2693.0,0.8888888888888888
xes3g5m,temporal,0,194,4,0.4157069474458694,8.064636475774222,0.1736395092796476,4.0,2128.0,0.8767123287671232
xes3g5m,temporal,0,195,125,0.0622151298522949,7.669961995473577,0.0396825396825396,4.0,1765.0,0.8859416445623343
xes3g5m,temporal,0,196,9,0.2051187621222601,7.919356190660617,0.1851582393597671,10.0,2001.0,0.8879551820728291
xes3g5m,temporal,0,197,5,0.5820085768434639,7.43307534889858,0.4704142011834319,4.0,1654.0,0.8736416774547879
xes3g5m,temporal,0,198,65,0.1722901273805361,9.568643988906736,0.1515236231478892,50.0,3278.0,0.9169435215946844
xes3g5m,temporal,0,199,10,0.0135752231884225,8.382747094863314,0.148741418764302,13.0,2631.0,0.920127592019129
xes3g5m,temporal,0,2,34925,0.0840192428243974,9.492808877375076,0.1383548216843851,14.0,5501.0,0.4256559766763848
xes3g5m,temporal,0,20,1,0.8836613819003106,9.017726025696795,0.2774342185036983,21.0,1997.0,0.5788336933045356
xes3g5m,temporal,0,200,61,0.1386130873083335,9.4054136126953,0.1785567349625606,35.0,5628.0,0.6879194630872483
xes3g5m,temporal,0,201,8,0.3046946637332439,6.901737206656574,0.1863041289023161,1.0,818.0,0.9356060606060606
xes3g5m,temporal,0,202,20,0.0233804106712341,8.160232492367689,0.1383647798742138,12.0,1991.0,0.8029206349206349
xes3g5m,temporal,0,203,1649,0.2088985874607318,9.600624158088683,0.2088946050226765,43.0,8519.0,0.4675324675324675
xes3g5m,temporal,0,204,7132,0.1206216726595135,8.757626411267408,0.2253853413022963,14.0,4678.0,0.6922237151494793
xes3g5m,temporal,0,205,6069,0.3540247361888737,6.86484777797086,0.4273772204806687,8.0,713.0,0.3057644110275689
xes3g5m,temporal,0,208,62558,0.1495113682062304,10.147060985361843,0.2522437781697041,55.0,5058.0,0.8541666666666666
xes3g5m,temporal,0,209,14424,0.2692918862011159,5.480638923341991,0.2468619246861925,3.0,225.0,0.8840336134453781
xes3g5m,temporal,0,211,6942,0.1021527991385179,7.504942068396171,0.2279735682819383,1.0,1798.0,0.9052005527812867
xes3g5m,temporal,0,212,17916,0.2107995217022983,7.759187438507795,0.266865926558497,10.0,2035.0,0.4501935080240357
xes3g5m,temporal,0,213,26227,0.1576030679721098,8.985820874482043,0.3201051577366048,16.0,4135.0,0.2594752186588921
xes3g5m,temporal,0,214,45041,0.2791667071527413,8.722417141427496,0.2745193874226133,19.0,4027.0,0.2392508951506188
xes3g5m,temporal,0,216,807,0.1087507596441407,8.40178233990491,0.3587786259541985,6.0,2861.0,0.2180974477958236
xes3g5m,temporal,0,217,7766,0.2631494354261746,5.777652323222656,0.3819875776397515,1.0,322.0,0.3261348797371488
xes3g5m,temporal,0,218,7477,0.3091089013191812,5.883322388488279,0.2625698324022346,3.0,358.0,0.3066155475729943
xes3g5m,temporal,0,219,4954,0.2559509459201684,0.6931471805599453,0.0,1.0,1.0,0.3740458015267175
xes3g5m,temporal,0,220,24447,0.1057816414733861,8.47407690034261,0.2276524644945697,14.0,1611.0,0.287153096091341
xes3g5m,temporal,0,221,5854,0.1857210338974374,8.226038429485484,0.2430406852248393,13.0,2597.0,0.4483671873185011
xes3g5m,temporal,0,222,35950,0.4595085114148454,5.25227342804663,0.6,2.0,190.0,0.2876409689932437
xes3g5m,temporal,0,223,19302,0.1373157954961864,7.390798521735676,0.1981481481481481,2.0,1620.0,0.3481719501456343
xes3g5m,temporal,0,224,4752,0.2875299271062991,7.531552381407289,0.1308310991957104,1.0,1864.0,0.717948717948718
xes3g5m,temporal,0,227,17090,0.1082471303207406,7.034387929915503,0.2081128747795414,5.0,757.0,0.9275653923541248
xes3g5m,temporal,0,228,1,0.5979882776737213,8.986571625268054,0.3576432324243183,11.0,4098.0,0.2278106508875739
xes3g5m,temporal,0,23,22790,0.1634044746576746,8.873748128154395,0.1194510572748914,16.0,4403.0,0.5240793201133145
xes3g5m,temporal,0,232,2,0.7332081198692322,10.613958801104268,0.2873851294903926,78.0,9949.0,0.3137254901960784
xes3g5m,temporal,0,235,1,9.120440154219978e-06,9.491828300264636,0.1476981132075472,12.0,5709.0,0.3307239805141089
xes3g5m,temporal,0,237,2147,0.1803789695301591,9.764168012286715,0.2221519714909759,22.0,9646.0,0.4610015368852459
xes3g5m,temporal,0,238,9173,0.3116300678162463,7.80994708647679,0.2792207792207792,4.0,2462.0,0.370281339031339
xes3g5m,temporal,0,239,20,0.2124892182648182,8.61993026886735,0.1444043321299639,20.0,3318.0,0.734411421911422
xes3g5m,temporal,0,24,46189,0.111389206116667,10.886763809190906,0.1438752034117053,61.0,14378.0,0.5283757338551859
xes3g5m,temporal,0,240,13,0.2682399185130355,9.14216859187285,0.2589935760171306,31.0,4737.0,0.4036437396275124
xes3g5m,temporal,0,241,9,0.2151959737141927,9.388988523403828,0.244500209117524,19.0,6675.0,0.7040498442367601
xes3g5m,temporal,0,242,336,0.2443085039163374,9.181940897454483,0.3093939705731042,21.0,3985.0,0.8141891891891891
xes3g5m,temporal,0,243,396,0.1766403793319683,9.36142922633904,0.1588993981083405,11.0,4041.0,0.3808150414110679
xes3g5m,temporal,0,244,1565,0.071764509496902,8.884333185202735,0.174172093667729,10.0,4254.0,0.3977272727272727
xes3g5m,temporal,0,246,77,0.3356349975933586,7.7306140660637395,0.2201230228471001,2.0,2177.0,0.4559005524861879
xes3g5m,temporal,0,247,3608,0.3163690079306457,7.912423121473705,0.3673992673992674,5.0,2711.0,0.4718309859154929
xes3g5m,temporal,0,248,2,0.4157226681709289,9.124455632819013,0.1852659110723626,20.0,6567.0,0.5463788336821435
xes3g5m,temporal,0,25,412,0.1898417053595323,9.137124309644925,0.2519100398149144,14.0,6604.0,0.4721311475409836
xes3g5m,temporal,0,251,8,0.1385183360833167,8.199189359078067,0.1875171844927138,4.0,3630.0,0.6
xes3g5m,temporal,0,252,69,0.2585777813776234,9.342771159156673,0.2036793692509855,29.0,5434.0,0.6556776556776557
xes3g5m,temporal,0,253,14,0.0918235451931545,8.773848885262895,0.223769730733519,14.0,4698.0,0.6579546571861787
xes3g5m,temporal,0,255,1,0.0019476413726807,7.4073177104694174,0.0461445051608986,2.0,1643.0,0.6156462585034014
xes3g5m,temporal,0,257,1028,0.1676478448404535,10.97255087224768,0.2368502369017372,76.0,4912.0,0.6738095238095239
xes3g5m,temporal,0,258,328,0.314257382207959,9.719624808723344,0.2683293269230768,19.0,4072.0,0.6697819314641744
xes3g5m,temporal,0,26,1615,0.0509441152930075,9.045111892608404,0.227701746106654,7.0,6768.0,0.5378029118624194
xes3g5m,temporal,0,260,174,0.1584016442748493,9.973479924356162,0.2394983449111847,39.0,4223.0,0.7004950495049505
xes3g5m,temporal,0,261,6,0.5671445435533922,9.92265272179714,0.2617973118807024,15.0,3728.0,0.6995248736005778
xes3g5m,temporal,0,262,2,0.422885738313198,9.347228624038303,0.1346589918018489,10.0,3566.0,0.7368421052631579
xes3g5m,temporal,0,263,4,0.3412409573793411,10.28442086845496,0.1725198141568734,35.0,4003.0,0.7441860465116279
xes3g5m,temporal,0,264,2,0.2513714730739594,9.258368340986763,0.2294347535983223,21.0,3708.0,0.7451737451737451
xes3g5m,temporal,0,265,3,0.3285021384557088,9.12750209366718,0.1223381138635375,16.0,6815.0,0.6967625480377315
xes3g5m,temporal,0,266,52750,0.1539062425484188,8.512984346642183,0.2695861791884291,5.0,2980.0,0.7835744361940262
xes3g5m,temporal,0,267,70,0.1973687021194823,7.489970898834801,0.3186137506987143,3.0,1786.0,0.7806603773584906
xes3g5m,temporal,0,269,1,1.6689300535999152e-06,7.026426808699636,0.1528888888888888,4.0,1124.0,0.7964601769911505
xes3g5m,temporal,0,27,56,0.153963916835242,6.075346031088684,0.2534562211981567,4.0,428.0,0.6603563833215184
xes3g5m,temporal,0,270,3202,0.4295948163692512,7.168579897264035,0.0809560524286815,3.0,1288.0,0.8112244897959183
xes3g5m,temporal,0,271,5,0.0085426807403564,9.276315360899716,0.1297631307929969,6.0,3936.0,0.868421052631579
xes3g5m,temporal,0,272,5026,0.1757662519103952,9.786841370416807,0.2223408439624655,37.0,7285.0,0.9539170506912442
xes3g5m,temporal,0,273,2,0.6905002593994141,6.848005274576363,0.0913921360255047,1.0,941.0,0.9586776859504132
xes3g5m,temporal,0,274,10,0.2443845920264721,6.984716320118266,0.1881371640407785,4.0,1001.0,0.8885350318471338
xes3g5m,temporal,0,275,4,0.1515474319458007,7.026426808699636,0.1368888888888888,6.0,974.0,0.9348914858096828
xes3g5m,temporal,0,276,8,0.0951720969751477,7.407924322559599,0.2178398058252427,11.0,1286.0,0.8899404761904761
xes3g5m,temporal,0,277,42,0.3679122829011509,7.703910209616311,0.088898916967509,10.0,892.0,0.8853065206445115
xes3g5m,temporal,0,279,566,0.3499369755961643,6.851184927493743,0.1048728813559322,9.0,775.0,0.9628033205619412
xes3g5m,temporal,0,28,452,0.1048251870564425,8.162516250140179,0.1451796919566457,8.0,1981.0,0.4643409995577178
xes3g5m,temporal,0,280,1,0.2869825363159179,6.786716950605081,0.2112994350282485,9.0,483.0,0.9829059829059827
xes3g5m,temporal,0,281,84,0.5241907642533382,4.04305126783455,0.0357142857142857,1.0,56.0,0.950290441288282
xes3g5m,temporal,0,282,1599,0.1134147937625811,4.672828834461906,0.1226415094339622,2.0,99.0,0.996138938580799
xes3g5m,temporal,0,284,1281,0.2520399959421103,6.994849985833071,0.2009174311926606,6.0,802.0,0.2990908352950726
xes3g5m,temporal,0,285,3215,0.3708359760692231,7.965892735084528,0.165625,2.0,2878.0,0.544210722263589
xes3g5m,temporal,0,286,298,0.1131090411268728,6.163314804034641,0.1181434599156118,2.0,417.0,0.4631078194779617
xes3g5m,temporal,0,287,1530,0.2013638749572577,7.533693709848633,0.2493311931514178,5.0,822.0,0.2631578947368421
xes3g5m,temporal,0,289,594,0.2195586910603022,6.336825731146441,0.1790780141843971,2.0,389.0,0.4971747805267358
xes3g5m,temporal,0,29,5,0.1000147819519043,8.65259782842244,0.2037037037037037,22.0,1990.0,0.5644498453380469
xes3g5m,temporal,0,290,2195,0.085846486360388,5.501258210544727,0.0368852459016393,1.0,243.0,0.5094718470672669
xes3g5m,temporal,0,291,3623,0.3450789002488056,7.1049654482698426,0.2300739523418241,6.0,418.0,0.4660550458715596
xes3g5m,temporal,0,294,5056,0.3414349353449552,5.493061443340548,0.4504132231404959,3.0,148.0,0.9211167069008576
xes3g5m,temporal,0,296,3529,0.0294982490352393,5.4510384535657,0.3275862068965517,1.0,229.0,0.5849484144566112
xes3g5m,temporal,0,299,3192,0.2163343788165797,6.293419278846481,0.2185185185185185,5.0,504.0,0.7637539281421517
xes3g5m,temporal,0,300,5133,0.1679434148148209,4.941642422609304,0.4100719424460431,3.0,132.0,0.3923705722070845
xes3g5m,temporal,0,301,15771,0.200825648980636,7.898039690764619,0.3381642512077294,20.0,2002.0,0.4066496163682864
xes3g5m,temporal,0,302,1,0.39016854763031,7.554334823725748,0.1954926624737946,5.0,1850.0,0.4769365462338006
xes3g5m,temporal,0,303,4081,0.2630583914460535,9.118225083068378,0.3940125013707644,4.0,7027.0,0.4420600858369098
xes3g5m,temporal,0,304,1,0.0004406571388243,8.516192691082654,0.2248698438125751,3.0,4512.0,0.4653214616096207
xes3g5m,temporal,0,307,20,0.3344370134174824,9.712992685053011,0.1950998185117967,13.0,7900.0,0.505555727028612
xes3g5m,temporal,0,31,3,0.0003682772318521,8.91811465947453,0.1425318151373074,14.0,4608.0,0.4967741935483871
xes3g5m,temporal,0,311,1,0.5,9.352707613263105,0.2276867030965391,18.0,4424.0,0.6901408450704225
xes3g5m,temporal,0,313,5,0.4872041523456574,9.676649685633649,0.3289836888331242,26.0,4791.0,0.3908568443051202
xes3g5m,temporal,0,315,5,4.993677139286668e-05,7.489970898834801,0.2448295136948015,3.0,1777.0,0.4877049180327868
xes3g5m,temporal,0,318,2,0.6965470910072327,7.350516171833998,0.2956298200514139,2.0,1446.0,0.5109413905382111
xes3g5m,temporal,0,32,110,0.2487931614572351,10.738785125200751,0.1919798737773537,58.0,6894.0,0.6473354231974922
xes3g5m,temporal,0,320,1,0.7029184997081757,7.685703061234547,0.4315257352941176,14.0,1784.0,0.6168730076358515
xes3g5m,temporal,0,321,1,9.999999994736443e-08,7.313220387090301,0.4182788525683789,12.0,1195.0,0.6422413793103449
xes3g5m,temporal,0,323,5,0.2833531206835687,7.641564441260972,0.1176753121998078,2.0,2082.0,0.6390650635453143
xes3g5m,temporal,0,324,6,0.6441056691110134,7.705262474866325,0.1122127084272194,3.0,2218.0,0.6255924170616114
xes3g5m,temporal,0,325,5,0.5416036173701286,8.216088098632316,0.4336307110029738,12.0,2064.0,0.6915254237288135
xes3g5m,temporal,0,326,5907,0.104837228006855,6.997595982981927,0.2296431838975297,7.0,825.0,0.4026402640264026
xes3g5m,temporal,0,327,1496,0.1440969372454664,8.010027528481734,0.1305647840531562,17.0,2171.0,0.6490500383689238
xes3g5m,temporal,0,328,1,0.9818458557128906,5.181783550292085,0.5310734463276836,1.0,177.0,0.7012578616352201
xes3g5m,temporal,0,329,15,0.213453847321216,9.101083386039234,0.2070504239178937,13.0,5409.0,0.7591623036649214
xes3g5m,temporal,0,33,142,0.2484129549882991,10.735874800187576,0.2049592169657422,67.0,6931.0,0.6217616580310881
xes3g5m,temporal,0,330,40,0.2395849167951382,10.094438436028137,0.2079976866195728,28.0,8586.0,0.7675
xes3g5m,temporal,0,332,13,0.2697949955763761,7.98139158158007,0.2249572649572649,7.0,2897.0,0.750561797752809
xes3g5m,temporal,0,334,3,0.2522054796572774,7.945909598613133,0.5667729365922778,3.0,2626.0,0.7967032967032966
xes3g5m,temporal,0,335,42,0.2439714777061627,10.176715668017758,0.2345242171745996,33.0,10720.0,0.8057553956834532
xes3g5m,temporal,0,336,331,0.2719888235240781,10.366655370772582,0.2277146722884742,55.0,10756.0,0.8657407407407407
xes3g5m,temporal,0,337,24,0.2714738493474821,8.892611378172106,0.3435481654527964,4.0,6188.0,0.8979591836734694
xes3g5m,temporal,0,338,1083,0.3016682895383239,7.497207223203318,0.5133185349611542,2.0,1802.0,0.8389159747863161
xes3g5m,temporal,0,339,93,0.3368978837959316,8.58783803098557,0.2093196644920782,12.0,4386.0,0.8678414096916299
xes3g5m,temporal,0,34,298,0.1210496790907126,11.201155596989356,0.1695167590897915,63.0,16159.0,0.5187053624442295
xes3g5m,temporal,0,340,11,0.1630020116201856,9.0413298292419,0.0738986262434865,12.0,3520.0,0.8817684630344433
xes3g5m,temporal,0,341,3,0.6634138226509094,8.068716192714781,0.0657894736842105,1.0,2543.0,0.8620203982515784
xes3g5m,temporal,0,342,3,0.0087793446916977,8.068716192714781,0.0657894736842105,1.0,2543.0,0.8660841473341474
xes3g5m,temporal,0,343,5,0.1552131984732113,8.92903790648844,0.2541407181661587,6.0,2636.0,0.8636363636363636
xes3g5m,temporal,0,344,6,0.1014658162991205,7.193685818395112,0.0796992481203007,2.0,1314.0,0.9038838612368024
xes3g5m,temporal,0,348,2,0.965980809283792,5.493061443340548,0.2892561983471075,7.0,219.0,0.9762842144731908
xes3g5m,temporal,0,349,305,0.2136136894343329,8.10258642539079,0.1508176862507571,20.0,1243.0,0.9290490010045764
xes3g5m,temporal,0,35,67,0.0782132629694334,9.7721252343393,0.1988367451673603,18.0,5506.0,0.5936739659367397
xes3g5m,temporal,0,350,3,0.0025339523951212,6.665683717782408,0.1823979591836735,2.0,782.0,0.9263064450855734
xes3g5m,temporal,0,351,12,0.3572957649206122,6.841615476477592,0.0930481283422459,2.0,737.0,0.9533333333333334
xes3g5m,temporal,0,352,11660,0.2000701541197949,7.710205194432532,0.2551569506726457,10.0,1946.0,0.4418785310734463
xes3g5m,temporal,0,353,461,0.5828593514390984,1.0986122886681098,0.0,1.0,2.0,0.4941330279194399
xes3g5m,temporal,0,357,1965,0.2094949981559077,7.199678345691172,0.3393124065769806,2.0,1326.0,0.2558922558922559
xes3g5m,temporal,0,359,21046,0.2676249300999298,8.215276958936633,0.0727813852813853,10.0,3596.0,0.6178892876051532
xes3g5m,temporal,0,36,519,0.2734266838851978,9.730561717382535,0.1959222493015514,23.0,9262.0,0.5875
xes3g5m,temporal,0,360,7154,0.1386341795116508,4.02535169073515,0.0909090909090909,1.0,55.0,0.2681159420289855
xes3g5m,temporal,0,361,9435,0.168446100462517,5.407171771460119,0.1081081081081081,2.0,221.0,0.9389009749874708
xes3g5m,temporal,0,362,12797,0.0548422969547911,0.6931471805599453,0.0,1.0,1.0,0.2352941176470588
xes3g5m,temporal,0,363,14966,0.3799298188596242,6.78105762593618,0.1624999999999999,3.0,878.0,0.3915856304749658
xes3g5m,temporal,0,364,616,0.1860997738744832,6.669498089857879,0.181702668360864,1.0,787.0,0.4010416666666667
xes3g5m,temporal,0,365,207,0.3415196074784737,9.402694764470512,0.1566831683168317,6.0,4787.0,0.3150256106155142
xes3g5m,temporal,0,366,4225,0.0570258099608702,8.56216655705897,0.0149168100975329,3.0,4591.0,0.3140495867768595
xes3g5m,temporal,0,367,3,0.8583310445149739,9.124455632819013,0.3396904969485614,12.0,7491.0,0.4106416957026713
xes3g5m,temporal,0,368,11,0.4281267836390312,8.214735833382303,0.3502977801840823,16.0,2886.0,0.7116759616759616
xes3g5m,temporal,0,369,7,2.029577442282524e-07,7.77485576666552,0.462379150903741,2.0,2379.0,0.7234726688102894
xes3g5m,temporal,0,37,2,0.0203631818294524,9.741556685389908,0.195131988947028,24.0,5629.0,0.6215538847117794
xes3g5m,temporal,0,370,13,0.4018842910344784,7.557994958530806,0.1342036553524804,4.0,1914.0,0.6692913385826772
xes3g5m,temporal,0,371,4,0.4508434981107712,8.627302414096267,0.2804156961118079,2.0,4447.0,0.7890909090909091
xes3g5m,temporal,0,372,6,0.2018367720205181,7.910590612256477,0.190091743119266,9.0,2193.0,0.6132930513595166
xes3g5m,temporal,0,373,9,0.0132539701492835,8.664923303440572,0.1979292493528904,9.0,5281.0,0.5872093023255814
xes3g5m,temporal,0,374,14,0.3427444515483721,9.0940312495758,0.3153578249634873,14.0,6239.0,0.3436018957345971
xes3g5m,temporal,0,375,5,0.1268013596534729,7.508787170634276,0.0756993965990125,1.0,1823.0,0.8371428571428572
xes3g5m,temporal,0,376,5,0.0002270376658998,8.425516402844334,0.0725718044288533,5.0,3153.0,0.8954081632653061
xes3g5m,temporal,0,377,1,0.0050947666168211,7.825644732219989,0.1206552137435077,2.0,2503.0,0.9007352941176472
xes3g5m,temporal,0,378,54,0.1700301653257123,8.473241303887054,0.1596989966555183,8.0,2615.0,0.8803418803418803
xes3g5m,temporal,0,379,40,0.2040497451002011,10.051864453277146,0.1262177773946029,15.0,4717.0,0.9446529675220416
xes3g5m,temporal,0,38,386,0.142781121974782,9.337149218839878,0.1470355034798696,25.0,5354.0,0.5748031496062992
xes3g5m,temporal,0,380,4,0.3067585993558168,7.517520850603031,0.5171288743882545,6.0,1458.0,0.9175257731958762
xes3g5m,temporal,0,381,9,0.2165005803108216,7.365180126021013,0.1000633312222926,8.0,1181.0,0.8926829268292683
xes3g5m,temporal,0,382,10,0.3507866587722673,7.368339686311381,0.3213383838383838,16.0,1004.0,0.9361073272990372
xes3g5m,temporal,0,383,5,0.0003776537249883,5.849324779946859,0.0404624277456647,3.0,346.0,0.9275416666666668
xes3g5m,temporal,0,384,5,0.0488024592399597,6.1779441140506,0.0187110187110186,1.0,481.0,0.934156378600823
xes3g5m,temporal,0,385,3,2.7175191252837294e-07,6.3473892096560105,0.1403508771929824,2.0,540.0,0.5076854024599587
xes3g5m,temporal,0,386,127,0.2490843392048929,6.478509642208569,0.1538461538461538,1.0,635.0,0.9228644283892904
xes3g5m,temporal,0,388,4397,0.5464129033665885,5.831882477283517,0.6529411764705882,4.0,101.0,0.5959935897435897
xes3g5m,temporal,0,389,6462,0.1644101871994875,8.360539381370861,0.2491810949929808,12.0,1819.0,0.3201804363113975
xes3g5m,temporal,0,39,1296,0.1589351005497272,9.444858981311896,0.2079576016453093,26.0,6141.0,0.5777114549782945
xes3g5m,temporal,0,390,7391,0.0383623015004037,0.6931471805599453,0.0,1.0,1.0,0.4236641221374045
xes3g5m,temporal,0,392,10413,0.1341725366352796,4.90527477843843,0.3731343283582089,2.0,134.0,0.4992211838006231
xes3g5m,temporal,0,398,408,0.3682753147290259,6.51471269087253,0.158753709198813,2.0,674.0,0.3894325958408079
xes3g5m,temporal,0,40,4,0.0138899832963942,8.983941527941301,0.2345415778251599,13.0,4066.0,0.6600790513833992
xes3g5m,temporal,0,401,2,0.499933660030365,9.026177120302856,0.279908620896958,13.0,4537.0,0.3554817275747508
xes3g5m,temporal,0,404,75,0.3498564296836654,7.368339686311381,0.2039141414141414,9.0,1398.0,0.6903104083374512
xes3g5m,temporal,0,405,1,7.534027099598273e-05,8.254788926148725,0.1276983094928478,7.0,1694.0,0.6846307385229541
xes3g5m,temporal,0,406,1,2.264976501464844e-05,7.0587581525186645,0.0628227194492254,1.0,1162.0,0.8673062470283286
xes3g5m,temporal,0,407,1,0.9021371603012084,8.61558951327243,0.3594996374184191,10.0,3954.0,0.8218900781986578
xes3g5m,temporal,0,408,998,0.337688722284315,8.784162222270476,0.4964006739163731,7.0,3290.0,0.9164420485175202
xes3g5m,temporal,0,409,6225,0.2790312424822272,5.634789603169249,0.1218637992831541,2.0,279.0,0.8085642317380353
xes3g5m,temporal,0,41,52,0.1729481352309589,10.079413702241222,0.2381531493751573,58.0,7799.0,0.8125
xes3g5m,temporal,0,411,4869,0.136357492083833,5.638354669333745,0.2357142857142857,1.0,280.0,0.5224448331185397
xes3g5m,temporal,0,412,4870,0.1505189262103003,5.488937726156687,0.0290456431535269,2.0,240.0,0.8840970350404312
xes3g5m,temporal,0,413,1542,0.2143889468320181,8.635687085464026,0.271499644633973,19.0,3507.0,0.5410686881292477
xes3g5m,temporal,0,415,2,8.021824722281856e-05,4.997212273764115,0.3605442176870748,5.0,99.0,0.3883677298311445
xes3g5m,temporal,0,418,27,0.1266175279505613,6.104793232414985,0.2751677852348994,3.0,345.0,0.5220338983050847
xes3g5m,temporal,0,42,2,0.0030065178871154,8.213381737034572,0.1558687991325562,9.0,2401.0,0.7454545454545455
xes3g5m,temporal,0,422,4657,0.250471331665989,6.880384082186005,0.3940329218106996,6.0,417.0,0.5156219512195122
xes3g5m,temporal,0,424,4,0.2597298622131347,8.29254851397576,0.1352366641622839,24.0,454.0,0.5294117647058824
xes3g5m,temporal,0,425,2,0.1181593835353851,8.50086053679534,0.19215128100854,34.0,462.0,0.5232258451210741
xes3g5m,temporal,0,426,2,0.0005739331245422,6.175867270105761,0.1604166666666666,6.0,282.0,0.574839786832164
xes3g5m,temporal,0,427,425,0.3219057069919073,6.880384082186005,0.1944444444444444,5.0,970.0,0.543826633555797
xes3g5m,temporal,0,43,26,0.1834537570293133,8.944158830970403,0.2464108587836074,21.0,4994.0,0.8775957567103965
xes3g5m,temporal,0,431,33,0.1044611696040992,8.477620416296414,0.1812695109261186,25.0,1240.0,0.8328173374613003
xes3g5m,temporal,0,435,2,0.1838871240615844,8.055157731819678,0.1644966656081296,11.0,1502.0,0.7353535353535353
xes3g5m,temporal,0,436,860,0.1955486242607564,5.579729825986222,0.1666666666666666,3.0,222.0,0.6072122353880194
xes3g5m,temporal,0,438,2,2.884185790197336e-07,6.464588303689961,0.1965678627145085,6.0,289.0,0.8295625942684767
xes3g5m,temporal,0,439,2,9.999999994736443e-08,6.464588303689961,0.1965678627145085,6.0,289.0,0.8310708898944194
xes3g5m,temporal,0,44,3,0.2495717008908589,8.719644119505357,0.2694004247671949,12.0,5027.0,0.7319347319347319
xes3g5m,temporal,0,447,54,0.0460858720320242,8.193123721512068,0.0467496542185338,8.0,1021.0,0.915
xes3g5m,temporal,0,448,1897,0.083101280353028,9.118005760773388,0.175825381156082,25.0,2957.0,0.9160997732426304
xes3g5m,temporal,0,450,2,0.3186233583837747,6.234410725718371,0.1159135559921414,10.0,331.0,0.961783439490446
xes3g5m,temporal,0,457,25,0.4662809783965349,5.262690188904886,0.0885416666666666,4.0,191.0,0.8300834904389981
xes3g5m,temporal,0,46,1,0.988913357257843,9.438988743924838,0.3258274984086569,24.0,5536.0,0.6718035271035119
xes3g5m,temporal,0,462,537,0.2813220673179052,8.443546651247939,0.4000861326442722,7.0,2918.0,0.8878611604183152
xes3g5m,temporal,0,465,1,0.9760599732398988,7.179307969504034,0.1022120518688024,1.0,1308.0,0.5263157894736842
xes3g5m,temporal,0,466,73,0.3961135385572512,8.201934351194222,0.3224568138195777,6.0,3386.0,0.4511784511784512
xes3g5m,temporal,0,468,93,0.2712543340404869,9.58726882194216,0.2211703368319956,18.0,8949.0,0.8729016786570744
xes3g5m,temporal,0,47,2,0.0049800880660767,8.167919362957816,0.1721985815602836,6.0,2172.0,0.7673611111111112
xes3g5m,temporal,0,471,816,0.2677881968387552,9.473319831787592,0.1257015453217498,7.0,7659.0,0.8149779735682819
xes3g5m,temporal,0,472,1,1.156850203187787e-06,6.728628613084702,0.0359281437125748,1.0,834.0,0.8706293706293706
xes3g5m,temporal,0,473,3,0.0851263403892517,7.265429723253953,0.0825752274317704,2.0,1335.0,0.8704883227176221
xes3g5m,temporal,0,474,1,2.622604370006165e-06,7.149131598557407,0.0778301886792453,1.0,1234.0,0.8623783173149056
xes3g5m,temporal,0,478,51,0.5488367837930556,8.576405051048084,0.3448340874811463,12.0,2274.0,0.363207258356294
xes3g5m,temporal,0,480,6091,0.3331946019252327,8.031385330625534,0.2617886178861789,6.0,1447.0,0.8207171314741036
xes3g5m,temporal,0,482,266,0.3416717506560437,4.77912349311153,0.1271186440677966,3.0,118.0,0.8959147726066934
xes3g5m,temporal,0,489,4,0.6990036144852638,8.130353547431238,0.1007363770250368,4.0,2217.0,0.6602564102564102
xes3g5m,temporal,0,490,3,0.0655032481297174,6.854354502255021,0.1319957761351636,1.0,947.0,0.7614035087719299
xes3g5m,temporal,0,491,2,0.0532632419563014,7.540090320145325,0.2950558213716108,4.0,1879.0,0.775175644028103
xes3g5m,temporal,0,499,4,0.7088285473923861,7.227662498728654,0.1845930232558139,2.0,1374.0,0.9845718683550732
xes3g5m,temporal,0,5,16133,0.1875173747691235,9.24116051431607,0.1471101629169898,14.0,6642.0,0.4005272151371176
xes3g5m,temporal,0,500,2,1.132488250732422e-06,6.716594773520978,0.0969696969696969,4.0,824.0,0.551948051948052
xes3g5m,temporal,0,502,1174,0.333802975406308,7.028201432058005,0.3842058562555457,2.0,994.0,0.3306613226452906
xes3g5m,temporal,0,505,1844,0.105658795195459,3.091042453358316,0.0476190476190476,2.0,21.0,0.4525547445255474
xes3g5m,temporal,0,508,39,0.2115726264623494,7.675546002537848,0.1792014856081708,5.0,1317.0,0.5822784810126582
xes3g5m,temporal,0,510,18,0.1802141243566034,6.782192056006791,0.2440408626560726,6.0,696.0,0.5767195767195767
xes3g5m,temporal,0,513,11,0.2308911979198455,7.106606137727303,0.162428219852338,5.0,826.0,0.8280254777070064
xes3g5m,temporal,0,514,1,0.019358130171895,6.206575926724928,0.3595959595959596,3.0,479.0,0.8036253776435045
xes3g5m,temporal,0,517,328,0.1413483369233757,4.812184355372417,0.0163934426229508,2.0,104.0,0.933605784082086
xes3g5m,temporal,0,518,5,0.0002727112498475,6.739336627357174,0.0663507109004739,4.0,685.0,0.8919258454434333
xes3g5m,temporal,0,519,770,0.3074910327843234,4.430816798843313,0.3132530120481928,1.0,83.0,0.9550561797752808
xes3g5m,temporal,0,52,2,0.0286440541967748,7.587310506022615,0.3640973630831643,11.0,1749.0,0.6958902672899436
xes3g5m,temporal,0,520,2,6.860494613647461e-05,4.77912349311153,0.0254237288135593,4.0,103.0,0.9531959378733572
xes3g5m,temporal,0,521,2,0.2243815958499908,6.272877006546167,0.3100189035916824,13.0,376.0,0.3101503759398496
xes3g5m,temporal,0,522,398,0.3836578707875422,5.645446897643238,0.1170212765957446,2.0,282.0,0.4581865163260512
xes3g5m,temporal,0,523,2,0.9929552376270294,4.867534450455582,0.1782945736434108,4.0,128.0,0.3395585738539898
xes3g5m,temporal,0,524,2,0.0036559402942657,4.61512051684126,0.3299999999999999,3.0,95.0,0.9421994766459024
xes3g5m,temporal,0,525,2,0.0004842579364776,1.0986122886681098,0.0,1.0,2.0,0.9855938520060658
xes3g5m,temporal,0,529,556,0.3583931177823196,5.3706380281276624,0.2149532710280374,5.0,189.0,0.5934615790306419
xes3g5m,temporal,0,53,1,0.0548432506620883,6.874198495453294,0.2743271221532091,3.0,870.0,0.7225320715036803
xes3g5m,temporal,0,530,1,0.9503103494644164,7.123672785204607,0.2379032258064516,2.0,1234.0,0.797752808988764
xes3g5m,temporal,0,531,1,9.999999994736443e-08,6.115892125483034,0.3163716814159292,1.0,451.0,0.904590767897132
xes3g5m,temporal,0,534,1,5.006790161243835e-06,5.958424693029782,0.0647668393782383,4.0,250.0,0.832460517657381
xes3g5m,temporal,0,536,2,0.1047692000865936,7.75491027202143,0.1337907375643224,8.0,478.0,0.5034325661770482
xes3g5m,temporal,0,537,2,0.1102460324764251,5.375278407684165,0.0744186046511627,1.0,165.0,0.9151193633952256
xes3g5m,temporal,0,540,13,0.6062330832848182,4.844187086458591,0.1746031746031746,5.0,102.0,0.9078206946597618
xes3g5m,temporal,0,541,99,0.3470185932766815,4.700480365792417,0.110091743119266,5.0,84.0,0.909456740442656
xes3g5m,temporal,0,542,2,1.788139343261719e-07,4.553876891600541,0.074468085106383,2.0,93.0,0.9530515282131662
xes3g5m,temporal,0,543,2,0.4928292874246837,5.602118820879701,0.1185185185185184,1.0,264.0,0.9282466880770774
xes3g5m,temporal,0,544,1,0.0010420083999633,4.787491742782046,0.1932773109243697,2.0,119.0,0.9483870967741936
xes3g5m,temporal,0,545,2,0.4988555312156677,6.746412128573375,0.2035294117647058,6.0,382.0,0.8166383701188455
xes3g5m,temporal,0,546,1,0.0055456757545472,8.893298144217916,0.335484756934908,10.0,3548.0,0.6354340858416945
xes3g5m,temporal,0,548,1,0.1134709119796752,4.174387269895637,0.171875,4.0,44.0,0.9645780506250278
xes3g5m,temporal,0,549,2,0.4965940117835998,4.143134726391533,0.0161290322580645,3.0,34.0,0.9633422835954482
xes3g5m,temporal,0,55,122,0.1736755046621775,11.689145109572715,0.1952561017531797,104.0,16622.0,0.5577689243027888
xes3g5m,temporal,0,554,201,0.1518070364396426,3.713572066704308,0.0999999999999999,2.0,20.0,0.3243889843280672
xes3g5m,temporal,0,56,155,0.1965369593427186,11.108754519072775,0.1971476510067114,85.0,14243.0,0.8972972972972973
xes3g5m,temporal,0,566,1,0.0451108217239379,5.8664680569332965,0.0767045454545454,3.0,352.0,0.5978402599552943
xes3g5m,temporal,0,567,2,0.4710478484630586,5.961005339623274,0.152454780361757,2.0,386.0,0.6911519198664441
xes3g5m,temporal,0,568,7,0.4192229945744787,5.645446897643238,0.0496453900709219,3.0,273.0,0.6276690705532302
xes3g5m,temporal,0,569,1,0.0002895661455113,5.934894195619588,0.2042440318302387,2.0,376.0,0.5867346938775511
xes3g5m,temporal,0,57,912,0.163645992466594,11.343855713852022,0.24400786319928,119.0,15171.0,0.7593688362919132
xes3g5m,temporal,0,570,1,0.0282886940985918,5.062595033026967,0.0636942675159235,1.0,157.0,0.671003717472119
xes3g5m,temporal,0,573,2,0.2501366436481476,3.295836866004329,0.0,2.0,16.0,0.9557669860745406
xes3g5m,temporal,0,574,2,0.1165382266044616,4.844187086458591,0.0952380952380952,2.0,126.0,0.9408512205387204
xes3g5m,temporal,0,575,1,0.993844509124756,2.9444389791664403,0.1666666666666666,1.0,18.0,0.966295213737669
xes3g5m,temporal,0,58,26,0.311439361423254,10.143684858416163,0.1902945455975461,20.0,12458.0,0.876
xes3g5m,temporal,0,580,18,0.4952641331102415,6.329720905522696,0.25,4.0,322.0,0.5777018978797744
xes3g5m,temporal,0,581,1,0.5840388834476471,6.714170529909472,0.3912515188335358,4.0,373.0,0.5963963963963964
xes3g5m,temporal,0,585,2,0.3951531946659088,6.92461239604856,0.2421259842519685,3.0,1004.0,0.486277160791888
xes3g5m,temporal,0,59,16,0.0852230343734845,9.407960966059306,0.1787590282337492,35.0,6998.0,0.852549332388042
xes3g5m,temporal,0,597,3,0.203519932925701,5.337538079701318,0.1111111111111111,1.0,205.0,0.5105973025048169
xes3g5m,temporal,0,6,16309,0.1526381427625532,10.265523102716957,0.2430719955437961,39.0,8573.0,0.4418604651162791
xes3g5m,temporal,0,60,6,0.0172026423386891,7.878912912297133,0.0731060606060606,7.0,2518.0,0.8413322650971813
xes3g5m,temporal,0,600,2,0.1031713485717773,4.736198448394496,0.0619469026548672,1.0,112.0,0.9750778816199376
xes3g5m,temporal,0,601,4,0.0017336010932922,4.804021044733257,0.049586776859504,1.0,120.0,0.9432048681541582
xes3g5m,temporal,0,609,3,7.09865879465906e-07,4.990432586778736,0.3493150684931506,3.0,145.0,0.9596747967479676
xes3g5m,temporal,0,61,145,0.2879869275565805,9.169205828617628,0.2332221759066277,28.0,6633.0,0.8527472527472527
xes3g5m,temporal,0,612,1,2.86102294921875e-06,5.8888779583328805,0.0638888888888888,6.0,195.0,0.9636363636363636
xes3g5m,temporal,0,618,1,0.9640127085149288,6.478509642208569,0.1738461538461538,1.0,647.0,0.40816025422767
xes3g5m,temporal,0,619,1,0.0008718371391296,5.937536205082426,0.0555555555555555,3.0,374.0,0.6690783964831484
xes3g5m,temporal,0,62,8,0.3671304360032081,10.042031361984186,0.1774411214139567,29.0,11658.0,0.5062972292191436
xes3g5m,temporal,0,620,1,0.9980364115908742,5.0238805208462765,0.5496688741721854,1.0,151.0,0.7457142857142857
xes3g5m,temporal,0,623,2,0.1784110516309738,6.061456918928017,0.2289719626168224,1.0,426.0,0.9603958843089276
xes3g5m,temporal,0,624,3,9.999999994736443e-08,6.939253946041508,0.1687681862269641,3.0,544.0,0.8260869565217391
xes3g5m,temporal,0,625,1,0.6121087074279785,7.037905963447182,0.1687170474516696,4.0,889.0,0.7800892941958772
xes3g5m,temporal,0,626,95,0.4329336543353029,6.476972362889683,0.3312788906009245,6.0,530.0,0.8861386138613861
xes3g5m,temporal,0,628,1,0.8045743703842163,5.723585101952381,0.4,1.0,283.0,0.3254901960784314
xes3g5m,temporal,0,63,18,0.2383634771621371,8.835937789319836,0.0958406050029087,8.0,6059.0,0.9172932330827068
xes3g5m,temporal,0,636,2,0.0463102459907531,5.942799375126701,0.0368421052631579,2.0,213.0,0.8471569870026592
xes3g5m,temporal,0,637,1,0.0024975568521767,5.796057750765372,0.0914634146341463,5.0,326.0,0.828359832305015
xes3g5m,temporal,0,638,1,1.4662742614746094e-05,5.488937726156687,0.0290456431535269,2.0,240.0,0.8867924528301887
xes3g5m,temporal,0,64,3386,0.1721245925529704,10.248565510629197,0.1109379979462483,29.0,5565.0,0.9360902255639098
xes3g5m,temporal,0,644,2,0.0113905966281891,7.6093665379542115,0.2916666666666666,3.0,984.0,0.5152132321175091
xes3g5m,temporal,0,646,5,0.3967112184000144,6.863803391452954,0.1851464435146443,3.0,952.0,0.6984393021914648
xes3g5m,temporal,0,65,11,0.4383333657275547,10.68423343757514,0.1988960399441148,66.0,12201.0,0.7438524590163934
xes3g5m,temporal,0,652,1,0.0001527070999145,5.459585514144159,0.047008547008547,1.0,221.0,0.9126050420168068
xes3g5m,temporal,0,653,1,0.0055318637751042,6.102558594613569,0.42152466367713,2.0,325.0,0.5074254785900922
xes3g5m,temporal,0,654,1,0.0048562288284301,6.0473721790462776,0.1706161137440758,3.0,258.0,0.9525433198046124
xes3g5m,temporal,0,656,3,0.3185091167688369,6.476972362889683,0.1571648690292758,2.0,591.0,0.9057971014492754
xes3g5m,temporal,0,66,15117,0.2917220332401774,9.002331708246244,0.2204162049008743,8.0,6196.0,0.3716632443531827
xes3g5m,temporal,0,67,52,0.2733863141172781,9.764110536067486,0.1929643041903777,55.0,6424.0,0.7987261146496816
xes3g5m,temporal,0,678,2,0.0173593759536743,4.61512051684126,0.16,1.0,100.0,0.8920772294192965
xes3g5m,temporal,0,68,618,0.3478453245247021,9.18604767940714,0.0170099395429859,13.0,3481.0,0.6752136752136753
xes3g5m,temporal,0,680,1,0.0174960494041443,5.998936561946683,0.0746268656716417,1.0,402.0,0.5396459763551656
xes3g5m,temporal,0,69,6,0.0943514120896604,9.432523462195268,0.2147833747096981,28.0,4917.0,0.8350253807106599
xes3g5m,temporal,0,695,1,0.8349684476852417,6.343880434126331,0.2253521126760563,3.0,307.0,0.7015446628221725
xes3g5m,temporal,0,696,2,0.0541283190250396,6.726233402358747,0.0996398559423769,4.0,325.0,0.7153153153153153
xes3g5m,temporal,0,7,9439,0.1658726135831304,8.948066103458935,0.250260010400416,12.0,5425.0,0.4473376063108591
xes3g5m,temporal,0,70,1,2.145767212025085e-06,5.613128106388071,0.0256410256410256,1.0,273.0,0.9153094462540716
xes3g5m,temporal,0,702,1,0.0054945349693298,5.840641657373398,0.5714285714285714,2.0,342.0,0.4669260700389105
xes3g5m,temporal,0,703,1,0.0001332759857177,5.627621113690637,0.1371841155234656,1.0,277.0,0.7892857142857143
xes3g5m,temporal,0,718,32,0.0247073546051979,1.0986122886681098,0.0,1.0,2.0,0.470431449456231
xes3g5m,temporal,0,719,1,0.0117246881127357,4.983606621708336,0.0620689655172413,2.0,145.0,0.8741496598639455
xes3g5m,temporal,0,72,15,0.0511140977580604,8.480529207044645,0.1556339489520647,8.0,4013.0,0.847682119205298
xes3g5m,temporal,0,721,1,0.0747318267822265,5.58724865840025,0.2706766917293233,1.0,266.0,0.7900025601638505
xes3g5m,temporal,0,73,37290,0.1154659207863688,10.200884779674478,0.2197504270964866,65.0,7625.0,0.7766323024054983
xes3g5m,temporal,0,730,18,0.685362608775323,3.737669618283368,0.7560975609756098,1.0,41.0,0.35
xes3g5m,temporal,0,74,18,0.4423350516459929,8.9082888855571,0.4343885281385281,8.0,6786.0,0.7866666666666666
xes3g5m,temporal,0,750,1,4.623599670594558e-05,4.290459441148391,0.6666666666666667,1.0,71.0,0.9596511771231356
xes3g5m,temporal,0,76,51,0.282261498272419,10.207952993022255,0.1349338053619501,19.0,10104.0,0.8178913738019169
xes3g5m,temporal,0,77,36,0.2231475127240021,10.1665054494932,0.183310270602706,24.0,9701.0,0.8070413806254767
xes3g5m,temporal,0,78,215,0.1434601418273307,11.667387524885104,0.1947610152353858,140.0,12444.0,0.901840490797546
xes3g5m,temporal,0,780,84,0.3006078998247782,1.0986122886681098,0.0,1.0,2.0,0.7655672856144554
xes3g5m,temporal,0,79,4,0.1784755811095237,7.142827401161621,0.1629746835443037,8.0,925.0,0.8935677023102819
xes3g5m,temporal,0,8,474,0.0141438575049459,8.745602852402946,0.1483603947787328,12.0,5513.0,0.4578533915883313
xes3g5m,temporal,0,80,11,0.0224778868935324,7.985824666418917,0.1575901974132062,11.0,1936.0,0.8894354499087549
xes3g5m,temporal,0,81,1042,0.2060596916760032,10.946604749159658,0.1809901338971106,52.0,12074.0,0.8674698795180723
xes3g5m,temporal,0,82,52,0.611520642020668,8.560061091643414,0.1960521272518206,39.0,1823.0,0.8362544870500882
xes3g5m,temporal,0,83,12,0.3553597796708345,8.373322820996535,0.31000231000231,19.0,1510.0,0.7464539007092199
xes3g5m,temporal,0,84,5,0.3709428057074547,7.152268856032539,0.20141065830721,6.0,911.0,0.755503632540015
xes3g5m,temporal,0,85,2,0.1307766884565352,7.418180822726788,0.3453453453453453,10.0,775.0,0.9095022624434388
xes3g5m,temporal,0,850,8,0.2018494307994842,0.6931471805599453,0.0,1.0,1.0,1.0
xes3g5m,temporal,0,86,14,0.5147630936865295,8.802672840312818,0.2504886483235603,29.0,1659.0,0.878698224852071
xes3g5m,temporal,0,87,8417,0.2745880645147537,6.8690144506657065,0.2684703433922997,1.0,952.0,0.9232769830949284
xes3g5m,temporal,0,88,37017,0.1047005101463298,8.453401058328458,0.22409381663113,18.0,1505.0,0.9377835124291848
xes3g5m,temporal,0,9,5993,0.3302694702680578,10.26646260902334,0.1500817362874335,48.0,12301.0,0.413135593220339
xes3g5m,temporal,0,91,32930,0.2187430743593778,7.427144133408616,0.1904761904761904,4.0,1307.0,0.9431356245380637
xes3g5m,temporal,0,92,227,0.1665801722158899,7.829232537543592,0.1759554140127388,17.0,1409.0,0.9462275232673716
xes3g5m,temporal,0,93,114,0.0530459067822014,7.298445101508147,0.1272850372376438,6.0,960.0,0.9428571428571428
xes3g5m,temporal,0,94,31,0.0658052669417473,6.423246963533519,0.0439024390243902,2.0,615.0,0.9461697722567288
xes3g5m,temporal,0,96,356,0.2042511521182005,7.121252453244542,0.0808407437348424,5.0,943.0,0.9622641509433962
xes3g5m,temporal,0,97,457,0.2650681066293369,6.692083742506628,0.0447204968944099,2.0,465.0,0.9530026109660574
xes3g5m,temporal,0,98,47,0.2967148844606128,7.991592282068092,0.276818950930626,12.0,1309.0,0.937984496124031
xes3g5m,temporal,0,99,4435,0.1262966137744797,7.272398392570047,0.2008339124391939,15.0,513.0,0.9837728194726166
