dataset,split_mode,model,bucket,auc_mean,auc_std,acc_mean,acc_std,nll_mean,nll_std,rmse_mean,rmse_std,n_events_sum,n_kcs_first
junyi_bkt_test,learner_based,bkt,medium,0.5,,0.3570057581573896,,23.175861584173216,,0.8018692174180341,,6597,153
junyi_bkt_test,learner_based,bkt,sparse,0.5,,0.40800762631077214,,21.33756792625524,,0.7694104065381673,,9902,726
junyi_bkt_test,learner_based,bkt,very_sparse,0.43974065598779566,,0.40476190476190477,,18.395906125336957,,0.7346308866924529,,1264,360
junyi_bkt_test,temporal,bkt,medium,0.5022026431718062,0.0,0.3468208092485549,0.0,23.544967667979872,0.0,0.8086419072148353,0.0,17340,142
junyi_bkt_test,temporal,bkt,sparse,0.5020182123482305,0.0,0.41660433807030667,0.0,20.977941297066284,0.0,0.7638034183804714,0.0,31767,749
junyi_bkt_test,temporal,bkt,very_sparse,0.5091743119266054,0.0,0.4368421052631579,0.0,20.305564247350812,0.0,0.7521897856819185,0.0,4173,295
